"satisfaction","Customer.Type","Age","Type.of.Travel","Class","Flight.Distance","Seat.comfort","Departure.Arrival.time.convenient","Food.and.drink","Gate.location","Inflight.wifi.service","Inflight.entertainment","Online.support","Ease.of.Online.booking","On.board.service","Leg.room.service","Baggage.handling","Checkin.service","Cleanliness","Online.boarding","Departure.Delay.in.Minutes","Arrival.Delay.in.Minutes","structural_zero_flag","ArrivalDelay.Residual"
"satisfied","Loyal Customer",26,"Personal Travel","Eco",1846,0,1,0,3,3,0,1,3,3,2,4,1,3,3,0,0,TRUE,-0.757464267003349
"satisfied","Loyal Customer",51,"Personal Travel","Eco",986,0,1,0,4,5,0,5,5,1,5,3,1,3,5,2,12,TRUE,9.28483749273174
"satisfied","Loyal Customer",43,"Personal Travel","Eco",2785,0,4,0,3,3,0,3,3,3,3,1,3,5,3,0,0,TRUE,-0.757464267003349
"satisfied","Loyal Customer",66,"Personal Travel","Eco",914,0,4,0,3,5,5,4,5,5,0,5,5,5,4,5,0,TRUE,-5.65170986766561
"satisfied","Loyal Customer",63,"Personal Travel","Eco",2216,0,5,0,2,0,5,5,5,3,5,5,5,4,5,178,163,TRUE,-11.9926076505799
"dissatisfied","Loyal Customer",48,"Personal Travel","Eco Plus",1201,1,0,0,1,5,0,5,5,5,5,4,4,5,5,0,0,TRUE,-0.757464267003349
"dissatisfied","Loyal Customer",59,"Personal Travel","Eco",2804,1,0,1,3,4,1,4,4,4,2,5,3,4,4,0,0,TRUE,-0.757464267003349
"dissatisfied","Loyal Customer",56,"Personal Travel","Eco",1980,1,0,1,3,5,1,5,5,3,5,5,5,4,5,12,9,TRUE,-3.50365370859278
"satisfied","Loyal Customer",67,"Personal Travel","Eco",243,0,2,0,4,2,2,2,2,4,3,3,2,4,2,0,0,TRUE,-0.757464267003349
"dissatisfied","Loyal Customer",66,"Personal Travel","Eco",1190,1,0,3,2,3,3,3,3,5,5,4,5,5,3,0,0,TRUE,-0.757464267003349
"satisfied","Loyal Customer",38,"Personal Travel","Eco",2036,0,4,0,3,2,0,2,2,4,2,5,5,5,2,70,54,TRUE,-15.276902676275
"satisfied","Loyal Customer",38,"Personal Travel","Eco",3906,0,5,0,2,5,0,5,5,5,2,4,3,5,5,0,0,TRUE,-0.757464267003349
"satisfied","Loyal Customer",42,"Personal Travel","Eco",1084,0,5,0,3,2,5,5,3,3,0,1,3,3,3,0,0,TRUE,-0.757464267003349
"dissatisfied","Loyal Customer",19,"Personal Travel","Eco",2007,1,1,1,3,2,1,1,2,2,3,4,1,3,2,0,0,FALSE,-0.757464267003349
"satisfied","Loyal Customer",51,"Personal Travel","Eco",323,4,1,4,4,2,4,2,2,2,1,2,1,3,2,0,0,FALSE,-0.757464267003349
"satisfied","Loyal Customer",49,"Personal Travel","Eco",364,4,4,4,1,5,4,5,3,3,4,3,3,3,4,9,16,FALSE,6.43289365180458
"dissatisfied","Loyal Customer",63,"Personal Travel","Eco",2793,1,2,1,3,1,1,1,1,4,4,3,2,3,1,0,6,FALSE,5.24253573299665
"satisfied","Loyal Customer",70,"Personal Travel","Eco",1181,4,4,4,3,4,4,4,4,3,3,3,4,4,4,0,0,FALSE,-0.757464267003349
"dissatisfied","Loyal Customer",26,"Personal Travel","Eco",2401,1,2,1,3,1,1,1,1,1,1,3,1,3,1,31,24,FALSE,-7.10178699110938
"dissatisfied","Loyal Customer",54,"Personal Travel","Eco Plus",1661,1,2,1,3,1,1,1,1,3,3,2,3,3,1,0,0,FALSE,-0.757464267003349
"dissatisfied","Loyal Customer",11,"Personal Travel","Eco",3085,1,2,1,4,3,1,3,3,4,2,3,2,4,3,0,0,FALSE,-0.757464267003349
"dissatisfied","Loyal Customer",8,"Personal Travel","Eco",1266,1,2,1,4,1,1,1,1,3,1,4,1,3,1,8,23,FALSE,14.411742771937
"dissatisfied","Loyal Customer",62,"Personal Travel","Eco",1295,1,2,1,4,2,1,2,2,1,1,4,3,4,2,9,5,FALSE,-4.56710634819542
"satisfied","Loyal Customer",7,"Personal Travel","Eco",993,4,5,4,5,3,4,3,3,3,4,4,3,4,3,94,89,FALSE,-3.7692815594539
"satisfied","Loyal Customer",18,"Personal Travel","Eco Plus",1516,5,1,5,4,5,5,5,5,2,1,3,4,4,5,0,0,FALSE,-0.757464267003349
"dissatisfied","Loyal Customer",11,"Personal Travel","Business",2208,1,3,1,1,3,1,3,3,3,3,4,1,3,3,8,0,FALSE,-8.58825722806297
"satisfied","Loyal Customer",17,"Personal Travel","Eco",1662,5,4,5,3,3,5,3,3,3,4,3,2,4,3,0,22,FALSE,21.2425357329967
"dissatisfied","Loyal Customer",50,"Personal Travel","Eco",1549,1,3,1,3,3,1,3,3,2,3,3,4,2,3,0,0,FALSE,-0.757464267003349
"satisfied","Loyal Customer",13,"Personal Travel","Eco",2715,0,0,0,1,2,1,2,3,3,3,2,3,3,4,0,3,TRUE,2.24253573299665
"satisfied","Loyal Customer",16,"Personal Travel","Eco",1897,0,0,0,1,3,4,4,2,2,2,2,4,2,5,27,20,TRUE,-7.18639051057957
"dissatisfied","Loyal Customer",70,"Personal Travel","Business",2025,1,4,0,3,0,1,1,3,2,4,3,1,1,1,153,143,TRUE,-7.52137964726861
"dissatisfied","Loyal Customer",58,"Personal Travel","Eco",1302,1,4,0,4,2,0,2,2,3,3,4,2,4,2,2,7,TRUE,4.28483749273174
"satisfied","Loyal Customer",64,"Personal Travel","Eco",1138,0,0,0,2,2,4,4,2,2,2,1,3,2,4,28,14,TRUE,-14.165239630712
"satisfied","Loyal Customer",67,"Personal Travel","Eco",1155,0,0,0,2,4,5,2,3,3,1,1,4,3,5,49,57,TRUE,8.27892884650646
"satisfied","Loyal Customer",70,"Personal Travel","Eco",1001,0,0,0,2,4,4,4,4,3,4,4,4,5,4,27,41,TRUE,13.8136094894204
"satisfied","Loyal Customer",68,"Personal Travel","Eco",1014,0,0,0,2,3,5,3,1,1,1,1,4,1,1,0,0,TRUE,-0.757464267003349
"dissatisfied","Loyal Customer",55,"Personal Travel","Eco",2017,1,4,1,1,5,1,2,5,5,5,4,5,5,5,0,0,FALSE,-0.757464267003349
"dissatisfied","Loyal Customer",63,"Personal Travel","Eco",899,1,4,1,1,4,1,5,4,3,3,5,3,5,4,0,0,FALSE,-0.757464267003349
"dissatisfied","Loyal Customer",69,"Personal Travel","Eco",3093,1,4,1,2,1,5,5,5,2,5,5,5,3,5,259,265,FALSE,10.7206136186914
"satisfied","Loyal Customer",60,"Personal Travel","Eco",1449,0,4,0,3,5,4,5,2,2,2,2,4,2,4,0,4,TRUE,3.24253573299665
"satisfied","Loyal Customer",20,"Personal Travel","Eco",2140,0,5,0,1,4,4,5,5,5,5,5,3,5,4,0,0,TRUE,-0.757464267003349
"dissatisfied","Loyal Customer",52,"Personal Travel","Eco",1949,1,4,1,3,4,1,5,4,3,2,4,3,5,4,19,10,FALSE,-9.35559754951995
"dissatisfied","Loyal Customer",45,"Personal Travel","Eco",2167,1,4,1,3,1,1,1,1,4,3,1,4,3,1,0,0,FALSE,-0.757464267003349
"satisfied","Loyal Customer",14,"Personal Travel","Eco",1467,2,2,2,2,5,5,4,2,2,2,2,5,2,5,29,34,FALSE,4.85591124915552
"satisfied","Loyal Customer",27,"Personal Travel","Eco",3728,5,5,5,5,2,1,3,2,2,2,2,5,2,3,28,0,FALSE,-28.165239630712
"dissatisfied","Loyal Customer",38,"Personal Travel","Eco",1985,1,4,1,4,1,1,1,1,5,3,5,3,4,1,14,10,FALSE,-4.46135194885769
"satisfied","Loyal Customer",23,"Personal Travel","Eco",1718,5,5,5,5,2,2,2,2,5,4,4,4,4,2,0,0,FALSE,-0.757464267003349
"dissatisfied","Loyal Customer",40,"Personal Travel","Eco",1465,1,4,1,4,2,1,2,2,1,4,4,1,4,2,0,0,FALSE,-0.757464267003349
"dissatisfied","Loyal Customer",29,"Personal Travel","Eco",1578,1,4,1,5,2,1,2,2,4,4,4,5,4,2,0,0,FALSE,-0.757464267003349
"dissatisfied","Loyal Customer",42,"Personal Travel","Eco",3377,1,4,2,2,5,2,1,5,3,2,5,5,2,5,1,0,FALSE,-1.7363133871358
"satisfied","Loyal Customer",12,"Personal Travel","Eco",2934,3,3,1,3,2,2,2,2,4,3,5,4,4,2,0,7,FALSE,6.24253573299665
"dissatisfied","Loyal Customer",26,"Personal Travel","Eco",3348,1,5,0,3,0,5,5,5,3,4,3,5,1,5,196,169,TRUE,-23.6118918129641
"satisfied","Loyal Customer",38,"Personal Travel","Eco Plus",2583,4,4,5,4,2,2,2,2,3,4,4,5,4,2,26,21,FALSE,-5.20754139044712
"satisfied","Loyal Customer",27,"Personal Travel","Eco",2421,2,3,3,3,2,3,2,2,1,4,5,3,1,2,5,0,FALSE,-5.65170986766561
"satisfied","Loyal Customer",62,"Personal Travel","Eco",831,3,5,5,5,4,4,4,2,2,3,2,2,2,3,0,0,FALSE,-0.757464267003349
"dissatisfied","Loyal Customer",31,"Personal Travel","Eco",1720,1,5,1,1,1,1,1,1,5,2,4,4,4,1,0,0,FALSE,-0.757464267003349
"satisfied","Loyal Customer",53,"Personal Travel","Eco",775,2,2,2,2,5,4,5,2,2,3,2,4,2,3,0,6,FALSE,5.24253573299665
"satisfied","Loyal Customer",8,"Personal Travel","Eco",2019,4,4,4,4,5,5,4,3,3,3,3,4,3,3,0,0,FALSE,-0.757464267003349
"satisfied","Loyal Customer",26,"Personal Travel","Eco",1600,3,5,5,5,4,5,1,3,3,3,3,5,3,4,7,3,FALSE,-4.60940810793052
"dissatisfied","Loyal Customer",14,"Personal Travel","Eco",1871,1,5,1,1,5,1,4,5,5,2,4,3,5,5,0,0,FALSE,-0.757464267003349
"satisfied","Loyal Customer",22,"Personal Travel","Eco Plus",916,3,3,5,3,3,4,5,3,3,3,3,5,3,4,0,0,FALSE,-0.757464267003349
"satisfied","Loyal Customer",39,"Personal Travel","Business",277,4,4,4,4,5,4,5,3,3,3,3,5,3,4,0,0,FALSE,-0.757464267003349
"dissatisfied","Loyal Customer",68,"Personal Travel","Eco Plus",1554,1,5,1,2,5,1,5,5,3,4,4,5,4,5,0,0,FALSE,-0.757464267003349
"dissatisfied","Loyal Customer",23,"Personal Travel","Eco",1487,1,5,1,2,1,1,1,1,1,1,2,2,3,1,0,0,FALSE,-0.757464267003349
"satisfied","Loyal Customer",26,"Personal Travel","Eco",1972,4,4,4,4,5,4,5,3,3,3,3,3,3,5,28,26,FALSE,-2.16523963071203
"satisfied","Loyal Customer",20,"Personal Travel","Eco",1812,1,1,1,1,2,5,5,3,3,3,3,3,3,5,0,0,FALSE,-0.757464267003349
"satisfied","Loyal Customer",23,"Personal Travel","Eco",1696,2,2,2,2,3,3,3,3,5,5,4,3,5,3,56,42,FALSE,-13.5730149944207
"satisfied","Loyal Customer",33,"Personal Travel","Eco",3370,2,2,1,2,3,4,4,3,3,3,3,4,3,3,112,97,FALSE,-13.3885657218381
"dissatisfied","Loyal Customer",32,"Personal Travel","Eco",2893,1,5,1,4,1,4,4,3,3,4,5,4,3,4,141,116,FALSE,-22.7751902056792
"dissatisfied","Loyal Customer",9,"Personal Travel","Eco",3121,1,5,1,4,1,1,1,1,3,5,4,4,5,1,12,18,FALSE,5.49634629140722
"dissatisfied","Loyal Customer",21,"Personal Travel","Eco",2855,1,5,1,4,1,2,2,5,3,5,5,2,3,2,156,253,FALSE,99.542072992334
"satisfied","Loyal Customer",47,"Personal Travel","Eco Plus",710,4,4,4,4,3,5,5,3,3,4,3,3,3,3,17,18,FALSE,0.602100690744955
"dissatisfied","Loyal Customer",41,"Personal Travel","Eco",5264,1,5,1,5,1,3,5,3,3,5,4,5,3,5,5,2,FALSE,-3.65170986766561
"dissatisfied","Loyal Customer",54,"Personal Travel","Eco",2600,1,5,1,5,5,1,5,5,1,4,5,5,5,5,4,0,FALSE,-4.67286074753316
"dissatisfied","Loyal Customer",40,"Personal Travel","Eco",1803,1,5,2,1,1,2,1,1,3,5,4,3,5,1,27,12,FALSE,-15.1863905105796
"dissatisfied","Loyal Customer",29,"Personal Travel","Eco",1950,1,5,2,3,1,2,1,1,4,2,3,5,1,1,0,0,FALSE,-0.757464267003349
"satisfied","Loyal Customer",67,"Personal Travel","Eco",1201,1,1,1,1,5,3,4,3,3,4,3,5,3,4,12,5,FALSE,-7.50365370859278
"dissatisfied","Loyal Customer",40,"Personal Travel","Eco",1756,2,0,0,1,0,3,2,4,2,5,5,2,5,2,114,155,TRUE,42.653736037897
"satisfied","Loyal Customer",43,"Personal Travel","Eco",116,4,4,4,4,5,4,4,3,3,4,3,4,3,3,3,5,FALSE,1.30598837259929
"satisfied","Loyal Customer",48,"Personal Travel","Eco",556,4,4,4,4,2,1,4,4,4,4,3,4,4,4,0,0,FALSE,-0.757464267003349
"dissatisfied","Loyal Customer",7,"Personal Travel","Eco",2678,2,1,2,1,2,2,2,2,3,5,1,1,2,2,0,0,FALSE,-0.757464267003349
"dissatisfied","Loyal Customer",29,"Personal Travel","Eco",1722,2,1,2,3,4,2,4,4,3,3,3,4,3,4,0,0,FALSE,-0.757464267003349
"dissatisfied","Loyal Customer",59,"Personal Travel","Business",687,2,1,2,3,4,3,3,3,3,2,3,2,3,1,0,11,FALSE,10.2425357329967
"satisfied","Loyal Customer",14,"Personal Travel","Eco Plus",1357,3,5,3,3,4,4,4,4,4,3,4,5,4,4,14,18,FALSE,3.53864805114231
"dissatisfied","Loyal Customer",49,"Personal Travel","Eco",1563,2,1,2,3,2,2,5,2,3,5,4,4,3,2,0,0,FALSE,-0.757464267003349
"satisfied","Loyal Customer",62,"Personal Travel","Business",70,5,5,5,5,5,4,5,4,4,4,4,3,4,3,16,13,FALSE,-3.41905018912259
"satisfied","Loyal Customer",48,"Personal Travel","Eco",356,1,1,2,1,5,5,4,4,4,4,4,3,4,5,1,0,FALSE,-1.7363133871358
"dissatisfied","Loyal Customer",19,"Personal Travel","Eco",1386,2,1,2,4,1,2,1,1,4,5,4,2,3,1,0,0,FALSE,-0.757464267003349
"satisfied","Loyal Customer",12,"Personal Travel","Eco",1874,1,1,1,1,4,4,4,4,4,4,4,5,4,5,3,25,FALSE,21.3059883725993
"dissatisfied","Loyal Customer",25,"Personal Travel","Eco",1895,2,2,1,3,2,1,5,2,2,4,4,2,4,2,0,0,FALSE,-0.757464267003349
"satisfied","Loyal Customer",9,"Personal Travel","Eco",2453,5,5,5,5,4,4,4,4,2,5,2,2,4,4,52,45,FALSE,-6.65761851389089
"satisfied","Loyal Customer",9,"Personal Travel","Eco",3503,3,3,1,3,4,4,4,4,4,4,4,5,4,3,46,33,FALSE,-12.7845237930962
"dissatisfied","Loyal Customer",23,"Personal Travel","Eco",2534,2,2,2,3,4,2,4,4,3,4,4,2,3,4,0,0,FALSE,-0.757464267003349
"dissatisfied","Loyal Customer",12,"Personal Travel","Eco",1859,2,2,2,3,1,2,2,1,1,2,3,2,4,1,57,35,FALSE,-21.5518641145532
"dissatisfied","Loyal Customer",32,"Personal Travel","Eco",1635,2,2,2,3,4,2,4,4,4,3,3,4,4,4,20,1,FALSE,-19.3344466696524
"satisfied","Loyal Customer",24,"Personal Travel","Eco",1620,4,5,5,5,4,4,4,4,4,5,5,5,4,4,69,59,FALSE,-9.29805355614259
"dissatisfied","Loyal Customer",65,"Personal Travel","Business",467,2,2,2,3,2,2,3,3,3,2,5,2,3,1,0,2,FALSE,1.24253573299665
"satisfied","Loyal Customer",70,"Personal Travel","Eco",223,4,4,4,4,1,5,4,4,4,4,4,4,4,2,0,4,FALSE,3.24253573299665
"satisfied","Loyal Customer",67,"Personal Travel","Eco",221,3,3,3,3,4,2,1,4,4,4,4,5,4,4,0,0,FALSE,-0.757464267003349
"satisfied","Loyal Customer",13,"Personal Travel","Eco",2016,3,3,3,3,4,4,4,4,2,4,2,4,4,4,0,26,FALSE,25.2425357329967
"dissatisfied","Loyal Customer",54,"Personal Travel","Eco",2337,2,2,2,4,2,2,2,2,1,4,3,2,4,2,0,0,FALSE,-0.757464267003349
"dissatisfied","Loyal Customer",61,"Personal Travel","Eco",1491,2,2,2,4,1,2,1,1,1,1,4,2,4,1,47,49,FALSE,2.23662708677137
"satisfied","Loyal Customer",13,"Personal Travel","Eco",1912,3,3,3,3,4,4,4,4,3,3,5,3,5,4,0,0,FALSE,-0.757464267003349
"satisfied","Loyal Customer",57,"Personal Travel","Eco",617,5,3,5,5,3,5,4,4,4,4,4,4,4,3,19,33,FALSE,13.64440245048
"satisfied","Loyal Customer",48,"Personal Travel","Eco",455,2,2,2,2,4,4,4,4,1,2,3,5,5,4,4,3,FALSE,-1.67286074753316
"satisfied","Loyal Customer",42,"Personal Travel","Eco",523,1,1,1,1,1,4,2,4,4,4,4,5,4,1,89,98,FALSE,10.1249640412084
"dissatisfied","Loyal Customer",30,"Personal Travel","Business",1600,2,3,2,3,5,2,5,5,1,1,1,3,4,5,0,0,FALSE,-0.757464267003349
"satisfied","Loyal Customer",28,"Personal Travel","Eco",1890,3,3,5,3,4,4,4,4,5,3,4,3,5,4,39,17,FALSE,-21.932579952169
"dissatisfied","Loyal Customer",36,"Personal Travel","Eco",2396,2,3,2,4,2,1,5,3,4,3,4,5,1,5,133,143,FALSE,12.0556027553804
"satisfied","Loyal Customer",19,"Personal Travel","Eco",1868,1,1,1,1,2,5,4,4,4,4,4,3,4,4,35,34,FALSE,-1.0171834716392
"dissatisfied","Loyal Customer",57,"Personal Travel","Eco",2169,2,3,3,3,2,3,2,2,5,5,5,1,1,2,0,0,FALSE,-0.757464267003349
"satisfied","Loyal Customer",51,"Personal Travel","Eco",409,4,1,5,1,4,4,4,4,3,5,5,4,5,4,2,3,FALSE,0.284837492731745
"satisfied","Loyal Customer",17,"Personal Travel","Eco",1856,3,3,3,3,2,4,3,4,4,4,4,1,4,1,11,11,FALSE,-0.524804588460329
"dissatisfied","Loyal Customer",20,"Personal Travel","Eco",1934,2,4,0,4,4,0,4,4,2,1,3,1,3,4,38,59,TRUE,21.0462691679634
"dissatisfied","Loyal Customer",12,"Personal Travel","Eco",2240,2,4,1,1,5,1,5,5,2,4,2,5,2,5,0,0,FALSE,-0.757464267003349
"satisfied","Loyal Customer",59,"Personal Travel","Eco",633,5,5,5,5,5,5,4,4,4,4,4,5,4,5,17,13,FALSE,-4.39789930925505
"dissatisfied","Loyal Customer",51,"Personal Travel","Eco",4111,2,4,1,5,4,1,4,4,3,4,5,5,4,4,0,0,FALSE,-0.757464267003349
"satisfied","Loyal Customer",60,"Personal Travel","Eco",1177,3,3,5,3,4,4,4,4,2,4,5,4,5,4,0,9,FALSE,8.24253573299665
"dissatisfied","Loyal Customer",25,"Personal Travel","Business",2473,2,4,2,1,5,2,2,5,3,3,4,4,5,5,25,14,FALSE,-11.2286922703147
"satisfied","Loyal Customer",29,"Personal Travel","Eco",2026,3,3,3,3,3,3,5,4,4,4,4,5,4,3,0,0,FALSE,-0.757464267003349
"dissatisfied","Loyal Customer",67,"Personal Travel","Eco",1870,2,4,2,1,3,2,3,3,3,2,5,5,4,3,17,28,FALSE,10.602100690745
"satisfied","Loyal Customer",22,"Personal Travel","Eco",2131,5,5,5,5,4,4,5,4,4,4,4,3,4,3,0,0,FALSE,-0.757464267003349
"satisfied","Loyal Customer",59,"Personal Travel","Eco",529,4,4,4,4,4,4,5,4,4,4,4,4,4,5,0,0,FALSE,-0.757464267003349
"dissatisfied","Loyal Customer",26,"Personal Travel","Eco",2257,2,4,2,1,2,2,2,2,3,3,5,4,4,2,0,0,FALSE,-0.757464267003349
"dissatisfied","Loyal Customer",68,"Personal Travel","Business",412,2,4,2,1,3,2,4,2,2,2,2,1,2,2,12,10,FALSE,-2.50365370859278
"dissatisfied","Loyal Customer",37,"Personal Travel","Eco",1523,2,4,2,1,1,2,1,1,5,4,4,4,4,1,0,0,FALSE,-0.757464267003349
"satisfied","Loyal Customer",11,"Personal Travel","Eco",2076,4,4,4,4,3,4,5,4,4,4,4,3,4,4,8,1,FALSE,-7.58825722806297
"dissatisfied","Loyal Customer",22,"Personal Travel","Eco",1767,2,4,2,2,2,2,2,2,5,2,5,3,4,2,0,10,FALSE,9.24253573299665
"satisfied","Loyal Customer",58,"Personal Travel","Eco",621,4,4,4,4,3,2,4,4,4,4,4,4,4,5,1,0,FALSE,-1.7363133871358
"dissatisfied","Loyal Customer",62,"Personal Travel","Eco",1787,2,4,2,2,5,2,5,5,3,2,4,4,4,5,0,11,FALSE,10.2425357329967
"satisfied","Loyal Customer",53,"Personal Travel","Eco Plus",245,5,5,5,5,3,5,5,4,4,4,4,5,4,5,27,19,FALSE,-8.18639051057957
"satisfied","Loyal Customer",42,"Personal Travel","Eco",2466,2,2,2,2,5,5,4,4,4,4,4,5,4,4,31,35,FALSE,3.89821300889062
"satisfied","Loyal Customer",62,"Personal Travel","Eco",1242,4,4,4,4,4,4,4,4,4,4,4,3,4,5,26,4,FALSE,-22.2075413904471
"dissatisfied","Loyal Customer",40,"Personal Travel","Eco",2202,2,4,2,3,4,2,4,4,4,2,3,2,4,4,31,19,FALSE,-12.1017869911094
"dissatisfied","Loyal Customer",35,"Personal Travel","Eco",2181,2,4,2,3,3,2,4,3,3,2,5,5,4,3,29,18,FALSE,-11.1440887508445
"satisfied","Loyal Customer",42,"Personal Travel","Eco",1041,1,1,1,1,2,5,4,4,4,4,4,4,4,5,4,19,FALSE,14.3271392524668
"dissatisfied","Loyal Customer",26,"Personal Travel","Eco",2032,2,4,2,3,3,2,3,3,4,4,5,4,5,3,0,0,FALSE,-0.757464267003349
"satisfied","Loyal Customer",55,"Personal Travel","Eco",528,5,5,5,5,4,4,4,4,4,4,4,3,4,4,0,0,FALSE,-0.757464267003349
"satisfied","Loyal Customer",52,"Personal Travel","Eco Plus",864,5,5,5,5,4,5,4,4,4,4,4,4,4,5,58,50,FALSE,-7.53071323468562
"dissatisfied","Loyal Customer",12,"Personal Travel","Eco",2167,2,4,2,4,4,2,4,4,1,1,3,1,4,4,0,0,FALSE,-0.757464267003349
"dissatisfied","Loyal Customer",64,"Personal Travel","Eco",2142,2,4,2,4,5,2,1,5,5,3,5,4,5,5,0,0,FALSE,-0.757464267003349
"satisfied","Loyal Customer",31,"Personal Travel","Eco",1635,1,1,1,1,5,5,5,4,4,4,4,3,4,4,8,16,FALSE,7.41174277193703
"satisfied","Loyal Customer",29,"Personal Travel","Eco",1134,4,4,2,4,3,4,5,4,4,4,4,3,4,3,55,63,FALSE,8.40583412571175
"satisfied","Loyal Customer",49,"Personal Travel","Business",387,3,3,3,3,5,5,4,4,4,4,4,5,4,5,19,13,FALSE,-6.35559754951995
"dissatisfied","Loyal Customer",32,"Personal Travel","Eco",1210,2,4,2,4,5,2,5,5,2,1,4,2,2,5,42,35,FALSE,-6.86912731256637
"satisfied","Loyal Customer",30,"Personal Travel","Eco",1314,1,1,3,1,2,5,5,4,4,4,4,3,4,4,0,23,FALSE,22.2425357329967
"satisfied","Loyal Customer",36,"Personal Travel","Eco",1070,1,1,1,1,4,4,4,4,5,4,4,5,5,4,13,6,FALSE,-7.48250282872523
"dissatisfied","Loyal Customer",56,"Personal Travel","Eco",2660,2,4,2,5,2,2,2,2,5,5,5,4,4,2,0,0,FALSE,-0.757464267003349
"dissatisfied","Loyal Customer",38,"Personal Travel","Eco",1511,2,4,2,5,3,2,3,3,4,3,5,4,4,3,0,0,FALSE,-0.757464267003349
"dissatisfied","Loyal Customer",39,"Personal Travel","Eco",2044,2,4,3,1,3,3,3,3,4,2,4,5,5,3,45,26,FALSE,-18.8056746729637
"dissatisfied","Loyal Customer",31,"Personal Travel","Eco",1664,2,4,3,3,4,3,4,4,5,2,4,5,5,4,20,19,FALSE,-1.3344466696524
"satisfied","Loyal Customer",45,"Personal Travel","Eco Plus",533,3,3,3,3,5,5,4,4,4,4,4,3,4,5,0,0,FALSE,-0.757464267003349
"dissatisfied","Loyal Customer",24,"Personal Travel","Eco",2872,2,5,2,1,4,2,4,4,5,2,5,3,2,4,0,0,FALSE,-0.757464267003349
"dissatisfied","Loyal Customer",58,"Personal Travel","Eco",2834,2,5,2,1,5,2,2,5,4,2,3,4,4,5,0,0,FALSE,-0.757464267003349
"dissatisfied","Loyal Customer",34,"Personal Travel","Eco Plus",3015,2,5,2,1,5,2,5,5,3,5,4,3,4,5,0,0,FALSE,-0.757464267003349
"satisfied","Loyal Customer",61,"Personal Travel","Eco",860,3,3,4,3,5,4,5,4,4,4,4,3,4,3,0,0,FALSE,-0.757464267003349
"satisfied","Loyal Customer",40,"Personal Travel","Eco",2083,3,3,3,3,4,5,5,4,4,4,4,3,4,5,0,0,FALSE,-0.757464267003349
"dissatisfied","Loyal Customer",35,"Personal Travel","Eco",1613,2,5,2,1,1,2,1,1,5,4,4,3,5,1,0,3,FALSE,2.24253573299665
"dissatisfied","Loyal Customer",42,"Personal Travel","Eco Plus",1685,2,5,2,1,3,2,3,3,3,4,5,4,4,3,6,14,FALSE,7.36944101220193
"satisfied","Loyal Customer",38,"Personal Travel","Eco",2029,4,4,4,4,2,4,4,4,4,4,4,3,4,3,0,0,FALSE,-0.757464267003349
"satisfied","Loyal Customer",45,"Personal Travel","Eco Plus",546,1,1,1,1,5,4,5,4,4,4,4,5,4,3,14,20,FALSE,5.53864805114231
"satisfied","Loyal Customer",44,"Personal Travel","Eco",489,4,4,4,4,5,3,5,4,4,4,4,1,4,4,0,0,FALSE,-0.757464267003349
"satisfied","Loyal Customer",17,"Personal Travel","Eco",1913,4,3,3,3,5,5,4,4,4,4,4,3,4,1,0,0,FALSE,-0.757464267003349
"satisfied","Loyal Customer",64,"Personal Travel","Eco",264,4,4,4,4,5,5,5,4,4,4,4,5,4,3,59,49,FALSE,-9.50956235481807
"dissatisfied","Loyal Customer",56,"Personal Travel","Eco",1672,2,5,2,2,4,2,5,4,4,3,5,5,2,4,0,0,FALSE,-0.757464267003349
"satisfied","Loyal Customer",24,"Personal Travel","Eco",970,4,4,4,4,1,4,3,4,4,4,4,1,4,4,0,5,FALSE,4.24253573299665
"dissatisfied","Loyal Customer",56,"Personal Travel","Eco",2501,2,5,2,3,1,2,1,1,5,3,5,3,5,1,0,0,FALSE,-0.757464267003349
"satisfied","Loyal Customer",31,"Personal Travel","Eco",3171,3,3,3,3,2,4,5,4,4,4,4,5,4,4,0,0,FALSE,-0.757464267003349
"satisfied","Loyal Customer",29,"Personal Travel","Eco",2243,3,1,3,3,4,5,5,4,4,4,4,5,4,4,0,34,FALSE,33.2425357329967
"satisfied","Loyal Customer",9,"Personal Travel","Eco Plus",2725,1,1,1,1,2,5,5,4,4,4,4,4,4,5,13,9,FALSE,-4.48250282872523
"dissatisfied","Loyal Customer",7,"Personal Travel","Eco",1871,2,5,2,3,3,2,3,3,5,5,5,5,4,3,0,0,FALSE,-0.757464267003349
"satisfied","Loyal Customer",57,"Personal Travel","Eco",895,4,4,4,4,3,4,5,4,4,4,4,3,4,3,36,15,FALSE,-20.9960325917716
"dissatisfied","Loyal Customer",48,"Personal Travel","Eco",2292,2,5,2,3,2,2,2,2,5,4,2,5,5,2,0,0,FALSE,-0.757464267003349
"dissatisfied","Loyal Customer",8,"Personal Travel","Eco Plus",1790,2,5,2,3,1,2,4,1,4,2,5,5,5,1,0,8,FALSE,7.24253573299665
"satisfied","Loyal Customer",23,"Personal Travel","Eco",1951,2,2,2,2,3,4,5,4,4,4,4,4,4,4,25,42,FALSE,16.7713077296853
"dissatisfied","Loyal Customer",41,"Personal Travel","Eco Plus",1830,2,5,2,3,2,2,2,2,5,5,5,4,4,2,5,11,FALSE,5.34829013233439
"satisfied","Loyal Customer",24,"Personal Travel","Eco",1568,4,4,4,4,4,5,4,4,4,4,4,5,4,4,0,0,FALSE,-0.757464267003349
"dissatisfied","Loyal Customer",9,"Personal Travel","Eco",1200,2,5,2,3,2,2,2,2,5,4,2,4,3,2,0,0,FALSE,-0.757464267003349
"satisfied","Loyal Customer",23,"Personal Travel","Business",1388,5,5,5,5,3,5,4,3,3,4,5,5,3,5,0,0,FALSE,-0.757464267003349
"satisfied","Loyal Customer",29,"Personal Travel","Eco",3794,1,1,4,1,4,4,5,4,4,4,5,2,4,1,0,0,FALSE,-0.757464267003349
"dissatisfied","Loyal Customer",19,"Personal Travel","Eco",2616,2,5,2,4,2,2,5,2,5,4,4,4,4,2,0,17,FALSE,16.2425357329967
"dissatisfied","Loyal Customer",16,"Personal Travel","Eco",2196,2,5,2,4,4,2,4,4,3,3,4,3,4,4,0,0,FALSE,-0.757464267003349
"satisfied","Loyal Customer",59,"Personal Travel","Eco",483,4,4,4,4,5,4,4,5,5,4,5,4,5,5,0,0,FALSE,-0.757464267003349
"satisfied","Loyal Customer",33,"Personal Travel","Eco",858,1,1,2,1,4,5,5,5,3,5,5,5,3,5,0,0,FALSE,-0.757464267003349
"dissatisfied","Loyal Customer",10,"Personal Travel","Eco",2332,2,5,2,5,4,2,4,4,2,2,2,4,3,4,0,0,FALSE,-0.757464267003349
"dissatisfied","Loyal Customer",26,"Personal Travel","Eco",1244,2,5,2,5,2,2,2,2,4,4,5,3,4,2,0,2,FALSE,1.24253573299665
"dissatisfied","Loyal Customer",39,"Personal Travel","Eco",1449,2,5,2,5,1,2,1,1,4,5,2,5,2,1,0,0,FALSE,-0.757464267003349
"dissatisfied","Loyal Customer",37,"Personal Travel","Eco",1248,2,5,2,5,2,2,2,2,3,5,4,4,4,2,2,2,FALSE,-0.715162507268255
"satisfied","Loyal Customer",16,"Personal Travel","Eco",1712,2,3,2,2,1,4,5,5,5,4,5,5,5,5,70,67,FALSE,-2.27690267627505
"dissatisfied","Loyal Customer",69,"Personal Travel","Eco",1869,2,5,3,3,4,3,4,4,2,5,5,4,3,4,0,0,FALSE,-0.757464267003349
"satisfied","Loyal Customer",35,"Personal Travel","Business",328,2,2,2,2,4,5,4,4,4,3,4,3,4,4,0,0,FALSE,-0.757464267003349
"satisfied","Loyal Customer",30,"Personal Travel","Business",3279,5,5,5,5,5,5,4,4,4,5,4,4,4,5,117,85,FALSE,-30.2828113225003
"dissatisfied","Loyal Customer",20,"Personal Travel","Eco",1950,3,0,3,4,3,3,3,3,1,4,3,1,3,3,0,0,TRUE,-0.757464267003349
"dissatisfied","Loyal Customer",66,"Personal Travel","Eco",2603,3,1,3,1,2,3,2,2,1,4,2,3,1,2,0,0,FALSE,-0.757464267003349
"satisfied","Loyal Customer",36,"Personal Travel","Eco",2815,3,3,3,3,2,4,4,4,4,5,4,4,4,4,44,36,FALSE,-7.82682555283127
"dissatisfied","Loyal Customer",11,"Personal Travel","Eco",1688,3,1,3,3,2,3,2,2,4,3,3,2,3,2,51,53,FALSE,2.32123060624156
"dissatisfied","Loyal Customer",50,"Personal Travel","Eco",3051,3,1,3,4,2,3,2,2,4,3,4,2,4,2,0,0,FALSE,-0.757464267003349
"dissatisfied","Loyal Customer",12,"Personal Travel","Eco",2015,3,1,3,4,4,3,3,4,4,1,3,1,3,4,0,0,FALSE,-0.757464267003349
"dissatisfied","Loyal Customer",63,"Personal Travel","Business",2611,3,1,4,4,4,3,3,1,1,4,4,3,3,3,192,187,FALSE,-1.69649533243426
"satisfied","Loyal Customer",28,"Personal Travel","Eco",2688,2,2,3,2,5,4,4,5,5,5,5,5,5,3,0,0,FALSE,-0.757464267003349
"satisfied","Loyal Customer",66,"Personal Travel","Eco",1447,3,3,3,3,3,4,4,5,5,5,5,4,5,3,6,12,FALSE,5.36944101220193
"dissatisfied","Loyal Customer",31,"Personal Travel","Eco",2387,3,2,3,3,4,3,4,4,4,1,3,1,3,4,0,0,FALSE,-0.757464267003349
"dissatisfied","Loyal Customer",20,"Personal Travel","Eco",2060,3,2,3,3,4,3,4,4,4,2,2,4,3,4,18,10,FALSE,-8.3767484293875
"dissatisfied","Loyal Customer",22,"Personal Travel","Eco",3993,3,2,3,4,4,3,4,4,2,1,3,2,4,4,0,0,FALSE,-0.757464267003349
"dissatisfied","Loyal Customer",26,"Personal Travel","Eco",3353,3,2,3,4,3,3,3,3,1,3,3,1,3,3,101,94,FALSE,-5.62122540038109
"dissatisfied","Loyal Customer",16,"Personal Travel","Eco Plus",1943,3,2,3,4,3,3,5,3,4,3,3,1,4,3,0,0,FALSE,-0.757464267003349
"satisfied","Loyal Customer",67,"Personal Travel","Eco",426,5,4,4,4,5,3,5,5,5,5,5,4,5,3,0,0,FALSE,-0.757464267003349
"dissatisfied","Loyal Customer",22,"Personal Travel","Eco",1816,3,2,3,4,1,3,3,1,3,1,4,3,4,1,2,0,FALSE,-2.71516250726825
"dissatisfied","Loyal Customer",67,"Personal Travel","Eco",1776,3,2,3,4,4,3,4,4,3,4,4,5,4,4,15,2,FALSE,-13.4402010689901
"dissatisfied","Loyal Customer",50,"Personal Travel","Eco",1989,3,2,3,4,5,3,3,5,4,5,3,1,3,5,0,0,FALSE,-0.757464267003349
"dissatisfied","Loyal Customer",14,"Personal Travel","Eco",1631,3,2,5,3,2,5,2,2,1,1,2,1,3,2,74,73,FALSE,-0.19229915680485
"dissatisfied","Loyal Customer",16,"Personal Travel","Eco",1329,3,3,0,3,1,0,1,1,4,3,4,3,4,1,0,2,TRUE,1.24253573299665
"satisfied","Loyal Customer",58,"Personal Travel","Business",1446,5,5,5,5,5,5,5,5,4,2,4,5,4,5,3,0,FALSE,-3.69401162740071
"satisfied","Loyal Customer",23,"Personal Travel","Eco",3515,5,5,5,5,4,4,4,5,5,5,5,4,5,3,45,35,FALSE,-9.80567467296373
"dissatisfied","Loyal Customer",14,"Personal Travel","Eco",2520,3,3,3,2,3,1,1,4,2,1,5,1,4,1,243,251,FALSE,12.3821995408107
"satisfied","Loyal Customer",16,"Personal Travel","Eco",3927,5,5,5,5,3,4,5,5,5,5,5,3,5,5,0,0,FALSE,-0.757464267003349
"satisfied","Loyal Customer",22,"Personal Travel","Eco",2450,5,5,5,5,2,5,5,5,5,5,5,5,5,4,10,0,FALSE,-10.5459554683279
"dissatisfied","Loyal Customer",70,"Personal Travel","Eco",1987,3,3,3,3,4,3,3,4,2,5,3,3,4,4,3,0,FALSE,-3.69401162740071
"satisfied","Loyal Customer",16,"Personal Travel","Eco",2819,1,1,1,1,4,4,5,5,5,5,5,5,5,5,0,7,FALSE,6.24253573299665
"satisfied","Loyal Customer",10,"Personal Travel","Eco",2590,4,4,4,4,2,5,4,5,5,5,5,5,5,3,12,20,FALSE,7.49634629140722
"dissatisfied","Loyal Customer",70,"Personal Travel","Eco",2345,3,3,3,4,4,3,4,4,2,5,4,4,4,4,9,0,FALSE,-9.56710634819542
"dissatisfied","Loyal Customer",18,"Personal Travel","Eco",1420,3,3,3,4,3,3,3,3,1,2,5,2,2,3,0,0,FALSE,-0.757464267003349
"satisfied","Loyal Customer",19,"Personal Travel","Eco",1547,3,3,3,3,4,4,5,5,5,5,5,4,5,3,35,23,FALSE,-12.0171834716392
"dissatisfied","Loyal Customer",70,"Personal Travel","Eco",3067,3,3,3,5,2,3,2,2,1,4,4,4,5,2,15,12,FALSE,-3.44020106899014
"dissatisfied","Loyal Customer",10,"Personal Travel","Eco",1947,3,3,3,5,3,2,2,5,2,5,4,2,2,2,159,180,FALSE,23.6055256319367
"satisfied","Loyal Customer",22,"Personal Travel","Eco Plus",1422,2,2,2,2,3,5,4,5,5,5,5,5,5,5,0,0,FALSE,-0.757464267003349
"dissatisfied","Loyal Customer",21,"Personal Travel","Eco",1153,3,4,2,3,1,2,4,1,2,3,4,1,4,1,0,28,FALSE,27.2425357329967
"dissatisfied","Loyal Customer",22,"Personal Travel","Eco Plus",2842,3,4,3,1,1,3,1,1,2,2,3,1,1,1,41,46,FALSE,5.10972180756609
"satisfied","Loyal Customer",50,"Personal Travel","Eco",1193,5,3,3,3,1,1,3,5,5,5,5,1,5,3,0,5,FALSE,4.24253573299665
"satisfied","Loyal Customer",63,"Personal Travel","Business",1013,5,1,1,1,5,5,5,5,5,1,4,5,3,5,0,0,FALSE,-0.757464267003349
"dissatisfied","Loyal Customer",32,"Personal Travel","Eco",2194,3,4,3,1,5,3,5,5,3,3,4,5,4,5,7,0,FALSE,-7.60940810793052
"dissatisfied","Loyal Customer",35,"Personal Travel","Eco Plus",2374,3,4,3,1,5,3,4,5,5,3,4,5,5,5,6,0,FALSE,-6.63055898779807
"satisfied","Loyal Customer",50,"Personal Travel","Eco",465,1,1,1,1,5,5,5,5,2,1,3,2,1,5,32,33,FALSE,0.919363888758164
"dissatisfied","Loyal Customer",12,"Personal Travel","Eco Plus",2133,3,4,3,1,5,3,5,5,4,5,5,4,4,5,0,0,FALSE,-0.757464267003349
"satisfied","Loyal Customer",62,"Personal Travel","Eco",252,2,2,3,2,5,5,5,5,5,5,5,3,5,4,0,15,FALSE,14.2425357329967
"satisfied","Loyal Customer",63,"Personal Travel","Eco",1501,5,5,5,5,2,4,4,5,5,5,5,5,5,5,0,0,FALSE,-0.757464267003349
"dissatisfied","Loyal Customer",51,"Personal Travel","Eco",3180,3,4,3,2,2,3,2,2,5,4,5,4,5,2,0,0,FALSE,-0.757464267003349
"satisfied","Loyal Customer",70,"Personal Travel","Eco",1032,3,3,3,3,4,5,5,5,5,5,5,5,5,4,0,0,FALSE,-0.757464267003349
"dissatisfied","Loyal Customer",14,"Personal Travel","Eco",2052,3,4,3,2,1,3,1,1,2,1,5,1,2,1,0,0,FALSE,-0.757464267003349
"satisfied","Loyal Customer",17,"Personal Travel","Eco",1945,4,5,4,4,3,4,4,5,5,5,5,3,5,4,50,67,FALSE,17.300079726374
"dissatisfied","Loyal Customer",33,"Personal Travel","Business",1849,3,4,3,2,2,3,2,2,3,3,4,4,5,2,4,2,FALSE,-2.67286074753316
"dissatisfied","Loyal Customer",10,"Personal Travel","Eco",1442,3,4,3,2,4,3,4,4,3,3,5,5,4,4,27,19,FALSE,-8.18639051057957
"satisfied","Loyal Customer",46,"Personal Travel","Eco Plus",55,1,1,1,1,3,4,4,5,5,5,5,4,5,5,16,11,FALSE,-5.41905018912259
"satisfied","Loyal Customer",36,"Personal Travel","Eco",2549,4,4,1,4,5,5,5,5,5,3,4,4,4,5,1,0,FALSE,-1.7363133871358
"dissatisfied","Loyal Customer",19,"Personal Travel","Eco",2683,3,4,3,3,4,3,4,4,4,3,5,5,5,4,0,0,FALSE,-0.757464267003349
"dissatisfied","Loyal Customer",20,"Personal Travel","Eco",2767,3,4,3,3,2,3,2,2,3,2,4,3,5,2,0,1,FALSE,0.242535732996651
"dissatisfied","Loyal Customer",16,"Personal Travel","Eco",2540,3,4,3,3,4,3,4,4,4,5,4,5,4,4,0,0,FALSE,-0.757464267003349
"dissatisfied","Loyal Customer",7,"Personal Travel","Eco",1929,3,4,3,3,1,3,2,1,4,3,5,5,4,1,0,0,FALSE,-0.757464267003349
"dissatisfied","Loyal Customer",7,"Personal Travel","Eco",1453,3,4,3,3,2,3,1,2,3,2,5,5,4,2,0,0,FALSE,-0.757464267003349
"dissatisfied","Loyal Customer",10,"Personal Travel","Eco",1595,3,4,3,3,3,3,3,3,5,2,4,5,5,3,20,31,FALSE,10.6655533303476
"satisfied","Loyal Customer",42,"Personal Travel","Eco",1242,3,3,3,3,5,5,5,5,5,5,5,3,5,3,106,89,FALSE,-15.5154710010433
"dissatisfied","Loyal Customer",38,"Personal Travel","Eco",1670,3,4,3,4,5,3,5,5,1,3,5,2,4,5,0,0,FALSE,-0.757464267003349
"dissatisfied","Loyal Customer",50,"Personal Travel","Eco Plus",2406,3,4,3,4,4,3,4,4,4,3,2,2,3,4,0,0,FALSE,-0.757464267003349
"dissatisfied","Loyal Customer",65,"Personal Travel","Eco",2001,3,4,3,4,4,3,4,4,4,3,4,4,3,4,0,0,FALSE,-0.757464267003349
"dissatisfied","Loyal Customer",44,"Personal Travel","Eco",1600,3,4,3,4,2,3,2,2,5,5,4,4,5,2,26,14,FALSE,-12.2075413904471
"dissatisfied","Loyal Customer",46,"Personal Travel","Eco",1837,3,4,3,4,2,3,2,2,3,2,4,4,4,2,0,0,FALSE,-0.757464267003349
"dissatisfied","Loyal Customer",16,"Personal Travel","Eco",1045,3,4,3,4,2,3,2,2,2,1,4,2,3,2,0,0,FALSE,-0.757464267003349
"dissatisfied","Loyal Customer",37,"Personal Travel","Eco",2174,3,4,3,5,5,3,4,5,4,2,2,5,5,5,0,0,FALSE,-0.757464267003349
"dissatisfied","Loyal Customer",10,"Personal Travel","Eco",2264,3,4,3,5,3,3,3,3,5,4,5,4,4,3,39,38,FALSE,-0.932579952169008
"dissatisfied","Loyal Customer",57,"Personal Travel","Eco",3673,3,4,4,3,2,4,2,2,5,3,3,5,5,2,1,19,FALSE,17.2636866128642
"dissatisfied","Loyal Customer",23,"Personal Travel","Eco Plus",2153,3,4,4,4,1,4,1,1,3,3,5,3,3,1,0,0,FALSE,-0.757464267003349
"satisfied","Loyal Customer",48,"Personal Travel","Eco",209,5,5,5,5,5,5,5,5,5,4,5,1,2,5,0,6,FALSE,5.24253573299665
"satisfied","Loyal Customer",33,"Personal Travel","Eco",2176,5,5,5,5,2,5,5,5,5,5,5,5,5,5,3,4,FALSE,0.305988372599293
"dissatisfied","Loyal Customer",45,"Personal Travel","Eco",2413,3,5,2,4,2,2,2,2,3,3,4,3,5,2,0,0,FALSE,-0.757464267003349
"satisfied","Loyal Customer",39,"Personal Travel","Eco Plus",3249,5,5,5,5,5,2,1,5,5,5,5,3,5,2,0,0,FALSE,-0.757464267003349
"satisfied","Loyal Customer",27,"Personal Travel","Eco",1325,2,2,3,2,5,3,2,5,5,5,5,5,5,2,13,8,FALSE,-5.48250282872523
"satisfied","Loyal Customer",28,"Personal Travel","Eco",3170,2,2,2,2,3,4,5,5,5,5,5,5,5,3,0,0,FALSE,-0.757464267003349
"satisfied","Loyal Customer",19,"Personal Travel","Eco",2331,4,4,4,4,2,2,2,5,5,5,5,5,5,3,0,0,FALSE,-0.757464267003349
"dissatisfied","Loyal Customer",20,"Personal Travel","Eco",1794,3,5,3,2,5,3,5,5,2,4,3,5,2,5,4,19,FALSE,14.3271392524668
"dissatisfied","Loyal Customer",19,"Personal Travel","Eco",2309,3,5,3,2,4,3,4,4,3,5,5,4,4,4,16,18,FALSE,1.58094981087741
"satisfied","Loyal Customer",23,"Personal Travel","Eco",1722,4,4,4,4,2,5,5,5,5,5,5,3,5,5,0,0,FALSE,-0.757464267003349
"satisfied","Loyal Customer",38,"Personal Travel","Eco Plus",2085,2,2,5,2,5,5,5,5,5,2,4,5,4,5,0,4,FALSE,3.24253573299665
"satisfied","Loyal Customer",25,"Personal Travel","Eco",3128,2,2,2,2,2,5,4,5,5,5,5,3,5,4,0,0,FALSE,-0.757464267003349
"dissatisfied","Loyal Customer",39,"Personal Travel","Eco",1927,3,5,3,3,2,3,2,2,3,2,4,4,5,2,0,0,FALSE,-0.757464267003349
"satisfied","Loyal Customer",35,"Personal Travel","Business",1076,5,5,5,5,5,5,5,5,5,2,2,1,4,5,22,11,FALSE,-11.2921449099173
"satisfied","Loyal Customer",11,"Personal Travel","Eco",1967,4,4,4,4,4,5,4,5,5,5,5,3,5,3,4,4,FALSE,-0.672860747533159
"satisfied","Loyal Customer",29,"Personal Travel","Eco",2406,2,2,2,2,4,5,4,5,5,5,5,3,5,4,0,0,FALSE,-0.757464267003349
"satisfied","Loyal Customer",59,"Personal Travel","Eco Plus",696,5,5,3,5,5,4,4,5,5,5,5,3,5,5,22,29,FALSE,6.70785509008269
"dissatisfied","Loyal Customer",69,"Personal Travel","Business",372,3,5,3,3,4,5,4,2,2,3,3,5,2,4,70,56,FALSE,-13.276902676275
"dissatisfied","Loyal Customer",38,"Personal Travel","Eco",1359,3,5,3,3,2,3,2,2,4,1,5,2,5,2,4,2,FALSE,-2.67286074753316
"dissatisfied","Loyal Customer",31,"Personal Travel","Eco",3930,3,5,3,4,3,3,1,3,4,5,3,3,5,3,0,0,FALSE,-0.757464267003349
"dissatisfied","Loyal Customer",64,"Personal Travel","Eco",2416,3,5,3,4,2,4,4,2,2,3,1,3,2,4,0,0,FALSE,-0.757464267003349
"dissatisfied","Loyal Customer",48,"Personal Travel","Eco",1713,3,5,3,4,5,3,5,5,5,4,3,4,5,5,0,0,FALSE,-0.757464267003349
"dissatisfied","Loyal Customer",63,"Personal Travel","Eco Plus",1867,3,5,3,4,2,3,2,2,4,5,5,5,5,2,69,55,FALSE,-13.2980535561426
"dissatisfied","Loyal Customer",60,"Personal Travel","Eco",1155,3,5,3,4,2,3,1,2,4,4,2,1,4,2,2,6,FALSE,3.28483749273175
"dissatisfied","Loyal Customer",47,"Personal Travel","Eco",2705,3,5,3,5,3,3,3,3,5,2,5,3,5,3,0,14,FALSE,13.2425357329967
"dissatisfied","Loyal Customer",14,"Personal Travel","Eco",2084,3,5,3,5,4,3,4,4,2,2,4,4,5,4,0,0,FALSE,-0.757464267003349
"dissatisfied","Loyal Customer",9,"Personal Travel","Eco",1161,3,5,3,5,1,3,1,1,5,5,4,5,4,1,0,0,FALSE,-0.757464267003349
"dissatisfied","Loyal Customer",42,"Personal Travel","Eco",382,3,5,3,5,5,5,5,2,2,3,2,1,2,5,2,0,FALSE,-2.71516250726825
"dissatisfied","Loyal Customer",15,"Personal Travel","Eco",2810,3,5,4,1,5,4,5,5,3,5,5,3,5,5,48,8,FALSE,-39.7422220333611
"dissatisfied","Loyal Customer",8,"Personal Travel","Eco",1929,3,5,4,4,2,4,3,2,4,2,4,5,2,2,3,12,FALSE,8.30598837259929
"dissatisfied","Loyal Customer",54,"Personal Travel","Eco",1961,3,5,5,3,1,5,1,1,4,2,4,5,5,1,0,0,FALSE,-0.757464267003349
"dissatisfied","Loyal Customer",56,"Personal Travel","Eco",2365,4,0,4,4,3,4,4,3,4,4,4,3,4,3,0,21,TRUE,20.2425357329967
"dissatisfied","Loyal Customer",12,"Personal Travel","Eco",2817,4,1,4,2,2,4,3,2,3,1,3,1,2,2,0,0,FALSE,-0.757464267003349
"dissatisfied","Loyal Customer",51,"Personal Travel","Eco",443,4,1,4,2,3,3,3,2,2,4,2,3,2,2,0,0,FALSE,-0.757464267003349
"dissatisfied","Loyal Customer",26,"Personal Travel","Eco",2116,4,1,4,2,2,4,2,2,1,3,3,1,3,2,6,13,FALSE,6.36944101220193
"satisfied","Loyal Customer",51,"Personal Travel","Eco Plus",1959,4,1,4,4,1,4,1,1,1,4,3,4,3,1,1,0,FALSE,-1.7363133871358
"dissatisfied","Loyal Customer",8,"Personal Travel","Eco",2428,4,2,4,3,2,4,2,2,4,5,4,2,4,2,0,5,FALSE,4.24253573299665
"satisfied","Loyal Customer",46,"Personal Travel","Eco",2243,4,2,4,3,4,4,4,4,1,5,3,2,3,4,0,0,FALSE,-0.757464267003349
"dissatisfied","Loyal Customer",14,"Personal Travel","Eco",1825,4,2,4,3,4,4,4,4,3,5,3,1,3,4,0,2,FALSE,1.24253573299665
"dissatisfied","Loyal Customer",40,"Personal Travel","Eco",2763,4,2,4,4,2,4,2,2,2,5,3,4,4,2,0,0,FALSE,-0.757464267003349
"dissatisfied","Loyal Customer",19,"Personal Travel","Eco",2546,4,2,5,4,5,5,5,5,3,5,3,1,4,5,31,24,FALSE,-7.10178699110938
"dissatisfied","Loyal Customer",38,"Personal Travel","Eco",1174,4,3,0,3,1,0,1,1,1,1,3,4,4,1,0,0,TRUE,-0.757464267003349
"dissatisfied","Loyal Customer",60,"Personal Travel","Eco",353,4,3,2,2,5,3,1,5,5,2,5,3,5,1,0,0,FALSE,-0.757464267003349
"satisfied","Loyal Customer",69,"Personal Travel","Eco",1115,4,3,3,3,3,3,3,4,4,3,4,3,4,1,0,0,FALSE,-0.757464267003349
"dissatisfied","Loyal Customer",37,"Personal Travel","Eco",3922,4,3,4,2,1,4,1,1,4,1,2,2,3,1,0,0,FALSE,-0.757464267003349
"dissatisfied","Loyal Customer",45,"Personal Travel","Eco",204,4,3,4,2,2,3,5,2,2,4,2,4,2,5,0,0,FALSE,-0.757464267003349
"dissatisfied","Loyal Customer",14,"Personal Travel","Eco",1836,4,3,4,3,5,4,5,5,1,2,2,1,5,5,3,9,FALSE,5.30598837259929
"dissatisfied","Loyal Customer",12,"Personal Travel","Eco",2018,4,3,4,3,2,4,2,2,3,4,2,1,3,2,0,0,FALSE,-0.757464267003349
"dissatisfied","Loyal Customer",10,"Personal Travel","Business",2473,4,3,4,4,4,4,4,4,2,4,3,4,4,4,0,0,FALSE,-0.757464267003349
"dissatisfied","Loyal Customer",47,"Personal Travel","Eco",882,4,3,4,4,1,4,3,4,4,4,3,1,4,1,15,8,FALSE,-7.44020106899014
"dissatisfied","Loyal Customer",16,"Personal Travel","Eco",2477,4,3,4,4,5,4,5,5,2,4,4,4,4,5,22,14,FALSE,-8.29214490991731
"dissatisfied","Loyal Customer",63,"Personal Travel","Eco",332,4,3,4,4,2,3,4,4,4,4,4,3,4,1,0,1,FALSE,0.242535732996651
"satisfied","Loyal Customer",34,"Personal Travel","Eco",1380,4,4,2,1,4,2,4,4,4,5,4,5,5,4,0,0,FALSE,-0.757464267003349
"dissatisfied","Loyal Customer",42,"Personal Travel","Business",782,4,4,3,2,4,5,5,2,2,3,3,5,2,5,0,0,FALSE,-0.757464267003349
"dissatisfied","Loyal Customer",60,"Personal Travel","Business",1009,4,4,4,1,3,5,5,4,4,4,4,5,4,3,3,0,FALSE,-3.69401162740071
"dissatisfied","Loyal Customer",62,"Personal Travel","Eco",341,4,4,4,1,4,5,3,4,4,4,4,3,4,2,0,8,FALSE,7.24253573299665
"dissatisfied","Loyal Customer",34,"Personal Travel","Eco",1491,4,4,4,1,1,4,1,1,3,5,4,4,5,1,0,0,FALSE,-0.757464267003349
"satisfied","Loyal Customer",60,"Personal Travel","Eco",1039,4,4,4,2,1,3,2,2,2,4,2,5,2,3,0,0,FALSE,-0.757464267003349
"satisfied","Loyal Customer",45,"Personal Travel","Eco",2796,4,4,4,3,5,4,5,5,3,2,4,2,3,5,127,123,FALSE,-2.07130252382486
"satisfied","Loyal Customer",61,"Personal Travel","Eco",3108,4,4,4,3,2,4,2,2,5,5,5,5,4,2,2,5,FALSE,2.28483749273175
"dissatisfied","Loyal Customer",36,"Personal Travel","Eco",2410,4,4,4,3,5,4,5,5,3,3,3,3,4,5,0,13,FALSE,12.2425357329967
"satisfied","Loyal Customer",38,"Personal Travel","Eco",1658,4,4,4,3,5,4,5,5,3,4,4,4,4,5,5,8,FALSE,2.34829013233439
"satisfied","Loyal Customer",35,"Personal Travel","Eco",2084,4,4,4,3,2,4,2,2,4,5,5,5,5,2,0,0,FALSE,-0.757464267003349
"dissatisfied","Loyal Customer",68,"Personal Travel","Eco",2094,4,4,4,3,3,4,3,3,2,1,3,2,4,3,13,14,FALSE,0.517497171274765
"satisfied","Loyal Customer",37,"Personal Travel","Eco Plus",1849,4,4,4,3,3,4,3,3,4,2,5,5,4,3,7,4,FALSE,-3.60940810793052
"dissatisfied","Loyal Customer",37,"Personal Travel","Eco",1589,4,4,4,3,1,4,1,1,5,1,5,5,2,1,26,42,FALSE,15.7924586095529
"satisfied","Loyal Customer",59,"Personal Travel","Eco",245,4,4,4,3,1,4,4,1,1,4,1,4,1,2,0,0,FALSE,-0.757464267003349
"dissatisfied","Loyal Customer",41,"Personal Travel","Eco",2694,4,4,4,4,4,4,2,4,3,4,4,4,5,4,7,0,FALSE,-7.60940810793052
"dissatisfied","Loyal Customer",67,"Personal Travel","Eco",484,4,4,4,4,4,4,4,1,1,4,1,2,1,3,19,20,FALSE,0.644402450480049
"dissatisfied","Loyal Customer",8,"Personal Travel","Eco",1860,4,4,4,4,1,4,1,1,3,3,4,5,4,1,1,0,FALSE,-1.7363133871358
"dissatisfied","Loyal Customer",63,"Personal Travel","Eco",1675,4,4,4,5,3,4,3,3,4,5,4,4,5,3,0,0,FALSE,-0.757464267003349
"dissatisfied","Loyal Customer",8,"Personal Travel","Eco",3854,4,5,4,1,4,5,5,3,3,4,5,5,3,5,0,41,FALSE,40.2425357329967
"dissatisfied","Loyal Customer",51,"Personal Travel","Eco",683,4,5,4,1,5,5,3,5,5,4,1,1,5,3,22,11,FALSE,-11.2921449099173
"dissatisfied","Loyal Customer",49,"Personal Travel","Eco Plus",1382,4,5,4,1,5,4,5,5,5,1,1,5,2,5,0,0,FALSE,-0.757464267003349
"dissatisfied","Loyal Customer",33,"Personal Travel","Eco",2886,4,5,4,2,3,4,3,3,5,2,4,4,5,3,0,0,FALSE,-0.757464267003349
"dissatisfied","Loyal Customer",61,"Personal Travel","Eco",2251,4,5,4,2,2,4,2,2,3,4,5,4,5,2,48,63,FALSE,15.2577779666389
"satisfied","Loyal Customer",26,"Personal Travel","Eco Plus",1892,4,5,4,2,4,4,4,4,5,3,1,1,2,4,0,0,FALSE,-0.757464267003349
"dissatisfied","Loyal Customer",37,"Personal Travel","Eco",1880,4,5,4,3,3,4,3,3,5,4,5,4,4,3,0,1,FALSE,0.242535732996651
"dissatisfied","Loyal Customer",56,"Personal Travel","Eco",321,4,5,4,3,5,4,4,3,3,4,3,3,3,4,0,0,FALSE,-0.757464267003349
"dissatisfied","Loyal Customer",65,"Personal Travel","Eco",1861,4,5,4,3,5,4,5,5,4,5,4,3,4,5,0,0,FALSE,-0.757464267003349
"dissatisfied","Loyal Customer",30,"Personal Travel","Eco Plus",2225,4,5,4,4,1,4,1,1,4,5,4,3,5,1,1,21,FALSE,19.2636866128642
"dissatisfied","Loyal Customer",70,"Personal Travel","Eco",1871,4,5,4,4,1,4,1,1,4,3,4,4,4,1,0,0,FALSE,-0.757464267003349
"dissatisfied","Loyal Customer",10,"Personal Travel","Business",1179,4,5,4,4,3,4,3,3,4,2,1,5,4,3,0,0,FALSE,-0.757464267003349
"satisfied","Loyal Customer",43,"Personal Travel","Eco",1681,4,5,4,5,4,4,4,4,1,5,3,3,1,4,0,0,FALSE,-0.757464267003349
"dissatisfied","Loyal Customer",42,"Personal Travel","Eco",387,4,5,4,5,3,5,4,2,2,4,2,5,2,3,1,0,FALSE,-1.7363133871358
"dissatisfied","Loyal Customer",14,"Personal Travel","Eco",1356,4,5,5,2,2,5,2,2,4,4,4,4,5,2,0,0,FALSE,-0.757464267003349
"satisfied","Loyal Customer",16,"Personal Travel","Eco",3176,5,1,5,2,1,5,4,1,3,1,1,1,2,1,0,0,FALSE,-0.757464267003349
"satisfied","Loyal Customer",53,"Personal Travel","Eco",2218,5,1,5,2,2,1,2,2,2,3,1,4,1,2,0,0,FALSE,-0.757464267003349
"satisfied","Loyal Customer",28,"Personal Travel","Eco Plus",2094,5,2,5,2,3,5,3,3,4,2,2,4,3,3,0,0,FALSE,-0.757464267003349
"satisfied","Loyal Customer",50,"Personal Travel","Eco",1785,5,2,5,4,5,5,5,5,3,2,2,1,3,5,0,0,FALSE,-0.757464267003349
"satisfied","Loyal Customer",36,"Personal Travel","Eco Plus",1827,5,4,5,1,5,5,5,5,5,5,2,2,3,5,0,0,FALSE,-0.757464267003349
"satisfied","Loyal Customer",37,"Personal Travel","Eco",2733,5,4,5,2,2,5,2,2,4,4,1,4,2,2,1,0,FALSE,-1.7363133871358
"satisfied","Loyal Customer",33,"Personal Travel","Eco",2109,5,4,5,3,2,5,2,2,4,3,4,4,4,2,0,0,FALSE,-0.757464267003349
"satisfied","Loyal Customer",57,"Personal Travel","Eco",343,5,4,5,3,5,5,5,4,4,5,4,3,4,3,1,2,FALSE,0.263686612864197
"satisfied","Loyal Customer",38,"Personal Travel","Eco",1448,5,4,5,3,4,5,2,4,5,4,5,5,5,4,11,4,FALSE,-7.52480458846033
"satisfied","Loyal Customer",33,"Personal Travel","Eco",2455,5,4,5,4,5,5,5,5,3,1,4,4,4,5,0,0,FALSE,-0.757464267003349
"satisfied","Loyal Customer",27,"Personal Travel","Eco",1559,5,4,5,4,4,5,4,4,4,3,5,5,5,4,0,0,FALSE,-0.757464267003349
"satisfied","Loyal Customer",52,"Personal Travel","Eco Plus",2132,5,4,5,5,2,5,2,2,5,2,5,4,5,2,21,12,FALSE,-9.31329578978486
"satisfied","Loyal Customer",29,"Personal Travel","Eco",2385,5,5,5,1,4,5,4,4,3,2,4,3,5,4,26,22,FALSE,-4.20754139044712
"satisfied","Loyal Customer",18,"Personal Travel","Business",2291,5,5,5,1,3,5,3,3,5,5,4,5,5,3,0,13,FALSE,12.2425357329967
"satisfied","Loyal Customer",13,"Personal Travel","Eco",1730,5,5,5,2,3,5,3,3,5,4,5,5,5,3,0,0,FALSE,-0.757464267003349
"satisfied","Loyal Customer",24,"Personal Travel","Eco",1087,5,5,5,2,5,5,1,5,3,4,4,3,5,5,0,0,FALSE,-0.757464267003349
"satisfied","Loyal Customer",12,"Personal Travel","Eco",2165,5,5,5,3,4,5,4,4,5,3,4,3,4,4,4,9,FALSE,4.32713925246684
"satisfied","Loyal Customer",24,"Personal Travel","Eco",2192,5,5,5,4,4,5,4,4,5,3,5,4,4,4,0,0,FALSE,-0.757464267003349
"satisfied","Loyal Customer",44,"Personal Travel","Eco",2001,5,5,5,4,2,5,3,2,3,4,4,4,4,2,0,0,FALSE,-0.757464267003349
"satisfied","Loyal Customer",40,"Personal Travel","Eco",1498,5,5,5,4,3,5,3,3,3,2,5,4,4,3,0,0,FALSE,-0.757464267003349
"satisfied","Loyal Customer",35,"Personal Travel","Eco",2051,5,5,5,4,2,5,2,2,3,5,4,4,5,2,2,3,FALSE,0.284837492731745
"satisfied","disloyal Customer",24,"Business travel","Eco",2050,0,0,0,1,3,0,3,3,3,4,2,2,3,3,0,0,TRUE,-0.757464267003349
"satisfied","disloyal Customer",21,"Business travel","Business",2277,0,0,0,1,4,0,4,4,5,5,5,5,5,4,0,5,TRUE,4.24253573299665
"satisfied","disloyal Customer",21,"Business travel","Eco",1131,0,0,0,2,3,0,3,3,1,2,5,5,5,3,0,0,TRUE,-0.757464267003349
"satisfied","disloyal Customer",23,"Business travel","Eco",2387,0,0,0,3,1,0,1,1,5,4,5,4,4,1,0,0,TRUE,-0.757464267003349
"satisfied","disloyal Customer",23,"Business travel","Business",1686,0,0,0,3,3,0,4,3,5,4,5,4,4,3,0,0,TRUE,-0.757464267003349
"satisfied","disloyal Customer",20,"Business travel","Eco",1842,0,0,0,5,2,0,2,2,4,3,5,3,5,2,0,0,TRUE,-0.757464267003349
"satisfied","disloyal Customer",25,"Business travel","Business",1562,0,0,1,4,4,1,4,4,3,2,5,4,5,4,0,2,TRUE,1.24253573299665
"satisfied","disloyal Customer",21,"Business travel","Eco",2321,0,0,1,5,1,1,1,1,2,4,5,2,3,1,0,0,TRUE,-0.757464267003349
"satisfied","disloyal Customer",25,"Business travel","Business",1819,0,1,0,2,3,0,3,3,4,5,5,4,5,3,0,0,TRUE,-0.757464267003349
"satisfied","disloyal Customer",21,"Business travel","Eco",1958,0,3,0,2,2,0,2,2,2,2,4,3,2,2,0,0,TRUE,-0.757464267003349
"satisfied","disloyal Customer",25,"Business travel","Business",2202,0,5,0,3,4,0,4,4,3,4,4,5,4,4,0,0,TRUE,-0.757464267003349
"dissatisfied","disloyal Customer",40,"Business travel","Business",1840,1,0,0,4,5,0,2,5,3,4,4,3,4,5,11,6,TRUE,-5.52480458846033
"dissatisfied","disloyal Customer",10,"Business travel","Eco",2649,1,0,0,4,5,0,5,5,4,3,4,3,4,5,24,16,TRUE,-8.24984315018221
"dissatisfied","disloyal Customer",44,"Business travel","Eco",1765,1,0,1,3,2,1,2,2,3,1,3,4,4,2,6,0,TRUE,-6.63055898779807
"dissatisfied","disloyal Customer",43,"Business travel","Eco",1937,1,0,1,4,5,1,5,5,4,2,2,3,5,5,0,1,TRUE,0.242535732996651
"dissatisfied","disloyal Customer",27,"Business travel","Eco",1601,1,0,1,4,4,1,4,4,5,5,2,1,5,4,0,0,TRUE,-0.757464267003349
"dissatisfied","disloyal Customer",38,"Business travel","Eco",1560,1,0,1,5,5,1,5,5,5,3,4,4,4,5,0,0,TRUE,-0.757464267003349
"dissatisfied","disloyal Customer",43,"Business travel","Business",3447,1,1,1,1,2,1,2,2,4,5,3,4,4,2,8,0,FALSE,-8.58825722806297
"dissatisfied","disloyal Customer",85,"Business travel","Business",2837,1,1,1,2,1,5,5,4,2,1,1,5,1,5,57,51,FALSE,-5.55186411455316
"dissatisfied","disloyal Customer",33,"Business travel","Eco",1805,1,1,1,2,3,1,3,3,4,1,1,5,5,3,0,0,FALSE,-0.757464267003349
"dissatisfied","disloyal Customer",42,"Business travel","Eco",2455,1,1,1,2,5,1,5,5,4,5,1,2,2,5,91,82,FALSE,-7.83273419905657
"dissatisfied","disloyal Customer",33,"Business travel","Business",3896,1,1,1,2,1,5,1,3,5,4,4,1,5,1,0,1,FALSE,0.242535732996651
"dissatisfied","disloyal Customer",29,"Business travel","Eco",1796,1,1,1,3,4,1,4,4,1,3,3,3,4,4,0,0,FALSE,-0.757464267003349
"dissatisfied","disloyal Customer",28,"Business travel","Eco",1992,1,1,1,3,1,1,3,3,1,4,3,3,2,3,0,13,FALSE,12.2425357329967
"dissatisfied","disloyal Customer",19,"Business travel","Eco",1976,1,1,1,3,4,1,4,4,4,5,4,3,3,4,0,0,FALSE,-0.757464267003349
"dissatisfied","disloyal Customer",29,"Business travel","Eco",2087,1,1,1,3,5,1,5,5,4,2,3,1,3,5,0,7,FALSE,6.24253573299665
"dissatisfied","disloyal Customer",25,"Business travel","Eco",1798,1,1,1,3,2,1,2,2,1,2,2,4,3,2,0,0,FALSE,-0.757464267003349
"dissatisfied","disloyal Customer",19,"Business travel","Business",3455,1,1,1,3,3,1,3,3,4,3,4,1,4,3,2,0,FALSE,-2.71516250726825
"dissatisfied","disloyal Customer",23,"Business travel","Eco",1114,1,1,1,3,4,1,4,4,1,1,4,3,3,4,4,1,FALSE,-3.67286074753316
"dissatisfied","disloyal Customer",44,"Business travel","Business",3645,1,1,1,4,2,1,2,2,3,4,5,3,4,2,0,0,FALSE,-0.757464267003349
"dissatisfied","disloyal Customer",38,"Business travel","Eco",2376,1,1,1,4,3,1,3,3,2,3,4,4,4,3,0,12,FALSE,11.2425357329967
"dissatisfied","disloyal Customer",29,"Business travel","Eco",2662,1,1,1,4,1,2,2,2,5,5,3,2,3,2,186,200,FALSE,17.1765993883605
"dissatisfied","disloyal Customer",45,"Business travel","Eco",1937,1,1,1,4,1,1,4,1,2,1,3,1,3,1,0,0,FALSE,-0.757464267003349
"dissatisfied","disloyal Customer",23,"Business travel","Eco",1548,1,1,1,4,1,1,1,1,2,2,4,4,4,1,0,0,FALSE,-0.757464267003349
"dissatisfied","disloyal Customer",39,"Business travel","Business",2749,1,1,1,5,5,1,5,5,3,5,3,3,5,5,33,30,FALSE,-3.05948523137429
"dissatisfied","disloyal Customer",37,"Business travel","Business",1319,1,1,1,5,4,1,1,4,5,4,5,4,5,4,0,0,FALSE,-0.757464267003349
"dissatisfied","disloyal Customer",28,"Business travel","Business",1746,1,1,1,5,1,1,1,1,5,4,4,4,4,1,0,0,FALSE,-0.757464267003349
"dissatisfied","disloyal Customer",37,"Business travel","Business",1404,1,2,2,4,1,2,1,1,2,1,3,1,4,1,59,58,FALSE,-0.509562354818068
"dissatisfied","disloyal Customer",37,"Business travel","Eco",1809,1,3,1,3,1,1,1,1,1,1,4,3,3,1,0,0,FALSE,-0.757464267003349
"dissatisfied","disloyal Customer",25,"Business travel","Eco Plus",1925,1,3,1,4,5,1,5,5,2,1,2,5,3,5,0,0,FALSE,-0.757464267003349
"dissatisfied","disloyal Customer",25,"Business travel","Eco",1751,1,3,1,4,3,1,3,3,2,1,3,4,5,3,34,25,FALSE,-9.03833435150674
"dissatisfied","disloyal Customer",23,"Business travel","Business",1282,1,3,1,4,5,1,5,5,4,4,4,1,4,5,22,19,FALSE,-3.29214490991731
"dissatisfied","disloyal Customer",25,"Business travel","Eco",1889,1,3,1,4,4,1,4,4,4,3,4,4,3,4,0,0,FALSE,-0.757464267003349
"dissatisfied","disloyal Customer",22,"Business travel","Eco",1461,1,4,1,2,2,1,2,2,4,3,1,1,5,2,0,0,FALSE,-0.757464267003349
"dissatisfied","disloyal Customer",26,"Business travel","Eco",1434,1,5,1,2,4,1,3,4,2,1,1,1,5,4,4,0,FALSE,-4.67286074753316
"dissatisfied","disloyal Customer",40,"Business travel","Eco",1630,2,0,1,4,3,1,3,3,5,1,4,3,3,3,0,0,TRUE,-0.757464267003349
"dissatisfied","disloyal Customer",25,"Business travel","Business",3049,2,0,2,1,3,2,3,3,4,2,5,5,4,3,3,3,TRUE,-0.694011627400707
"dissatisfied","disloyal Customer",65,"Business travel","Eco",1664,2,0,2,1,2,2,2,2,1,4,2,5,4,2,0,0,TRUE,-0.757464267003349
"dissatisfied","disloyal Customer",33,"Business travel","Eco",1760,2,0,2,1,1,2,1,1,5,3,3,3,5,1,0,0,TRUE,-0.757464267003349
"dissatisfied","disloyal Customer",20,"Business travel","Eco",1539,2,0,2,3,2,2,2,2,3,4,4,4,5,2,0,1,TRUE,0.242535732996651
"dissatisfied","disloyal Customer",25,"Business travel","Business",1718,2,0,2,4,4,2,4,4,5,1,3,2,1,4,50,62,TRUE,12.300079726374
"dissatisfied","disloyal Customer",26,"Business travel","Business",2732,2,0,2,5,3,2,3,3,3,2,5,5,4,3,0,0,TRUE,-0.757464267003349
"dissatisfied","disloyal Customer",20,"Business travel","Eco",1059,2,0,2,5,1,2,1,1,5,5,1,3,2,1,1,11,TRUE,9.2636866128642
"dissatisfied","disloyal Customer",34,"Business travel","Eco",2374,2,1,1,2,3,1,1,3,3,1,2,1,3,3,21,21,FALSE,-0.313295789784857
"dissatisfied","disloyal Customer",38,"Business travel","Business",1568,2,1,1,3,3,1,2,3,4,2,4,5,5,3,0,0,FALSE,-0.757464267003349
"dissatisfied","disloyal Customer",36,"Business travel","Eco",2326,2,1,1,4,2,1,2,2,5,3,2,5,2,2,0,0,FALSE,-0.757464267003349
"dissatisfied","disloyal Customer",61,"Business travel","Eco",1875,2,1,2,3,1,2,1,1,4,3,4,2,3,1,0,0,FALSE,-0.757464267003349
"dissatisfied","disloyal Customer",30,"Business travel","Eco",2390,2,2,2,1,2,2,2,2,3,5,5,4,5,2,0,0,FALSE,-0.757464267003349
"dissatisfied","disloyal Customer",38,"Business travel","Eco",2266,2,2,2,1,2,2,2,2,5,5,2,1,4,2,0,7,FALSE,6.24253573299665
"dissatisfied","disloyal Customer",26,"Business travel","Eco",1659,2,2,2,1,5,2,5,5,1,4,3,5,1,5,0,0,FALSE,-0.757464267003349
"dissatisfied","disloyal Customer",23,"Business travel","Eco",2044,2,2,2,1,2,2,2,2,3,5,2,2,2,2,20,30,FALSE,9.6655533303476
"dissatisfied","disloyal Customer",26,"Business travel","Business",2220,2,2,2,1,2,2,2,2,5,3,4,5,4,2,0,8,FALSE,7.24253573299665
"dissatisfied","disloyal Customer",23,"Business travel","Eco",2221,2,2,2,2,5,2,5,5,2,2,3,4,3,5,3,8,FALSE,4.30598837259929
"dissatisfied","disloyal Customer",22,"Business travel","Eco",2751,2,2,2,2,2,2,2,2,3,5,2,4,2,2,106,97,FALSE,-7.51547100104334
"dissatisfied","disloyal Customer",27,"Business travel","Eco",2412,2,2,2,2,1,2,1,1,1,4,2,2,3,1,83,88,FALSE,5.99805876200307
"dissatisfied","disloyal Customer",50,"Business travel","Business",1838,2,2,2,3,3,2,3,3,3,3,4,5,5,3,0,0,FALSE,-0.757464267003349
"dissatisfied","disloyal Customer",42,"Business travel","Business",2862,2,2,2,3,2,2,1,2,4,5,4,3,5,2,0,0,FALSE,-0.757464267003349
"dissatisfied","disloyal Customer",37,"Business travel","Business",1467,2,2,2,3,2,2,2,2,5,5,5,4,5,2,0,7,FALSE,6.24253573299665
"dissatisfied","disloyal Customer",24,"Business travel","Eco",1562,2,2,2,3,1,2,1,1,3,1,3,4,3,1,97,94,FALSE,-1.70582891985126
"dissatisfied","disloyal Customer",59,"Business travel","Business",1851,2,2,2,4,3,2,3,3,3,2,5,5,4,3,0,0,FALSE,-0.757464267003349
"dissatisfied","disloyal Customer",55,"Business travel","Eco Plus",1403,2,2,2,4,5,2,4,5,3,4,2,3,1,5,63,59,FALSE,-3.42495883534788
"dissatisfied","disloyal Customer",49,"Business travel","Eco Plus",1776,2,2,2,4,1,2,5,1,3,3,4,4,4,1,0,0,FALSE,-0.757464267003349
"dissatisfied","disloyal Customer",45,"Business travel","Business",1883,2,2,2,4,1,2,1,1,3,3,4,5,4,1,0,0,FALSE,-0.757464267003349
"dissatisfied","disloyal Customer",44,"Business travel","Business",1623,2,2,2,4,2,2,2,2,3,3,4,1,3,2,15,21,FALSE,5.55979893100986
"satisfied","disloyal Customer",39,"Business travel","Business",1950,2,2,2,4,5,2,3,5,2,3,4,5,5,5,0,0,FALSE,-0.757464267003349
"dissatisfied","disloyal Customer",39,"Business travel","Business",2403,2,2,2,4,2,2,2,2,3,1,3,4,4,2,88,102,FALSE,15.1038131613408
"dissatisfied","disloyal Customer",39,"Business travel","Business",1834,2,2,2,4,4,2,4,4,2,4,2,1,3,4,10,13,FALSE,2.45404453167212
"dissatisfied","disloyal Customer",24,"Business travel","Eco",2281,2,2,2,4,4,2,4,4,2,2,3,4,3,4,5,0,FALSE,-5.65170986766561
"dissatisfied","disloyal Customer",38,"Business travel","Business",1328,2,2,2,4,3,2,3,3,4,4,5,5,5,3,17,9,FALSE,-8.39789930925505
"dissatisfied","disloyal Customer",37,"Business travel","Business",2334,2,2,2,4,1,2,1,1,3,2,5,4,4,1,50,10,FALSE,-39.699920273626
"dissatisfied","disloyal Customer",24,"Business travel","Eco",2205,2,2,2,4,4,2,4,4,4,2,4,3,4,4,13,8,FALSE,-5.48250282872523
"dissatisfied","disloyal Customer",25,"Business travel","Eco",2364,2,2,2,4,4,2,4,4,2,3,4,1,4,4,13,4,FALSE,-9.48250282872524
"dissatisfied","disloyal Customer",34,"Business travel","Eco",2189,2,2,2,4,4,2,4,4,4,4,4,1,4,4,7,37,FALSE,29.3905918920695
"dissatisfied","disloyal Customer",26,"Business travel","Eco",1599,2,2,2,4,2,2,2,2,3,5,3,2,3,2,0,0,FALSE,-0.757464267003349
"dissatisfied","disloyal Customer",44,"Business travel","Business",1559,2,2,2,5,2,2,2,2,3,4,4,5,4,2,6,40,FALSE,33.3694410122019
"dissatisfied","disloyal Customer",39,"Business travel","Business",2160,2,2,2,5,5,2,5,5,4,5,5,5,5,5,4,0,FALSE,-4.67286074753316
"dissatisfied","disloyal Customer",22,"Business travel","Eco",1698,2,3,2,3,5,2,5,5,1,5,2,3,3,5,5,7,FALSE,1.34829013233439
"dissatisfied","disloyal Customer",17,"Business travel","Eco",1440,2,3,2,4,3,2,3,3,4,3,3,1,3,3,28,43,FALSE,14.834760369288
"dissatisfied","disloyal Customer",40,"Business travel","Business",1345,2,3,3,1,3,3,3,3,4,2,4,4,5,3,0,3,FALSE,2.24253573299665
"dissatisfied","disloyal Customer",36,"Business travel","Eco",2391,2,3,3,3,1,3,1,1,1,1,5,3,3,1,24,10,FALSE,-14.2498431501822
"dissatisfied","disloyal Customer",36,"Business travel","Eco Plus",1882,2,3,3,4,1,3,1,1,1,4,4,4,4,1,12,14,FALSE,1.49634629140722
"dissatisfied","disloyal Customer",42,"Business travel","Business",2699,2,3,3,5,5,2,4,5,5,5,4,4,4,5,0,0,FALSE,-0.757464267003349
"dissatisfied","disloyal Customer",22,"Business travel","Eco",2002,2,4,2,3,3,2,3,3,5,2,4,3,4,3,10,6,FALSE,-4.54595546832788
"dissatisfied","disloyal Customer",45,"Business travel","Eco",1801,2,4,2,4,2,2,2,2,1,4,3,4,4,2,0,0,FALSE,-0.757464267003349
"dissatisfied","disloyal Customer",21,"Business travel","Eco",1816,2,4,2,4,1,2,2,1,1,4,3,2,3,1,9,14,FALSE,4.43289365180458
"dissatisfied","disloyal Customer",25,"Business travel","Eco",1751,3,0,3,3,2,3,3,2,3,1,4,3,4,2,0,0,TRUE,-0.757464267003349
"dissatisfied","disloyal Customer",20,"Business travel","Eco",1700,3,0,3,3,5,3,2,5,5,3,4,4,5,5,0,0,TRUE,-0.757464267003349
"dissatisfied","disloyal Customer",20,"Business travel","Eco",1609,3,0,3,3,4,3,4,4,1,1,2,3,4,4,0,4,TRUE,3.24253573299665
"dissatisfied","disloyal Customer",32,"Business travel","Eco",1247,3,0,3,4,2,3,2,2,1,5,1,1,1,2,0,0,TRUE,-0.757464267003349
"dissatisfied","disloyal Customer",30,"Business travel","Eco",1662,3,0,3,5,3,3,3,3,2,5,2,4,2,3,0,5,TRUE,4.24253573299665
"dissatisfied","disloyal Customer",24,"Business travel","Eco",1698,3,1,2,3,4,2,4,4,1,5,2,4,3,4,5,3,FALSE,-2.65170986766561
"dissatisfied","disloyal Customer",26,"Business travel","Eco",1484,3,1,3,2,3,3,3,3,3,4,2,4,2,3,0,22,FALSE,21.2425357329967
"dissatisfied","disloyal Customer",20,"Business travel","Eco",1681,3,1,3,3,5,3,3,5,2,3,4,1,4,5,20,9,FALSE,-11.3344466696524
"dissatisfied","disloyal Customer",27,"Business travel","Eco",2222,3,1,3,4,3,3,3,3,2,4,3,4,4,3,0,0,FALSE,-0.757464267003349
"dissatisfied","disloyal Customer",22,"Business travel","Eco",2728,3,2,2,3,5,2,1,5,1,5,1,2,4,5,0,0,FALSE,-0.757464267003349
"dissatisfied","disloyal Customer",40,"Business travel","Eco",1893,3,2,2,3,2,2,3,2,3,5,3,4,4,2,27,20,FALSE,-7.18639051057957
"dissatisfied","disloyal Customer",54,"Business travel","Eco",1183,3,2,2,3,4,2,4,4,3,3,3,1,2,4,0,0,FALSE,-0.757464267003349
"dissatisfied","disloyal Customer",49,"Business travel","Business",3849,3,2,2,4,5,3,5,5,3,4,5,5,5,5,5,0,FALSE,-5.65170986766561
"satisfied","disloyal Customer",23,"Business travel","Eco",2690,3,2,2,4,1,3,1,1,3,5,3,3,5,1,2,0,FALSE,-2.71516250726825
"dissatisfied","disloyal Customer",33,"Business travel","Eco",1905,3,2,3,3,3,3,3,3,4,1,4,2,3,3,0,0,FALSE,-0.757464267003349
"dissatisfied","disloyal Customer",27,"Business travel","Eco",1995,3,2,3,3,1,3,5,1,4,1,4,3,4,1,0,0,FALSE,-0.757464267003349
"dissatisfied","disloyal Customer",54,"Business travel","Business",1308,3,3,3,1,2,3,2,2,4,5,4,5,4,2,84,73,FALSE,-9.98079035812938
"dissatisfied","disloyal Customer",43,"Business travel","Eco",2274,3,3,3,1,2,3,3,2,4,4,3,3,2,2,0,0,FALSE,-0.757464267003349
"satisfied","disloyal Customer",42,"Business travel","Business",1724,3,3,3,1,2,3,2,2,3,2,5,4,4,2,2,21,FALSE,18.2848374927317
"dissatisfied","disloyal Customer",41,"Business travel","Eco Plus",3264,3,3,3,1,3,4,4,1,1,4,1,4,1,4,10,26,FALSE,15.4540445316721
"dissatisfied","disloyal Customer",39,"Business travel","Business",2210,3,3,3,1,4,3,4,4,5,5,5,5,5,4,8,4,FALSE,-4.58825722806297
"dissatisfied","disloyal Customer",26,"Business travel","Business",1702,3,3,3,1,3,3,1,3,4,3,4,3,2,3,0,0,FALSE,-0.757464267003349
"dissatisfied","disloyal Customer",50,"Business travel","Business",1860,3,3,3,2,4,3,4,4,5,1,4,5,1,4,0,0,FALSE,-0.757464267003349
"dissatisfied","disloyal Customer",49,"Business travel","Eco Plus",1597,3,3,3,2,1,3,1,1,1,5,3,4,2,1,2,9,FALSE,6.28483749273174
"dissatisfied","disloyal Customer",47,"Business travel","Business",1924,3,3,3,2,1,3,1,1,3,4,4,5,4,1,12,9,FALSE,-3.50365370859278
"dissatisfied","disloyal Customer",23,"Business travel","Eco",2557,3,3,3,2,2,3,2,2,3,1,3,1,3,2,0,6,FALSE,5.24253573299665
"dissatisfied","disloyal Customer",30,"Business travel","Eco Plus",1627,3,3,3,2,5,3,5,5,3,2,3,1,3,5,14,21,FALSE,6.53864805114231
"dissatisfied","disloyal Customer",22,"Business travel","Eco",2265,3,3,3,2,3,3,4,3,2,3,1,2,4,3,0,0,FALSE,-0.757464267003349
"dissatisfied","disloyal Customer",21,"Business travel","Eco",2445,3,3,3,2,1,3,1,1,2,1,3,4,3,1,0,0,FALSE,-0.757464267003349
"dissatisfied","disloyal Customer",27,"Business travel","Business",1876,3,3,3,2,2,3,2,2,5,3,4,3,5,2,68,61,FALSE,-6.31920443601014
"dissatisfied","disloyal Customer",26,"Business travel","Business",1777,3,3,3,2,5,3,5,5,4,4,5,4,4,5,0,0,FALSE,-0.757464267003349
"dissatisfied","disloyal Customer",22,"Business travel","Eco",3205,3,3,3,3,2,3,2,2,4,2,2,2,4,2,0,0,FALSE,-0.757464267003349
"dissatisfied","disloyal Customer",10,"Business travel","Eco",2959,3,3,3,3,2,3,2,2,2,1,1,1,2,2,33,18,FALSE,-15.0594852313743
"dissatisfied","disloyal Customer",41,"Business travel","Business",1063,3,3,3,3,3,3,3,3,3,5,3,4,4,3,9,7,FALSE,-2.56710634819542
"dissatisfied","disloyal Customer",41,"Business travel","Eco",2505,3,3,3,3,5,3,5,5,4,1,4,5,3,5,1,0,FALSE,-1.7363133871358
"dissatisfied","disloyal Customer",36,"Business travel","Business",4332,3,3,3,3,3,3,3,3,5,5,3,3,4,3,0,0,FALSE,-0.757464267003349
"dissatisfied","disloyal Customer",22,"Business travel","Eco",1717,3,3,3,3,2,3,2,2,4,1,1,4,5,2,0,0,FALSE,-0.757464267003349
"dissatisfied","disloyal Customer",27,"Business travel","Eco",2401,3,3,3,3,1,3,1,1,3,4,5,3,5,1,0,0,FALSE,-0.757464267003349
"dissatisfied","disloyal Customer",35,"Business travel","Business",1584,3,3,3,3,2,3,1,2,3,2,5,4,5,2,5,0,FALSE,-5.65170986766561
"dissatisfied","disloyal Customer",35,"Business travel","Business",1171,3,3,3,3,3,3,3,3,5,3,4,4,5,3,0,0,FALSE,-0.757464267003349
"dissatisfied","disloyal Customer",34,"Business travel","Business",1442,3,3,3,3,5,3,5,5,5,2,4,3,5,5,27,31,FALSE,3.81360948942043
"dissatisfied","disloyal Customer",29,"Business travel","Business",2641,3,3,3,3,1,3,1,1,4,4,5,4,5,1,7,25,FALSE,17.3905918920695
"dissatisfied","disloyal Customer",21,"Business travel","Eco",2371,3,3,3,3,5,3,4,5,2,2,3,3,3,5,0,0,FALSE,-0.757464267003349
"dissatisfied","disloyal Customer",22,"Business travel","Eco",2199,3,3,3,3,4,3,2,4,2,4,3,4,2,4,35,30,FALSE,-5.0171834716392
"dissatisfied","disloyal Customer",25,"Business travel","Eco",1966,3,3,3,3,5,3,5,5,2,1,3,3,3,5,5,4,FALSE,-1.65170986766561
"dissatisfied","disloyal Customer",27,"Business travel","Eco",2203,3,3,3,3,3,3,3,3,3,2,3,3,3,3,0,15,FALSE,14.2425357329967
"dissatisfied","disloyal Customer",42,"Business travel","Eco",1663,3,3,3,3,5,3,5,5,3,3,4,4,3,5,0,0,FALSE,-0.757464267003349
"dissatisfied","disloyal Customer",37,"Business travel","Eco",1852,3,3,3,3,3,3,3,2,2,3,3,3,2,3,152,163,FALSE,13.4574694728638
"dissatisfied","disloyal Customer",48,"Business travel","Business",1911,3,3,3,4,2,3,1,2,1,3,4,3,3,2,11,6,FALSE,-5.52480458846033
"dissatisfied","disloyal Customer",44,"Business travel","Eco",2187,3,3,3,4,4,3,4,4,4,1,4,3,3,4,38,27,FALSE,-10.9537308320366
"dissatisfied","disloyal Customer",36,"Business travel","Business",3132,3,3,3,4,3,3,3,3,4,3,3,3,5,3,0,0,FALSE,-0.757464267003349
"dissatisfied","disloyal Customer",50,"Business travel","Eco",2873,3,3,3,4,4,3,4,4,3,1,4,2,4,4,0,0,FALSE,-0.757464267003349
"dissatisfied","disloyal Customer",27,"Business travel","Eco",2282,3,3,3,4,4,3,4,4,1,3,4,2,1,4,0,0,FALSE,-0.757464267003349
"dissatisfied","disloyal Customer",30,"Business travel","Eco",1693,3,3,3,4,4,3,4,4,4,4,4,3,4,4,23,47,FALSE,23.7290059699502
"dissatisfied","disloyal Customer",23,"Business travel","Eco",1993,3,3,3,4,5,3,5,5,1,4,4,3,4,5,1,0,FALSE,-1.7363133871358
"dissatisfied","disloyal Customer",24,"Business travel","Business",1946,3,3,3,4,3,3,3,3,2,1,3,1,3,3,0,0,FALSE,-0.757464267003349
"dissatisfied","disloyal Customer",77,"Business travel","Eco",1201,3,3,3,4,2,3,2,2,4,1,3,3,4,2,0,0,FALSE,-0.757464267003349
"dissatisfied","disloyal Customer",22,"Business travel","Eco",2645,3,3,3,5,4,3,4,4,4,3,4,4,5,4,0,0,FALSE,-0.757464267003349
"dissatisfied","disloyal Customer",27,"Business travel","Eco Plus",2114,3,3,3,5,4,3,4,4,2,4,5,5,4,4,0,0,FALSE,-0.757464267003349
"dissatisfied","disloyal Customer",21,"Business travel","Eco",2412,3,3,3,5,1,3,1,1,5,5,3,2,3,1,0,0,FALSE,-0.757464267003349
"dissatisfied","disloyal Customer",30,"Business travel","Eco",1790,3,4,3,1,3,3,3,3,2,1,3,4,1,3,19,10,FALSE,-9.35559754951995
"dissatisfied","disloyal Customer",9,"Business travel","Eco",1932,3,4,3,3,1,3,1,1,1,1,3,1,3,1,0,0,FALSE,-0.757464267003349
"dissatisfied","disloyal Customer",23,"Business travel","Business",2148,3,4,3,3,4,3,4,4,4,1,4,2,4,4,0,0,FALSE,-0.757464267003349
"dissatisfied","disloyal Customer",43,"Business travel","Eco",1330,3,4,3,4,4,3,4,4,1,3,4,1,3,4,2,2,FALSE,-0.715162507268255
"dissatisfied","disloyal Customer",45,"Business travel","Eco",2293,3,4,4,1,2,4,2,2,3,3,4,5,3,2,0,0,FALSE,-0.757464267003349
"dissatisfied","disloyal Customer",47,"Business travel","Eco Plus",1428,3,4,4,3,5,3,1,5,1,1,3,3,3,5,0,0,FALSE,-0.757464267003349
"satisfied","disloyal Customer",41,"Business travel","Business",2300,3,4,4,3,3,4,5,3,5,5,4,5,4,5,206,208,FALSE,5.59961698571142
"dissatisfied","disloyal Customer",25,"Business travel","Eco",1991,3,4,4,3,3,4,3,3,4,1,4,3,4,3,51,59,FALSE,8.32123060624155
"dissatisfied","disloyal Customer",26,"Business travel","Business",1555,3,5,3,4,4,3,4,4,5,2,4,4,4,4,8,8,FALSE,-0.588257228062971
"dissatisfied","disloyal Customer",36,"Business travel","Eco",2353,3,5,3,4,5,3,5,5,4,4,2,4,4,5,0,0,FALSE,-0.757464267003349
"dissatisfied","disloyal Customer",21,"Business travel","Eco",2019,3,5,3,4,3,2,2,3,4,4,5,2,3,2,251,253,FALSE,6.55140657975102
"dissatisfied","disloyal Customer",38,"Business travel","Eco",1484,4,0,4,1,4,4,2,4,4,3,2,4,2,4,0,0,TRUE,-0.757464267003349
"dissatisfied","disloyal Customer",16,"Business travel","Eco",2264,4,0,4,1,3,4,3,3,4,4,5,4,5,3,0,0,TRUE,-0.757464267003349
"satisfied","disloyal Customer",22,"Business travel","Business",2520,4,0,4,1,2,4,2,2,3,5,4,5,4,2,0,0,TRUE,-0.757464267003349
"satisfied","disloyal Customer",21,"Business travel","Business",1714,4,0,4,1,3,4,3,3,2,5,5,3,5,3,14,10,TRUE,-4.46135194885769
"satisfied","disloyal Customer",25,"Business travel","Business",1578,4,0,4,2,4,4,4,4,5,4,4,3,4,4,2,0,TRUE,-2.71516250726825
"dissatisfied","disloyal Customer",25,"Business travel","Business",2249,4,0,4,2,2,4,2,2,5,4,4,4,4,2,0,14,TRUE,13.2425357329967
"satisfied","disloyal Customer",24,"Business travel","Business",2157,4,0,4,3,3,4,2,3,3,4,4,5,4,3,21,58,TRUE,36.6867042102151
"satisfied","disloyal Customer",21,"Business travel","Business",1833,4,0,4,3,2,4,2,2,3,5,4,5,4,2,0,0,TRUE,-0.757464267003349
"dissatisfied","disloyal Customer",65,"Business travel","Eco",1794,4,1,4,3,2,4,5,2,1,2,3,2,2,2,0,3,FALSE,2.24253573299665
"dissatisfied","disloyal Customer",37,"Business travel","Eco",1542,4,2,4,4,2,4,2,2,1,3,4,2,4,2,0,0,FALSE,-0.757464267003349
"satisfied","disloyal Customer",23,"Business travel","Eco",2649,4,3,3,1,4,3,4,4,4,3,5,5,5,4,0,0,FALSE,-0.757464267003349
"satisfied","disloyal Customer",52,"Business travel","Eco",2295,4,3,3,1,5,3,5,5,3,3,1,5,1,5,0,0,FALSE,-0.757464267003349
"satisfied","disloyal Customer",42,"Business travel","Business",2254,4,3,3,2,2,4,2,2,5,4,5,5,4,2,0,5,FALSE,4.24253573299665
"dissatisfied","disloyal Customer",28,"Business travel","Business",2364,4,3,3,2,2,3,2,2,5,3,4,3,4,2,37,36,FALSE,-0.9748817119041
"satisfied","disloyal Customer",15,"Business travel","Eco",2628,4,3,3,4,5,3,5,5,4,5,4,4,5,5,0,2,FALSE,1.24253573299665
"dissatisfied","disloyal Customer",16,"Business travel","Eco",2042,4,3,4,3,2,4,4,2,1,4,4,4,4,2,0,0,FALSE,-0.757464267003349
"satisfied","disloyal Customer",20,"Business travel","Business",1541,4,3,4,3,5,4,1,5,4,5,4,5,5,5,16,0,FALSE,-16.4190501891226
"dissatisfied","disloyal Customer",24,"Business travel","Eco",1704,4,3,4,4,2,4,2,2,1,2,3,4,3,2,13,7,FALSE,-6.48250282872523
"dissatisfied","disloyal Customer",22,"Business travel","Business",1494,4,3,4,4,4,4,4,4,3,2,4,1,3,4,90,94,FALSE,5.14611492107589
"dissatisfied","disloyal Customer",37,"Business travel","Business",1589,4,4,4,1,5,4,5,5,5,2,4,3,5,5,0,0,FALSE,-0.757464267003349
"satisfied","disloyal Customer",24,"Business travel","Eco",2739,4,4,4,2,1,4,1,1,3,2,5,5,4,1,23,0,FALSE,-23.2709940300498
"dissatisfied","disloyal Customer",62,"Business travel","Business",2022,4,4,4,3,1,4,1,1,3,5,5,4,5,1,0,0,FALSE,-0.757464267003349
"satisfied","disloyal Customer",23,"Business travel","Eco",2621,4,4,4,3,2,4,2,2,4,4,3,5,4,2,32,38,FALSE,5.91936388875816
"satisfied","disloyal Customer",38,"Business travel","Eco",3075,4,4,4,3,5,4,5,5,5,2,3,1,2,5,0,13,FALSE,12.2425357329967
"satisfied","disloyal Customer",40,"Business travel","Business",2105,4,4,4,3,5,4,5,5,5,3,4,3,5,5,0,4,FALSE,3.24253573299665
"satisfied","disloyal Customer",38,"Business travel","Business",1689,4,4,4,3,5,4,5,5,3,5,4,5,4,5,0,0,FALSE,-0.757464267003349
"dissatisfied","disloyal Customer",23,"Business travel","Eco",2564,4,4,4,3,4,4,4,4,3,4,2,5,2,4,0,2,FALSE,1.24253573299665
"dissatisfied","disloyal Customer",36,"Business travel","Business",2180,4,4,4,3,5,4,5,5,3,2,5,5,5,5,0,0,FALSE,-0.757464267003349
"dissatisfied","disloyal Customer",36,"Business travel","Business",1710,4,4,4,3,1,4,1,1,3,4,4,3,4,1,0,0,FALSE,-0.757464267003349
"satisfied","disloyal Customer",19,"Business travel","Eco",2308,4,4,4,3,4,4,4,4,4,3,3,5,4,4,15,0,FALSE,-15.4402010689901
"satisfied","disloyal Customer",28,"Business travel","Business",2228,4,4,4,3,2,4,2,2,5,4,4,5,4,2,3,0,FALSE,-3.69401162740071
"satisfied","disloyal Customer",27,"Business travel","Business",2704,4,4,4,3,3,4,3,3,3,3,5,3,4,3,27,17,FALSE,-10.1863905105796
"dissatisfied","disloyal Customer",27,"Business travel","Business",1304,4,4,4,3,5,4,5,5,1,4,4,2,4,5,0,0,FALSE,-0.757464267003349
"satisfied","disloyal Customer",24,"Business travel","Eco",2304,4,4,4,3,1,4,1,1,4,5,5,3,5,1,0,0,FALSE,-0.757464267003349
"dissatisfied","disloyal Customer",30,"Business travel","Eco",1890,4,4,4,3,2,4,2,2,5,1,4,1,3,2,22,NA,FALSE,NA
"dissatisfied","disloyal Customer",27,"Business travel","Eco",1742,4,4,4,4,2,4,2,2,1,1,4,2,3,2,6,18,FALSE,11.3694410122019
"dissatisfied","disloyal Customer",16,"Business travel","Eco",1895,4,4,4,4,1,4,1,1,3,4,4,3,4,1,27,29,FALSE,1.81360948942043
"dissatisfied","disloyal Customer",48,"Business travel","Business",1515,4,4,4,4,3,4,3,3,5,3,4,5,5,3,0,0,FALSE,-0.757464267003349
"satisfied","disloyal Customer",20,"Business travel","Eco",2472,4,4,4,4,4,4,4,4,4,2,3,3,4,4,0,0,FALSE,-0.757464267003349
"satisfied","disloyal Customer",37,"Business travel","Business",1582,4,4,4,4,4,4,4,4,5,4,4,3,5,4,0,0,FALSE,-0.757464267003349
"dissatisfied","disloyal Customer",29,"Business travel","Eco",2882,4,4,4,5,3,4,3,3,1,1,4,1,3,3,1,0,FALSE,-1.7363133871358
"satisfied","disloyal Customer",50,"Business travel","Business",3298,4,4,4,5,4,4,4,4,4,2,4,4,5,4,0,0,FALSE,-0.757464267003349
"satisfied","disloyal Customer",48,"Business travel","Business",2870,4,4,4,5,3,4,3,3,4,5,4,3,4,3,0,0,FALSE,-0.757464267003349
"satisfied","disloyal Customer",26,"Business travel","Business",2264,4,4,4,5,3,4,3,3,4,4,4,4,4,3,102,101,FALSE,0.399925479486469
"dissatisfied","disloyal Customer",24,"Business travel","Eco",2477,4,4,4,5,2,4,2,2,1,2,4,2,4,2,85,91,FALSE,7.04036052173816
"satisfied","disloyal Customer",19,"Business travel","Business",2101,4,4,5,3,2,5,2,2,5,5,5,4,4,2,0,0,FALSE,-0.757464267003349
"satisfied","disloyal Customer",24,"Business travel","Business",1425,4,5,4,1,2,4,2,2,5,4,5,4,4,2,0,0,FALSE,-0.757464267003349
"dissatisfied","disloyal Customer",23,"Business travel","Eco",2043,4,5,4,2,3,4,3,3,4,3,5,5,5,3,0,0,FALSE,-0.757464267003349
"satisfied","disloyal Customer",17,"Business travel","Business",2998,4,5,4,4,2,4,3,2,4,4,4,3,5,2,0,0,FALSE,-0.757464267003349
"satisfied","disloyal Customer",25,"Business travel","Business",1706,5,0,5,1,1,5,1,1,4,4,5,4,4,1,0,0,TRUE,-0.757464267003349
"satisfied","disloyal Customer",23,"Business travel","Business",1309,5,0,5,1,1,5,1,1,4,3,4,4,4,1,0,0,TRUE,-0.757464267003349
"satisfied","disloyal Customer",23,"Business travel","Eco",1873,5,0,5,2,3,0,3,3,3,3,5,4,5,3,0,0,TRUE,-0.757464267003349
"satisfied","disloyal Customer",20,"Business travel","Business",2190,5,0,5,2,2,5,2,2,3,3,5,5,5,2,100,92,TRUE,-6.64237628024863
"satisfied","disloyal Customer",26,"Business travel","Business",1045,5,0,5,3,1,5,1,1,3,3,4,4,5,1,14,12,TRUE,-2.46135194885769
"satisfied","disloyal Customer",22,"Business travel","Eco",1470,5,0,5,4,4,5,4,4,5,5,5,3,4,4,54,51,TRUE,-2.6153167541558
"satisfied","disloyal Customer",21,"Business travel","Business",2898,5,0,5,4,2,5,2,2,3,3,5,3,4,2,0,0,TRUE,-0.757464267003349
"satisfied","disloyal Customer",24,"Business travel","Eco",1198,5,0,5,4,3,5,4,3,4,2,5,3,3,3,0,0,TRUE,-0.757464267003349
"satisfied","disloyal Customer",20,"Business travel","Eco",1078,5,1,5,3,1,5,1,1,4,3,2,2,1,1,4,0,FALSE,-4.67286074753316
"satisfied","disloyal Customer",23,"Business travel","Eco",1681,5,4,5,4,3,5,3,3,4,3,4,4,4,3,9,0,FALSE,-9.56710634819542
"satisfied","disloyal Customer",20,"Business travel","Business",2346,5,5,4,5,2,4,2,2,5,2,3,4,4,2,0,0,FALSE,-0.757464267003349
"satisfied","disloyal Customer",25,"Business travel","Business",2986,5,5,5,1,5,5,5,5,4,4,4,5,5,5,0,21,FALSE,20.2425357329967
"satisfied","disloyal Customer",44,"Business travel","Business",1226,5,5,5,2,3,5,3,3,3,3,4,4,5,3,0,0,FALSE,-0.757464267003349
"satisfied","disloyal Customer",27,"Business travel","Business",3641,5,5,5,2,4,5,4,4,4,4,3,5,4,4,5,0,FALSE,-5.65170986766561
"satisfied","disloyal Customer",26,"Business travel","Business",2886,5,5,5,2,5,5,5,5,4,4,5,4,5,5,8,3,FALSE,-5.58825722806297
"satisfied","disloyal Customer",25,"Business travel","Eco",1660,5,5,5,3,3,5,3,3,5,1,4,1,4,3,0,0,FALSE,-0.757464267003349
"satisfied","disloyal Customer",37,"Business travel","Business",2288,5,5,5,4,2,5,2,2,5,4,4,3,5,2,0,0,FALSE,-0.757464267003349
"satisfied","disloyal Customer",26,"Business travel","Business",1450,5,5,5,4,3,4,3,3,3,2,4,3,5,3,3,0,FALSE,-3.69401162740071
"satisfied","disloyal Customer",24,"Business travel","Business",2468,5,5,5,4,2,5,2,2,4,5,5,5,4,2,0,0,FALSE,-0.757464267003349
"satisfied","disloyal Customer",20,"Business travel","Business",2384,5,5,5,4,5,5,5,5,3,2,5,5,5,5,52,29,FALSE,-22.6576185138909
"satisfied","Loyal Customer",60,"Business travel","Business",285,0,0,0,1,5,4,5,1,1,1,1,3,1,4,0,5,TRUE,4.24253573299665
"satisfied","Loyal Customer",56,"Business travel","Business",281,0,0,0,1,4,5,5,4,4,4,4,4,4,4,9,1,TRUE,-8.56710634819542
"satisfied","Loyal Customer",26,"Business travel","Business",1688,0,0,0,1,3,3,3,3,4,4,4,3,4,3,0,0,TRUE,-0.757464267003349
"satisfied","Loyal Customer",39,"Business travel","Business",333,0,0,0,2,4,5,5,4,4,4,4,5,4,3,31,39,TRUE,7.89821300889062
"satisfied","Loyal Customer",45,"Business travel","Business",3905,0,0,0,2,2,5,5,3,3,3,3,3,3,5,10,4,TRUE,-6.54595546832788
"satisfied","Loyal Customer",58,"Business travel","Business",1958,0,0,0,2,5,5,5,5,5,5,5,4,5,3,8,0,TRUE,-8.58825722806297
"satisfied","Loyal Customer",60,"Business travel","Business",3387,0,0,0,2,4,5,5,4,4,4,2,5,4,5,4,4,TRUE,-0.672860747533159
"satisfied","Loyal Customer",57,"Business travel","Business",304,0,0,0,3,5,4,4,3,3,3,3,4,3,5,13,13,TRUE,-0.482502828725235
"satisfied","Loyal Customer",36,"Business travel","Business",1557,0,1,1,4,3,3,4,3,3,3,3,4,3,4,0,2,TRUE,1.24253573299665
"satisfied","Loyal Customer",42,"Business travel","Business",3356,0,3,0,1,3,2,1,2,2,2,2,3,2,5,9,2,TRUE,-7.56710634819542
"satisfied","Loyal Customer",21,"Business travel","Eco",1923,0,3,0,3,5,0,5,5,2,4,4,5,5,5,0,0,TRUE,-0.757464267003349
"satisfied","Loyal Customer",46,"Business travel","Business",74,0,4,0,1,1,3,3,3,3,3,3,2,3,5,0,0,TRUE,-0.757464267003349
"satisfied","Loyal Customer",46,"Business travel","Business",2218,0,4,0,2,4,4,5,4,4,4,4,3,4,3,0,0,TRUE,-0.757464267003349
"satisfied","Loyal Customer",39,"Business travel","Business",2791,0,4,0,4,5,4,5,4,4,4,4,3,4,4,27,19,TRUE,-8.18639051057957
"satisfied","Loyal Customer",48,"Business travel","Business",2442,0,4,0,4,4,3,3,3,3,3,3,5,3,2,7,4,TRUE,-3.60940810793052
"satisfied","Loyal Customer",42,"Business travel","Business",218,0,4,1,1,4,5,5,3,3,3,3,4,3,4,7,0,TRUE,-7.60940810793052
"satisfied","Loyal Customer",38,"Business travel","Business",70,0,5,0,1,5,5,5,5,5,5,5,3,5,5,3,0,TRUE,-3.69401162740071
"satisfied","Loyal Customer",39,"Business travel","Business",2724,0,5,0,1,5,5,5,5,5,5,5,3,5,5,13,0,TRUE,-13.4825028287252
"satisfied","Loyal Customer",52,"Business travel","Business",55,0,5,0,1,4,4,5,5,5,5,5,5,5,3,0,0,TRUE,-0.757464267003349
"satisfied","Loyal Customer",54,"Business travel","Business",224,0,5,0,3,5,5,4,2,2,2,2,5,2,4,52,50,TRUE,-1.6576185138909
"satisfied","Loyal Customer",41,"Business travel","Business",237,0,5,0,4,1,3,1,5,5,2,2,1,5,1,0,2,TRUE,1.24253573299665
"satisfied","Loyal Customer",39,"Business travel","Business",2556,0,5,1,2,1,2,4,5,5,5,5,1,5,4,0,0,TRUE,-0.757464267003349
"dissatisfied","Loyal Customer",50,"Business travel","Eco",2020,1,0,0,2,2,1,2,2,4,2,2,4,2,2,0,5,TRUE,4.24253573299665
"dissatisfied","Loyal Customer",44,"Business travel","Business",1441,1,5,5,5,3,2,1,1,1,1,1,2,1,1,125,86,FALSE,-37.1136042835599
"dissatisfied","Loyal Customer",30,"Business travel","Business",4471,1,1,1,1,1,1,1,1,4,2,2,4,1,1,9,10,FALSE,0.432893651804577
"dissatisfied","Loyal Customer",14,"Business travel","Business",4455,1,3,3,3,1,1,1,1,1,3,2,3,2,1,10,17,FALSE,6.45404453167212
"dissatisfied","Loyal Customer",50,"Business travel","Business",76,1,5,5,5,3,1,2,1,1,1,1,3,1,3,61,49,FALSE,-11.467260595083
"dissatisfied","Loyal Customer",72,"Business travel","Business",1751,1,3,3,3,5,1,3,1,1,1,1,3,1,2,0,0,FALSE,-0.757464267003349
"dissatisfied","Loyal Customer",46,"Business travel","Eco",1746,1,3,3,3,4,3,2,1,1,1,1,1,1,3,36,4,FALSE,-31.9960325917716
"dissatisfied","Loyal Customer",22,"Business travel","Business",2796,1,1,1,1,1,1,1,1,4,3,2,1,3,1,6,0,FALSE,-6.63055898779807
"dissatisfied","Loyal Customer",39,"Business travel","Business",2005,1,2,2,2,3,2,2,1,1,1,1,3,1,1,0,13,FALSE,12.2425357329967
"dissatisfied","Loyal Customer",66,"Business travel","Eco Plus",1868,1,4,2,4,1,1,1,1,4,5,3,4,4,1,46,38,FALSE,-7.78452379309618
"dissatisfied","Loyal Customer",13,"Business travel","Business",3849,1,4,2,4,1,1,1,1,5,2,3,1,4,1,400,393,FALSE,0.702887680015523
"dissatisfied","Loyal Customer",57,"Business travel","Business",2149,1,1,1,1,4,4,3,1,1,1,1,2,1,3,0,0,FALSE,-0.757464267003349
"dissatisfied","Loyal Customer",57,"Business travel","Business",1499,1,2,2,2,5,4,3,1,1,1,1,2,1,4,0,0,FALSE,-0.757464267003349
"dissatisfied","Loyal Customer",55,"Business travel","Eco Plus",1905,1,3,3,3,1,1,1,1,4,2,4,2,3,1,0,2,FALSE,1.24253573299665
"dissatisfied","Loyal Customer",13,"Business travel","Business",2563,1,3,3,3,1,1,1,1,4,5,4,3,4,1,1,26,FALSE,24.2636866128642
"dissatisfied","Loyal Customer",52,"Business travel","Eco Plus",1799,1,4,4,4,1,1,1,1,4,2,4,2,3,1,0,2,FALSE,1.24253573299665
"dissatisfied","Loyal Customer",50,"Business travel","Eco",450,1,2,1,1,4,3,4,1,1,1,1,2,1,3,22,7,FALSE,-15.2921449099173
"dissatisfied","Loyal Customer",48,"Business travel","Eco",440,1,4,4,4,2,3,2,1,1,1,1,1,1,4,58,62,FALSE,4.46928676531438
"dissatisfied","Loyal Customer",45,"Business travel","Business",3481,1,4,4,4,3,3,4,1,1,1,1,4,1,2,3,2,FALSE,-1.69401162740071
"dissatisfied","Loyal Customer",39,"Business travel","Business",866,1,3,3,3,1,4,4,1,1,1,1,1,1,3,12,32,FALSE,19.4963462914072
"dissatisfied","Loyal Customer",47,"Business travel","Business",2450,1,2,2,2,3,4,4,1,1,1,1,1,1,3,10,0,FALSE,-10.5459554683279
"dissatisfied","Loyal Customer",46,"Business travel","Eco",629,1,3,3,3,2,3,2,1,1,1,1,2,1,2,0,0,FALSE,-0.757464267003349
"dissatisfied","Loyal Customer",22,"Business travel","Business",3474,1,1,1,1,1,1,1,1,1,1,4,4,3,1,0,18,FALSE,17.2425357329967
"dissatisfied","Loyal Customer",41,"Business travel","Eco",1847,1,5,2,2,1,1,1,1,1,1,4,1,3,1,27,35,FALSE,7.81360948942043
"dissatisfied","Loyal Customer",40,"Business travel","Eco",1645,1,2,4,4,1,1,1,1,1,1,3,2,3,1,5,0,FALSE,-5.65170986766561
"dissatisfied","Loyal Customer",15,"Business travel","Business",1475,1,1,1,1,1,1,1,1,1,5,4,2,4,1,0,0,FALSE,-0.757464267003349
"dissatisfied","Loyal Customer",43,"Business travel","Business",457,1,4,4,4,1,3,3,1,1,1,1,2,1,3,6,9,FALSE,2.36944101220194
"dissatisfied","Loyal Customer",40,"Business travel","Business",3627,1,4,4,4,4,3,3,1,1,1,1,4,1,1,0,0,FALSE,-0.757464267003349
"dissatisfied","Loyal Customer",41,"Business travel","Business",1887,1,3,3,3,5,2,3,1,1,1,1,4,1,4,11,0,FALSE,-11.5248045884603
"dissatisfied","Loyal Customer",23,"Business travel","Eco Plus",2157,1,2,2,2,1,1,1,1,3,2,4,4,4,1,8,16,FALSE,7.41174277193703
"dissatisfied","Loyal Customer",21,"Business travel","Eco Plus",2117,1,2,2,2,1,1,1,1,2,4,2,1,2,1,71,59,FALSE,-11.2557517964075
"dissatisfied","Loyal Customer",26,"Business travel","Business",3049,1,4,4,4,1,1,1,1,3,2,3,1,4,1,105,111,FALSE,7.46337811908911
"dissatisfied","Loyal Customer",55,"Business travel","Eco",614,1,5,5,5,4,3,3,1,1,1,1,3,1,3,0,0,FALSE,-0.757464267003349
"dissatisfied","Loyal Customer",48,"Business travel","Business",2836,1,4,4,4,5,4,3,1,1,1,1,3,1,2,0,0,FALSE,-0.757464267003349
"dissatisfied","Loyal Customer",30,"Business travel","Business",1980,1,2,2,2,1,1,1,1,2,2,3,3,3,1,43,41,FALSE,-1.84797643269882
"dissatisfied","Loyal Customer",44,"Business travel","Eco",2091,1,1,1,1,1,1,1,1,4,5,4,2,3,1,7,2,FALSE,-5.60940810793052
"dissatisfied","Loyal Customer",42,"Business travel","Eco",442,1,2,2,2,3,3,3,1,1,1,1,4,1,3,0,0,FALSE,-0.757464267003349
"dissatisfied","Loyal Customer",30,"Business travel","Business",4594,1,4,4,4,1,1,1,1,3,5,3,3,4,1,0,0,FALSE,-0.757464267003349
"dissatisfied","Loyal Customer",38,"Business travel","Eco",920,1,5,5,5,1,1,1,1,4,3,3,4,3,1,0,0,FALSE,-0.757464267003349
"dissatisfied","Loyal Customer",48,"Business travel","Business",369,1,1,1,1,4,4,4,1,1,1,1,3,1,4,37,30,FALSE,-6.9748817119041
"dissatisfied","Loyal Customer",55,"Business travel","Business",5121,2,3,3,3,1,2,1,3,1,4,3,1,4,1,204,208,FALSE,7.55731522597631
"dissatisfied","Loyal Customer",52,"Business travel","Business",2618,2,2,2,2,2,2,2,2,2,1,2,1,2,2,0,0,FALSE,-0.757464267003349
"dissatisfied","Loyal Customer",35,"Business travel","Business",242,3,2,2,2,5,4,3,1,1,1,3,4,1,3,13,9,FALSE,-4.48250282872523
"dissatisfied","Loyal Customer",39,"Business travel","Business",2909,3,2,2,2,2,3,3,1,1,1,3,3,1,1,0,0,FALSE,-0.757464267003349
"satisfied","Loyal Customer",55,"Business travel","Business",1990,1,1,5,1,2,3,4,1,1,2,1,5,1,4,0,0,FALSE,-0.757464267003349
"dissatisfied","Loyal Customer",50,"Business travel","Eco",2713,2,3,3,3,2,1,1,4,4,4,4,1,3,1,172,154,FALSE,-15.1195129297852
"dissatisfied","Loyal Customer",60,"Business travel","Business",3455,1,3,3,3,1,3,4,1,1,2,1,3,1,1,0,0,FALSE,-0.757464267003349
"dissatisfied","Loyal Customer",70,"Business travel","Business",3733,1,3,3,3,5,4,3,1,1,2,1,2,1,1,2,32,FALSE,29.2848374927317
"dissatisfied","Loyal Customer",31,"Business travel","Business",4809,1,5,5,5,1,2,1,1,2,3,4,1,4,1,2,0,FALSE,-2.71516250726825
"satisfied","Loyal Customer",44,"Business travel","Business",615,5,4,5,5,4,4,4,1,1,2,1,4,1,4,18,0,FALSE,-18.3767484293875
"dissatisfied","Loyal Customer",35,"Business travel","Eco Plus",1475,1,5,5,5,1,2,1,1,1,2,4,3,4,1,0,0,FALSE,-0.757464267003349
"dissatisfied","Loyal Customer",33,"Business travel","Eco Plus",2274,1,4,4,4,1,2,1,1,2,2,4,2,3,1,7,1,FALSE,-6.60940810793052
"dissatisfied","Loyal Customer",38,"Business travel","Business",121,1,3,3,3,3,4,4,2,2,2,1,1,2,3,0,16,FALSE,15.2425357329967
"satisfied","Loyal Customer",49,"Business travel","Business",741,4,4,4,4,2,5,5,2,2,2,2,3,2,5,92,82,FALSE,-8.81158331918901
"satisfied","Loyal Customer",45,"Business travel","Business",3899,1,1,1,1,4,4,5,2,2,2,2,4,2,5,0,0,FALSE,-0.757464267003349
"satisfied","Loyal Customer",43,"Business travel","Business",420,4,4,4,4,5,5,4,2,2,2,2,5,2,4,16,13,FALSE,-3.41905018912259
"dissatisfied","Loyal Customer",34,"Business travel","Eco Plus",1242,2,2,4,4,2,2,2,2,3,4,2,2,2,2,2,0,FALSE,-2.71516250726825
"dissatisfied","Loyal Customer",22,"Business travel","Business",3232,2,1,1,1,2,2,2,2,1,4,1,2,2,2,19,19,FALSE,-0.355597549519951
"dissatisfied","Loyal Customer",61,"Business travel","Eco Plus",353,2,3,3,3,3,2,2,2,2,2,2,3,2,2,10,12,FALSE,1.45404453167212
"dissatisfied","Loyal Customer",60,"Business travel","Eco",1115,2,4,5,4,3,1,2,2,2,2,2,4,2,3,0,11,FALSE,10.2425357329967
"satisfied","Loyal Customer",47,"Business travel","Business",908,5,5,5,5,4,4,5,2,2,2,2,3,2,5,0,0,FALSE,-0.757464267003349
"dissatisfied","Loyal Customer",45,"Business travel","Eco",1121,2,3,3,3,2,2,2,2,2,2,2,3,2,3,0,0,FALSE,-0.757464267003349
"dissatisfied","Loyal Customer",29,"Business travel","Business",5637,2,1,1,1,2,2,2,2,5,3,2,2,3,2,165,167,FALSE,4.73243091114198
"dissatisfied","Loyal Customer",41,"Business travel","Eco",2462,2,3,2,3,2,2,2,2,2,2,2,3,3,2,114,106,FALSE,-6.34626396210297
"dissatisfied","Loyal Customer",41,"Business travel","Eco",1803,2,3,4,3,2,2,2,2,1,3,3,4,3,2,30,27,FALSE,-3.12293787097693
"dissatisfied","Loyal Customer",63,"Business travel","Eco Plus",2005,2,2,2,2,2,2,2,2,1,2,4,4,4,2,0,2,FALSE,1.24253573299665
"dissatisfied","Loyal Customer",49,"Business travel","Business",2340,2,2,2,2,2,2,2,1,3,3,3,2,1,2,31,17,FALSE,-14.1017869911094
"dissatisfied","Loyal Customer",61,"Business travel","Eco",1352,2,1,1,1,2,2,2,2,4,5,3,2,3,2,5,10,FALSE,4.34829013233439
"dissatisfied","Loyal Customer",27,"Business travel","Business",2987,2,1,1,1,2,2,2,2,2,3,3,3,4,2,66,67,FALSE,1.63849380425477
"dissatisfied","Loyal Customer",64,"Business travel","Business",1565,2,4,4,4,3,2,2,2,2,2,2,1,2,4,22,7,FALSE,-15.2921449099173
"dissatisfied","Loyal Customer",56,"Business travel","Business",1973,2,2,4,2,4,4,3,2,2,2,2,3,2,4,0,0,FALSE,-0.757464267003349
"dissatisfied","Loyal Customer",65,"Business travel","Business",1280,2,2,2,2,3,2,3,2,2,2,2,4,2,2,10,0,FALSE,-10.5459554683279
"satisfied","Loyal Customer",24,"Business travel","Business",2041,2,2,2,2,2,2,2,2,4,5,4,5,5,2,4,0,FALSE,-4.67286074753316
"satisfied","Loyal Customer",24,"Business travel","Business",2576,4,3,4,4,2,2,2,2,2,5,5,1,1,2,0,0,FALSE,-0.757464267003349
"dissatisfied","Loyal Customer",27,"Business travel","Business",2342,2,4,4,4,2,2,2,2,1,1,3,2,3,2,49,19,FALSE,-29.7210711534935
"dissatisfied","Loyal Customer",79,"Business travel","Business",1610,2,3,3,3,2,4,4,2,2,2,2,4,2,2,0,0,FALSE,-0.757464267003349
"dissatisfied","Loyal Customer",50,"Business travel","Business",865,2,2,2,2,2,3,3,2,2,2,2,4,2,1,25,3,FALSE,-22.2286922703147
"dissatisfied","Loyal Customer",23,"Business travel","Business",4052,2,4,4,4,2,2,2,2,3,1,3,4,2,2,0,0,FALSE,-0.757464267003349
"satisfied","Loyal Customer",45,"Business travel","Eco Plus",2804,2,2,3,3,2,2,2,2,1,5,2,3,1,2,0,0,FALSE,-0.757464267003349
"dissatisfied","Loyal Customer",35,"Business travel","Business",4021,2,4,3,4,1,3,3,2,2,2,2,4,2,4,0,0,FALSE,-0.757464267003349
"dissatisfied","Loyal Customer",52,"Business travel","Business",3696,2,4,4,4,3,3,3,2,2,2,2,3,2,4,0,0,FALSE,-0.757464267003349
"satisfied","Loyal Customer",45,"Business travel","Business",3600,4,4,4,4,5,4,5,2,2,2,2,4,2,3,0,0,FALSE,-0.757464267003349
"dissatisfied","Loyal Customer",36,"Business travel","Eco",1556,2,3,3,3,2,2,2,2,3,4,3,3,4,2,1,0,FALSE,-1.7363133871358
"dissatisfied","Loyal Customer",36,"Business travel","Eco",1839,2,2,2,2,2,2,2,2,3,3,3,3,3,2,0,0,FALSE,-0.757464267003349
"dissatisfied","Loyal Customer",36,"Business travel","Eco",1826,2,5,5,5,2,2,2,2,3,4,3,2,3,2,0,0,FALSE,-0.757464267003349
"dissatisfied","Loyal Customer",38,"Business travel","Business",2826,2,5,5,5,5,4,3,2,2,2,2,1,2,4,0,0,FALSE,-0.757464267003349
"dissatisfied","Loyal Customer",33,"Business travel","Eco",2157,2,1,1,1,2,2,2,2,3,2,3,2,3,2,0,1,FALSE,0.242535732996651
"dissatisfied","Loyal Customer",42,"Business travel","Business",274,2,3,3,3,1,4,3,2,2,2,2,4,2,3,0,0,FALSE,-0.757464267003349
"dissatisfied","Loyal Customer",16,"Business travel","Eco Plus",2032,2,1,5,1,2,2,2,2,1,5,4,2,4,2,8,4,FALSE,-4.58825722806297
"dissatisfied","Loyal Customer",70,"Business travel","Eco",1143,2,4,4,4,2,2,2,2,2,2,3,4,3,2,0,0,FALSE,-0.757464267003349
"dissatisfied","Loyal Customer",68,"Business travel","Eco Plus",2075,2,2,5,5,2,2,2,2,1,5,4,4,3,2,0,0,FALSE,-0.757464267003349
"dissatisfied","Loyal Customer",64,"Business travel","Eco Plus",1423,2,2,2,2,2,2,2,2,3,2,4,1,3,2,0,29,FALSE,28.2425357329967
"dissatisfied","Loyal Customer",60,"Business travel","Eco",970,2,5,1,5,2,4,4,2,2,2,2,3,2,1,33,25,FALSE,-8.05948523137429
"dissatisfied","Loyal Customer",58,"Business travel","Eco",1797,2,3,3,3,5,3,3,2,2,2,2,1,2,3,0,0,FALSE,-0.757464267003349
"satisfied","Loyal Customer",41,"Business travel","Business",1463,5,5,5,5,5,4,5,2,2,2,2,5,2,3,26,18,FALSE,-8.20754139044712
"dissatisfied","Loyal Customer",8,"Business travel","Business",2409,2,3,5,3,2,2,2,2,4,2,3,4,4,2,17,18,FALSE,0.602100690744955
"dissatisfied","Loyal Customer",54,"Business travel","Eco",964,2,5,5,5,5,3,3,2,2,2,2,2,2,2,8,0,FALSE,-8.58825722806297
"dissatisfied","Loyal Customer",54,"Business travel","Eco Plus",1468,2,5,5,5,2,2,2,2,2,1,4,3,3,2,34,23,FALSE,-11.0383343515067
"dissatisfied","Loyal Customer",41,"Business travel","Business",3938,2,2,2,2,4,4,3,2,2,2,2,2,2,3,0,0,FALSE,-0.757464267003349
"dissatisfied","Loyal Customer",51,"Business travel","Eco",622,2,4,4,4,1,4,4,2,2,2,2,2,2,2,7,43,FALSE,35.3905918920695
"dissatisfied","Loyal Customer",56,"Business travel","Business",3378,2,2,2,2,4,3,4,2,2,2,2,4,2,2,43,31,FALSE,-11.8479764326988
"satisfied","Loyal Customer",42,"Business travel","Business",872,1,1,4,1,4,4,4,2,2,2,2,4,2,5,16,3,FALSE,-13.4190501891226
"satisfied","Loyal Customer",47,"Business travel","Eco",1183,2,3,3,3,2,2,2,2,5,4,1,1,2,2,1,0,FALSE,-1.7363133871358
"satisfied","Loyal Customer",45,"Business travel","Business",3266,1,1,1,1,5,5,4,2,2,2,2,4,2,4,0,0,FALSE,-0.757464267003349
"satisfied","Loyal Customer",44,"Business travel","Business",2395,2,2,2,2,4,4,4,2,2,2,2,3,2,3,0,0,FALSE,-0.757464267003349
"dissatisfied","Loyal Customer",40,"Business travel","Business",624,2,3,3,3,2,4,3,2,2,2,2,1,2,4,4,0,FALSE,-4.67286074753316
"satisfied","Loyal Customer",45,"Business travel","Business",3187,4,4,4,4,5,3,2,2,2,2,2,5,2,4,0,0,FALSE,-0.757464267003349
"satisfied","Loyal Customer",39,"Business travel","Business",465,1,1,1,1,1,1,5,2,2,2,2,4,2,1,0,0,FALSE,-0.757464267003349
"dissatisfied","Loyal Customer",37,"Business travel","Eco",2688,2,4,4,4,2,2,2,2,4,3,4,4,4,2,0,0,FALSE,-0.757464267003349
"dissatisfied","Loyal Customer",39,"Business travel","Business",3284,2,1,1,1,5,4,3,2,2,2,2,4,2,4,0,4,FALSE,3.24253573299665
"dissatisfied","Loyal Customer",27,"Business travel","Business",1451,2,1,3,1,2,2,2,2,3,1,3,4,3,2,5,0,FALSE,-5.65170986766561
"satisfied","Loyal Customer",35,"Business travel","Eco",1430,2,5,5,5,2,2,2,2,1,5,1,5,5,2,0,0,FALSE,-0.757464267003349
"dissatisfied","Loyal Customer",51,"Business travel","Business",4655,2,4,4,4,2,2,2,1,4,3,4,2,1,2,274,264,FALSE,-4.96212318329538
"dissatisfied","Loyal Customer",58,"Business travel","Business",300,2,2,2,2,2,3,3,2,2,2,2,4,2,4,99,88,FALSE,-9.66352716011618
"satisfied","Loyal Customer",58,"Business travel","Business",2233,3,3,3,3,4,5,4,2,2,2,2,4,2,5,1,0,FALSE,-1.7363133871358
"dissatisfied","Loyal Customer",24,"Business travel","Eco",2261,2,5,5,5,2,2,3,2,3,4,4,4,3,2,20,13,FALSE,-7.3344466696524
"dissatisfied","Loyal Customer",43,"Business travel","Business",3045,3,3,3,3,2,4,3,2,2,2,3,1,2,2,0,0,FALSE,-0.757464267003349
"dissatisfied","Loyal Customer",19,"Business travel","Eco",1993,2,1,1,1,2,2,3,2,1,5,3,3,3,2,0,0,FALSE,-0.757464267003349
"dissatisfied","Loyal Customer",43,"Business travel","Eco",418,2,2,2,2,1,3,3,3,3,2,3,2,3,4,10,15,FALSE,4.45404453167212
"dissatisfied","Loyal Customer",72,"Business travel","Eco",395,2,3,3,3,1,4,4,3,3,2,3,2,3,4,1,4,FALSE,2.2636866128642
"dissatisfied","Loyal Customer",46,"Business travel","Business",3483,3,5,5,5,1,4,4,3,3,2,3,1,3,3,0,0,FALSE,-0.757464267003349
"dissatisfied","Loyal Customer",31,"Business travel","Eco Plus",2451,3,3,3,3,3,2,3,3,1,4,4,4,4,3,0,0,FALSE,-0.757464267003349
"dissatisfied","Loyal Customer",9,"Business travel","Eco",2185,2,2,2,2,2,2,4,2,1,1,3,1,3,2,16,6,FALSE,-10.4190501891226
"dissatisfied","Loyal Customer",20,"Business travel","Eco Plus",1573,2,4,4,4,2,2,4,2,2,4,3,1,3,2,0,0,FALSE,-0.757464267003349
"dissatisfied","Loyal Customer",25,"Business travel","Eco",1615,3,5,5,5,3,2,4,3,2,1,4,3,3,3,3,12,FALSE,8.30598837259929
"dissatisfied","Loyal Customer",33,"Business travel","Business",226,4,2,2,2,4,3,4,3,3,2,4,3,3,2,0,0,FALSE,-0.757464267003349
"dissatisfied","Loyal Customer",54,"Business travel","Business",1631,2,4,4,4,3,1,2,2,2,3,2,4,2,1,34,18,FALSE,-16.0383343515067
"dissatisfied","Loyal Customer",26,"Business travel","Eco Plus",3352,3,2,2,2,3,3,2,3,2,2,3,2,4,3,0,10,FALSE,9.24253573299665
"satisfied","Loyal Customer",43,"Business travel","Business",1154,4,4,4,4,4,4,5,3,3,3,3,4,3,5,0,3,FALSE,2.24253573299665
"satisfied","Loyal Customer",42,"Business travel","Business",3184,1,4,1,1,4,4,5,3,3,3,3,5,3,4,0,50,FALSE,49.2425357329967
"satisfied","Loyal Customer",59,"Business travel","Business",859,2,2,2,2,4,5,4,3,3,3,3,4,3,3,6,0,FALSE,-6.63055898779807
"satisfied","Loyal Customer",58,"Business travel","Business",2685,5,5,5,5,2,4,5,3,3,3,3,4,3,5,46,40,FALSE,-5.78452379309618
"dissatisfied","Loyal Customer",58,"Business travel","Business",2422,3,3,3,3,2,3,3,3,3,3,3,1,3,1,0,0,FALSE,-0.757464267003349
"satisfied","Loyal Customer",57,"Business travel","Business",1636,3,3,4,3,3,3,5,3,3,3,3,5,3,3,0,0,FALSE,-0.757464267003349
"satisfied","Loyal Customer",46,"Business travel","Business",1585,3,3,3,3,3,5,5,3,3,3,3,3,3,5,1,0,FALSE,-1.7363133871358
"dissatisfied","Loyal Customer",57,"Business travel","Eco",1756,3,3,3,3,3,3,3,3,1,1,1,1,2,3,0,15,FALSE,14.2425357329967
"satisfied","Loyal Customer",59,"Business travel","Business",1612,4,4,4,4,4,5,5,3,3,3,3,5,3,5,0,0,FALSE,-0.757464267003349
"dissatisfied","Loyal Customer",48,"Business travel","Business",1156,3,2,2,2,2,3,2,3,3,3,3,2,3,1,29,50,FALSE,20.8559112491555
"satisfied","Loyal Customer",25,"Business travel","Business",2724,1,1,1,1,3,3,3,3,4,3,5,4,4,3,0,4,FALSE,3.24253573299665
"dissatisfied","Loyal Customer",53,"Business travel","Eco",131,3,4,4,4,1,2,2,3,3,3,3,2,3,2,0,0,FALSE,-0.757464267003349
"satisfied","Loyal Customer",52,"Business travel","Business",2682,2,2,2,2,5,4,5,3,3,3,3,4,3,5,0,0,FALSE,-0.757464267003349
"dissatisfied","Loyal Customer",67,"Business travel","Business",2839,3,3,3,3,1,2,2,3,3,3,3,3,3,4,0,0,FALSE,-0.757464267003349
"dissatisfied","Loyal Customer",44,"Business travel","Eco Plus",3101,3,2,2,2,3,3,3,3,3,2,3,1,2,3,12,18,FALSE,5.49634629140722
"satisfied","Loyal Customer",44,"Business travel","Eco",1009,3,4,4,4,5,3,5,3,3,3,3,1,3,3,8,0,FALSE,-8.58825722806297
"satisfied","Loyal Customer",54,"Business travel","Business",2585,5,5,3,5,5,4,5,3,3,3,3,4,3,5,62,66,FALSE,4.55389028478457
"dissatisfied","Loyal Customer",63,"Business travel","Eco Plus",1679,3,4,4,4,3,3,3,3,1,4,3,2,4,3,0,0,FALSE,-0.757464267003349
"dissatisfied","Loyal Customer",53,"Business travel","Business",1604,3,4,4,4,2,4,4,3,3,3,3,3,3,1,0,0,FALSE,-0.757464267003349
"dissatisfied","Loyal Customer",53,"Business travel","Business",1592,3,5,5,5,5,2,4,3,3,3,3,2,3,3,5,0,FALSE,-5.65170986766561
"dissatisfied","Loyal Customer",39,"Business travel","Business",3065,3,5,5,5,4,2,3,3,3,3,3,3,3,1,0,0,FALSE,-0.757464267003349
"dissatisfied","Loyal Customer",54,"Business travel","Eco",2776,3,4,4,4,3,3,3,3,3,5,2,2,3,3,0,0,FALSE,-0.757464267003349
"satisfied","Loyal Customer",59,"Business travel","Business",1519,1,1,1,1,2,3,5,3,3,3,3,4,3,4,8,5,FALSE,-3.58825722806297
"dissatisfied","Loyal Customer",45,"Business travel","Business",2613,3,4,4,4,2,4,4,3,3,3,3,4,3,3,0,19,FALSE,18.2425357329967
"satisfied","Loyal Customer",43,"Business travel","Business",1049,4,4,4,4,4,5,5,3,3,3,3,3,3,4,0,0,FALSE,-0.757464267003349
"dissatisfied","Loyal Customer",51,"Business travel","Eco",493,3,5,5,5,4,3,2,3,3,3,3,2,3,3,9,0,FALSE,-9.56710634819542
"satisfied","Loyal Customer",31,"Business travel","Business",2097,3,3,2,3,3,3,3,3,3,2,5,3,5,3,15,1,FALSE,-14.4402010689901
"dissatisfied","Loyal Customer",43,"Business travel","Eco",54,3,3,3,3,5,4,4,3,3,3,3,1,3,3,0,0,FALSE,-0.757464267003349
"dissatisfied","Loyal Customer",26,"Business travel","Business",3604,3,5,5,5,3,3,3,3,4,3,3,2,4,3,0,0,FALSE,-0.757464267003349
"dissatisfied","Loyal Customer",22,"Business travel","Business",3573,3,2,4,2,3,3,3,3,2,1,4,2,4,3,1,10,FALSE,8.2636866128642
"satisfied","Loyal Customer",59,"Business travel","Business",630,5,5,5,5,3,4,5,3,3,3,3,3,3,4,1,5,FALSE,3.2636866128642
"dissatisfied","Loyal Customer",43,"Business travel","Business",2844,3,1,2,1,4,2,3,3,3,3,3,3,3,3,0,0,FALSE,-0.757464267003349
"dissatisfied","Loyal Customer",38,"Business travel","Business",562,3,5,5,5,4,3,4,3,3,3,3,1,3,4,0,0,FALSE,-0.757464267003349
"dissatisfied","Loyal Customer",44,"Business travel","Business",1540,3,4,4,4,3,3,4,3,3,3,3,3,3,4,24,6,FALSE,-18.2498431501822
"satisfied","Loyal Customer",39,"Business travel","Eco Plus",1722,3,1,1,1,3,3,3,3,1,4,5,2,3,3,0,0,FALSE,-0.757464267003349
"satisfied","Loyal Customer",41,"Business travel","Business",1580,3,3,4,3,3,5,5,3,3,3,3,5,3,5,0,0,FALSE,-0.757464267003349
"dissatisfied","Loyal Customer",57,"Business travel","Business",384,3,2,4,2,1,4,4,3,3,3,3,2,3,3,0,32,FALSE,31.2425357329967
"dissatisfied","Loyal Customer",46,"Business travel","Business",1532,3,3,3,3,4,4,4,3,3,3,3,2,3,4,0,0,FALSE,-0.757464267003349
"dissatisfied","Loyal Customer",56,"Business travel","Business",2650,3,3,3,3,4,2,3,3,3,3,3,2,3,2,49,56,FALSE,7.27892884650646
"dissatisfied","Loyal Customer",27,"Business travel","Eco",2096,3,3,2,3,3,3,3,3,4,3,4,2,4,3,42,34,FALSE,-7.86912731256637
"dissatisfied","Loyal Customer",23,"Business travel","Eco",1389,3,2,2,2,3,3,3,3,3,4,3,1,2,3,17,11,FALSE,-6.39789930925505
"satisfied","Loyal Customer",50,"Business travel","Business",2102,1,1,1,1,3,4,5,3,3,3,3,3,3,4,0,26,FALSE,25.2425357329967
"dissatisfied","Loyal Customer",49,"Business travel","Business",2083,3,2,2,2,1,3,4,3,3,3,3,2,3,4,0,8,FALSE,7.24253573299665
"dissatisfied","Loyal Customer",12,"Business travel","Business",3796,3,4,4,4,3,3,3,3,4,4,3,4,3,3,26,19,FALSE,-7.20754139044712
"dissatisfied","Loyal Customer",45,"Business travel","Business",1937,3,5,5,5,3,3,4,3,3,3,3,3,3,3,10,0,FALSE,-10.5459554683279
"satisfied","Loyal Customer",52,"Business travel","Business",1020,3,3,3,3,5,4,5,3,3,3,3,4,3,4,0,0,FALSE,-0.757464267003349
"satisfied","Loyal Customer",29,"Business travel","Business",3590,4,4,4,4,3,3,3,3,5,2,5,2,4,3,0,0,FALSE,-0.757464267003349
"dissatisfied","Loyal Customer",51,"Business travel","Eco",2937,3,4,4,4,3,3,3,3,4,2,4,1,3,3,0,0,FALSE,-0.757464267003349
"satisfied","Loyal Customer",59,"Business travel","Business",3047,3,3,3,3,4,4,5,3,3,3,3,4,3,3,0,0,FALSE,-0.757464267003349
"satisfied","Loyal Customer",51,"Business travel","Business",2713,5,5,5,5,2,5,4,3,3,3,3,3,3,4,0,0,FALSE,-0.757464267003349
"dissatisfied","Loyal Customer",40,"Business travel","Business",3707,3,4,4,4,3,4,4,3,3,3,3,2,3,1,20,12,FALSE,-8.3344466696524
"dissatisfied","Loyal Customer",24,"Business travel","Business",1887,3,1,1,1,3,3,3,3,3,2,3,1,4,3,30,25,FALSE,-5.12293787097693
"satisfied","Loyal Customer",60,"Business travel","Business",2939,1,1,1,1,5,4,5,3,3,3,3,3,3,4,0,1,FALSE,0.242535732996651
"dissatisfied","Loyal Customer",37,"Business travel","Eco Plus",2017,3,1,4,1,3,3,3,3,4,3,3,3,3,3,1,0,FALSE,-1.7363133871358
"dissatisfied","Loyal Customer",61,"Business travel","Business",3411,3,3,3,3,4,4,3,3,3,3,3,1,3,1,13,0,FALSE,-13.4825028287252
"dissatisfied","Loyal Customer",47,"Business travel","Business",340,3,1,1,1,4,4,3,3,3,3,3,4,3,4,19,6,FALSE,-13.35559754952
"dissatisfied","Loyal Customer",48,"Business travel","Business",2242,3,3,3,3,3,4,4,3,3,3,3,3,3,3,0,0,FALSE,-0.757464267003349
"dissatisfied","Loyal Customer",25,"Business travel","Business",3164,3,4,2,2,3,3,3,3,2,4,3,1,4,3,0,0,FALSE,-0.757464267003349
"satisfied","Loyal Customer",38,"Business travel","Business",1752,4,4,5,4,3,1,1,3,3,3,3,2,3,3,0,0,FALSE,-0.757464267003349
"satisfied","Loyal Customer",43,"Business travel","Business",3827,3,3,3,3,1,1,3,3,3,3,3,3,3,4,0,0,FALSE,-0.757464267003349
"satisfied","Loyal Customer",42,"Business travel","Business",410,5,5,5,5,2,5,5,3,3,3,3,3,3,3,29,29,FALSE,-0.144088750844478
"dissatisfied","Loyal Customer",20,"Business travel","Eco Plus",2114,3,3,3,3,3,3,4,3,4,4,3,2,4,3,0,0,FALSE,-0.757464267003349
"dissatisfied","Loyal Customer",14,"Business travel","Eco",2762,3,1,1,1,3,3,4,3,2,1,3,1,3,3,0,0,FALSE,-0.757464267003349
"dissatisfied","Loyal Customer",50,"Business travel","Eco",1267,3,1,1,1,1,3,3,4,4,3,4,4,4,3,102,117,FALSE,16.3999254794865
"dissatisfied","Loyal Customer",46,"Business travel","Eco",920,3,3,2,3,5,3,2,4,4,3,4,4,4,4,0,0,FALSE,-0.757464267003349
"satisfied","Loyal Customer",39,"Business travel","Business",2147,2,2,2,2,2,5,4,4,4,3,4,5,4,3,0,0,FALSE,-0.757464267003349
"satisfied","Loyal Customer",53,"Business travel","Business",451,5,5,5,5,3,4,4,4,4,3,4,5,4,5,0,0,FALSE,-0.757464267003349
"dissatisfied","Loyal Customer",40,"Business travel","Business",3672,2,3,3,3,1,4,3,4,4,4,2,1,4,1,29,23,FALSE,-6.14408875084448
"satisfied","Loyal Customer",46,"Business travel","Eco",1783,4,5,5,5,3,4,3,3,3,3,5,1,3,3,0,0,FALSE,-0.757464267003349
"satisfied","Loyal Customer",54,"Business travel","Business",629,3,3,2,3,3,5,4,3,3,4,3,5,3,4,0,0,FALSE,-0.757464267003349
"satisfied","Loyal Customer",57,"Business travel","Business",620,4,4,5,4,3,5,4,3,3,4,3,5,3,4,0,0,FALSE,-0.757464267003349
"satisfied","Loyal Customer",50,"Business travel","Business",1735,1,1,1,1,5,4,5,3,3,4,3,5,3,3,0,2,FALSE,1.24253573299665
"satisfied","Loyal Customer",53,"Business travel","Business",1949,2,2,2,2,3,4,5,3,3,4,3,4,3,5,0,1,FALSE,0.242535732996651
"satisfied","Loyal Customer",46,"Business travel","Business",4523,4,4,1,4,4,3,3,5,3,4,5,3,3,3,229,257,FALSE,32.086087222665
"satisfied","Loyal Customer",39,"Business travel","Business",3692,5,5,2,5,5,4,4,3,3,4,3,3,3,5,0,0,FALSE,-0.757464267003349
"satisfied","Loyal Customer",53,"Business travel","Business",280,2,2,2,2,4,4,4,3,3,4,3,5,3,3,0,0,FALSE,-0.757464267003349
"satisfied","Loyal Customer",47,"Business travel","Business",2569,2,2,2,2,4,5,4,3,3,4,3,3,3,4,1,0,FALSE,-1.7363133871358
"satisfied","Loyal Customer",41,"Business travel","Business",2199,1,1,1,1,5,5,5,3,3,4,3,4,3,4,0,1,FALSE,0.242535732996651
"satisfied","Loyal Customer",54,"Business travel","Business",2410,2,2,1,2,4,3,3,5,4,4,4,3,4,3,142,151,FALSE,11.2459606741884
"satisfied","Loyal Customer",68,"Business travel","Business",3202,1,1,5,1,3,4,4,3,3,4,3,4,3,5,7,2,FALSE,-5.60940810793052
"dissatisfied","Loyal Customer",54,"Business travel","Business",284,3,1,1,1,3,3,4,3,3,4,3,4,3,4,22,16,FALSE,-6.29214490991731
"satisfied","Loyal Customer",53,"Business travel","Eco",990,4,2,2,2,5,2,3,3,3,4,3,2,3,5,0,0,FALSE,-0.757464267003349
"satisfied","Loyal Customer",43,"Business travel","Business",860,1,1,1,1,3,4,4,3,3,4,3,5,3,5,0,0,FALSE,-0.757464267003349
"satisfied","Loyal Customer",41,"Business travel","Business",2433,2,2,2,2,2,5,5,3,3,4,3,3,3,3,0,0,FALSE,-0.757464267003349
"satisfied","Loyal Customer",41,"Business travel","Business",396,1,1,5,1,3,4,4,3,3,4,3,5,3,3,0,0,FALSE,-0.757464267003349
"satisfied","Loyal Customer",49,"Business travel","Business",3265,4,4,4,4,5,4,4,3,3,4,3,4,3,3,0,0,FALSE,-0.757464267003349
"satisfied","Loyal Customer",35,"Business travel","Business",2997,1,1,1,1,5,4,5,3,3,4,3,3,3,4,0,0,FALSE,-0.757464267003349
"satisfied","Loyal Customer",39,"Business travel","Business",3958,1,1,1,1,5,2,5,4,4,4,3,5,4,2,68,105,FALSE,37.6807955639899
"satisfied","Loyal Customer",36,"Business travel","Business",2778,1,1,1,1,2,4,1,4,4,4,3,1,4,2,0,4,FALSE,3.24253573299665
"satisfied","Loyal Customer",22,"Business travel","Eco",1308,4,1,1,1,4,4,3,4,1,3,3,5,5,4,0,0,FALSE,-0.757464267003349
"satisfied","Loyal Customer",42,"Business travel","Business",3828,4,4,4,4,4,4,4,4,2,4,5,4,3,4,0,0,FALSE,-0.757464267003349
"satisfied","Loyal Customer",78,"Business travel","Eco",64,4,2,2,2,4,1,2,4,4,4,4,3,4,4,0,0,FALSE,-0.757464267003349
"satisfied","Loyal Customer",57,"Business travel","Business",2444,5,5,2,5,2,4,4,4,4,4,4,4,4,5,7,0,FALSE,-7.60940810793052
"satisfied","Loyal Customer",34,"Business travel","Business",2101,4,4,5,4,3,5,4,4,4,4,4,4,4,3,66,57,FALSE,-8.36150619574523
"satisfied","Loyal Customer",58,"Business travel","Business",1878,4,4,4,4,3,5,4,4,4,4,4,5,4,5,0,0,FALSE,-0.757464267003349
"satisfied","Loyal Customer",46,"Business travel","Business",1708,2,2,2,2,5,5,5,4,4,4,4,4,4,5,0,0,FALSE,-0.757464267003349
"satisfied","Loyal Customer",16,"Business travel","Business",3120,5,5,5,5,4,4,4,4,5,4,1,2,4,4,0,0,FALSE,-0.757464267003349
"satisfied","Loyal Customer",50,"Business travel","Business",1539,3,3,3,3,2,5,4,4,4,4,4,3,4,3,0,0,FALSE,-0.757464267003349
"satisfied","Loyal Customer",53,"Business travel","Business",1468,3,3,4,3,5,5,4,4,4,4,4,3,4,4,9,0,FALSE,-9.56710634819542
"satisfied","Loyal Customer",30,"Business travel","Business",3123,4,4,3,4,4,4,4,4,4,3,4,3,5,4,0,2,FALSE,1.24253573299665
"satisfied","Loyal Customer",40,"Business travel","Business",3711,4,4,4,4,4,5,5,4,4,4,4,5,4,4,0,0,FALSE,-0.757464267003349
"satisfied","Loyal Customer",32,"Business travel","Business",4540,5,5,5,5,4,4,4,4,4,2,5,5,5,4,18,0,FALSE,-18.3767484293875
"satisfied","Loyal Customer",47,"Business travel","Business",1044,2,2,2,2,5,4,1,4,4,4,4,1,4,1,0,0,FALSE,-0.757464267003349
"satisfied","Loyal Customer",53,"Business travel","Business",3017,5,5,5,5,2,4,4,4,4,4,4,3,4,3,0,2,FALSE,1.24253573299665
"satisfied","Loyal Customer",40,"Business travel","Business",3343,3,1,3,3,2,3,1,4,4,4,4,5,4,5,10,0,FALSE,-10.5459554683279
"satisfied","Loyal Customer",39,"Business travel","Business",2610,5,5,3,5,5,4,5,4,4,4,4,5,4,4,44,42,FALSE,-1.82682555283127
"satisfied","Loyal Customer",36,"Business travel","Business",2503,4,4,4,4,1,4,4,4,4,4,4,1,4,3,12,10,FALSE,-2.50365370859278
"satisfied","Loyal Customer",50,"Business travel","Business",3550,1,1,1,1,3,4,4,4,4,4,4,3,4,4,0,0,FALSE,-0.757464267003349
"satisfied","Loyal Customer",56,"Business travel","Business",674,2,2,2,2,4,5,4,4,4,4,4,5,4,3,0,0,FALSE,-0.757464267003349
"satisfied","Loyal Customer",31,"Business travel","Business",1379,5,5,5,5,4,4,4,4,1,5,1,4,4,4,0,8,FALSE,7.24253573299665
"satisfied","Loyal Customer",35,"Business travel","Business",3630,5,5,5,5,4,5,5,4,4,4,4,5,4,5,0,0,FALSE,-0.757464267003349
"satisfied","Loyal Customer",45,"Business travel","Business",569,3,3,5,3,4,4,4,4,4,4,4,4,4,5,0,0,FALSE,-0.757464267003349
"satisfied","Loyal Customer",36,"Business travel","Business",491,5,5,5,5,5,4,3,4,4,4,4,3,4,4,0,0,FALSE,-0.757464267003349
"satisfied","Loyal Customer",40,"Business travel","Business",458,3,3,3,3,4,5,4,4,4,4,4,5,4,4,0,0,FALSE,-0.757464267003349
"satisfied","Loyal Customer",54,"Business travel","Business",3384,4,4,4,4,2,4,5,4,4,4,4,4,4,4,26,22,FALSE,-4.20754139044712
"satisfied","Loyal Customer",57,"Business travel","Business",2515,4,4,4,4,1,3,5,4,4,4,4,3,4,1,0,0,FALSE,-0.757464267003349
"satisfied","Loyal Customer",31,"Business travel","Business",3921,5,3,5,5,4,4,4,4,5,4,4,3,4,4,0,16,FALSE,15.2425357329967
"satisfied","Loyal Customer",56,"Business travel","Business",2823,4,4,4,4,2,5,4,4,4,4,4,5,4,3,25,30,FALSE,4.77130772968533
"satisfied","Loyal Customer",27,"Business travel","Eco",2217,4,4,4,4,4,4,4,4,1,2,5,3,4,4,0,0,FALSE,-0.757464267003349
"satisfied","Loyal Customer",26,"Business travel","Business",4804,2,2,2,2,4,4,4,3,3,4,4,4,3,4,138,125,FALSE,-10.8386428452818
"satisfied","Loyal Customer",56,"Business travel","Business",2292,3,3,3,3,2,5,5,4,4,4,4,5,4,3,0,0,FALSE,-0.757464267003349
"satisfied","Loyal Customer",43,"Business travel","Business",1852,1,1,1,1,3,4,4,4,4,4,4,3,4,4,0,0,FALSE,-0.757464267003349
"satisfied","Loyal Customer",52,"Business travel","Business",1399,2,2,2,2,3,5,5,4,4,4,4,4,4,3,0,0,FALSE,-0.757464267003349
"satisfied","Loyal Customer",40,"Business travel","Business",2093,1,1,1,1,5,5,4,4,4,4,4,4,4,4,0,0,FALSE,-0.757464267003349
"satisfied","Loyal Customer",48,"Business travel","Business",2141,4,4,4,4,3,4,4,4,4,4,4,3,4,5,0,0,FALSE,-0.757464267003349
"satisfied","Loyal Customer",45,"Business travel","Business",2363,1,1,1,1,4,4,5,4,4,4,4,3,4,3,1,10,FALSE,8.2636866128642
"satisfied","Loyal Customer",50,"Business travel","Business",2344,1,1,1,1,3,5,4,4,4,4,4,5,4,3,0,12,FALSE,11.2425357329967
"satisfied","Loyal Customer",30,"Business travel","Business",5076,2,2,3,2,4,4,4,4,4,5,3,4,3,4,0,0,FALSE,-0.757464267003349
"satisfied","Loyal Customer",59,"Business travel","Business",1058,3,3,3,3,4,4,5,4,4,4,4,5,4,5,0,0,FALSE,-0.757464267003349
"satisfied","Loyal Customer",47,"Business travel","Business",3444,3,3,3,3,2,4,5,4,4,4,4,4,4,4,32,18,FALSE,-14.0806361112418
"satisfied","Loyal Customer",39,"Business travel","Business",2841,3,3,3,3,4,4,4,2,2,5,5,4,2,4,123,171,FALSE,49.844093956705
"satisfied","Loyal Customer",42,"Business travel","Business",986,3,3,4,3,2,4,4,4,4,4,4,4,4,4,0,0,FALSE,-0.757464267003349
"satisfied","Loyal Customer",34,"Business travel","Business",1830,3,3,5,3,3,3,3,4,4,4,4,5,4,3,29,16,FALSE,-13.1440887508445
"satisfied","Loyal Customer",54,"Business travel","Business",3411,5,5,5,5,2,4,5,4,4,4,4,3,4,3,2,0,FALSE,-2.71516250726825
"satisfied","Loyal Customer",18,"Business travel","Business",4579,1,1,1,1,4,4,4,5,1,5,3,4,2,4,133,122,FALSE,-8.94439724461957
"dissatisfied","Loyal Customer",45,"Business travel","Business",3562,4,4,4,4,4,3,3,4,4,4,4,2,4,1,0,0,FALSE,-0.757464267003349
"satisfied","Loyal Customer",60,"Business travel","Business",2614,3,3,3,3,3,4,4,4,4,4,4,5,4,5,0,16,FALSE,15.2425357329967
"satisfied","Loyal Customer",27,"Business travel","Business",2563,1,1,1,1,4,4,4,4,4,5,2,5,5,4,3,3,FALSE,-0.694011627400707
"satisfied","Loyal Customer",59,"Business travel","Business",676,4,4,4,4,5,4,4,4,4,4,4,4,4,3,0,0,FALSE,-0.757464267003349
"satisfied","Loyal Customer",42,"Business travel","Business",611,4,4,4,4,4,4,5,4,4,4,4,5,4,5,0,0,FALSE,-0.757464267003349
"satisfied","Loyal Customer",49,"Business travel","Business",1852,5,5,5,5,3,4,5,4,4,4,4,5,4,3,19,12,FALSE,-7.35559754951995
"satisfied","Loyal Customer",46,"Business travel","Business",2197,2,2,2,2,3,4,5,4,4,4,4,4,4,5,40,27,FALSE,-12.9114290723015
"satisfied","Loyal Customer",48,"Business travel","Business",3736,3,3,3,3,4,5,5,4,4,4,4,4,4,4,65,69,FALSE,4.61734292438722
"satisfied","Loyal Customer",50,"Business travel","Business",479,2,5,2,2,4,5,4,4,4,4,4,3,4,3,2,0,FALSE,-2.71516250726825
"satisfied","Loyal Customer",47,"Business travel","Business",496,2,2,2,2,2,5,4,4,4,4,4,4,4,3,0,0,FALSE,-0.757464267003349
"satisfied","Loyal Customer",62,"Business travel","Business",3007,2,2,2,2,5,4,4,4,4,4,4,4,4,4,0,7,FALSE,6.24253573299665
"satisfied","Loyal Customer",48,"Business travel","Business",455,1,1,1,1,5,2,1,4,4,4,4,5,4,4,4,0,FALSE,-4.67286074753316
"satisfied","Loyal Customer",38,"Business travel","Eco Plus",2105,4,3,3,3,4,4,4,4,3,2,5,4,2,4,0,0,FALSE,-0.757464267003349
"satisfied","Loyal Customer",37,"Business travel","Eco",2129,4,3,3,3,4,4,4,4,5,4,1,3,5,4,0,0,FALSE,-0.757464267003349
"satisfied","Loyal Customer",47,"Business travel","Business",393,4,3,4,4,5,4,4,4,4,4,4,3,4,3,14,14,FALSE,-0.461351948857687
"satisfied","Loyal Customer",43,"Business travel","Business",3528,1,1,1,1,4,5,5,4,4,4,4,4,4,4,0,0,FALSE,-0.757464267003349
"satisfied","Loyal Customer",31,"Business travel","Business",1772,3,3,3,3,4,4,4,4,5,2,5,3,4,4,0,0,FALSE,-0.757464267003349
"satisfied","Loyal Customer",37,"Business travel","Business",291,2,2,2,2,5,4,4,4,4,4,4,5,4,3,0,0,FALSE,-0.757464267003349
"satisfied","Loyal Customer",43,"Business travel","Business",2381,3,3,3,3,4,4,4,4,4,4,4,3,4,3,0,0,FALSE,-0.757464267003349
"satisfied","Loyal Customer",52,"Business travel","Business",2473,2,2,2,2,2,5,5,4,4,4,4,3,4,5,0,4,FALSE,3.24253573299665
"satisfied","Loyal Customer",16,"Business travel","Business",2794,2,2,2,2,4,4,4,4,4,2,4,3,4,4,0,0,FALSE,-0.757464267003349
"dissatisfied","Loyal Customer",60,"Business travel","Eco",1832,4,3,3,3,4,4,4,4,2,1,3,3,4,4,7,0,FALSE,-7.60940810793052
"satisfied","Loyal Customer",35,"Business travel","Business",1718,4,4,4,4,5,4,4,4,4,4,4,3,4,3,7,0,FALSE,-7.60940810793052
"satisfied","Loyal Customer",28,"Business travel","Business",2898,4,4,4,4,4,4,4,4,4,5,4,5,4,4,22,2,FALSE,-20.2921449099173
"satisfied","Loyal Customer",46,"Business travel","Business",1551,2,2,2,2,3,4,5,4,4,4,4,4,4,3,0,0,FALSE,-0.757464267003349
"satisfied","Loyal Customer",60,"Business travel","Business",1534,5,5,5,5,2,4,5,4,4,4,4,4,4,4,1,0,FALSE,-1.7363133871358
"satisfied","Loyal Customer",49,"Business travel","Business",1509,4,4,2,4,4,4,5,4,4,4,4,4,4,4,0,0,FALSE,-0.757464267003349
"dissatisfied","Loyal Customer",13,"Business travel","Business",3404,4,1,1,1,4,4,4,4,2,3,3,2,4,4,0,16,FALSE,15.2425357329967
"satisfied","Loyal Customer",53,"Business travel","Business",1472,4,4,4,4,2,4,5,4,4,4,4,5,4,3,0,0,FALSE,-0.757464267003349
"dissatisfied","Loyal Customer",56,"Business travel","Eco",1768,4,1,1,1,1,2,3,4,4,4,4,1,4,4,0,0,FALSE,-0.757464267003349
"satisfied","Loyal Customer",26,"Business travel","Business",2906,4,4,1,4,4,4,4,4,3,1,4,4,5,4,9,0,FALSE,-9.56710634819542
"satisfied","Loyal Customer",55,"Business travel","Business",4165,3,1,3,3,4,4,5,4,4,4,4,4,4,4,130,127,FALSE,-1.0078498842222
"satisfied","Loyal Customer",33,"Business travel","Business",1880,2,2,2,2,4,4,4,4,2,5,3,5,4,4,14,2,FALSE,-12.4613519488577
"satisfied","Loyal Customer",51,"Business travel","Business",1027,1,1,1,1,2,5,4,4,4,4,4,3,4,4,4,0,FALSE,-4.67286074753316
"satisfied","Loyal Customer",59,"Business travel","Business",984,1,1,5,1,3,5,5,4,4,4,4,3,4,5,6,0,FALSE,-6.63055898779807
"satisfied","Loyal Customer",39,"Business travel","Business",968,2,2,5,2,4,5,5,4,4,4,4,4,4,4,40,30,FALSE,-9.91142907230146
"satisfied","Loyal Customer",48,"Business travel","Eco Plus",1571,4,1,1,1,4,4,4,4,4,4,5,3,2,4,0,0,FALSE,-0.757464267003349
"satisfied","Loyal Customer",33,"Business travel","Business",3178,3,3,3,3,4,4,4,4,3,3,4,5,5,4,9,0,FALSE,-9.56710634819542
"satisfied","Loyal Customer",27,"Business travel","Business",4860,2,2,2,2,4,4,4,4,3,3,4,4,5,4,0,0,FALSE,-0.757464267003349
"satisfied","Loyal Customer",41,"Business travel","Business",2123,4,4,4,4,2,4,4,4,4,4,4,3,4,5,29,21,FALSE,-8.14408875084448
"satisfied","Loyal Customer",60,"Business travel","Business",739,1,1,1,1,4,4,5,4,4,4,4,5,4,3,5,0,FALSE,-5.65170986766561
"dissatisfied","Loyal Customer",46,"Business travel","Eco",307,4,4,4,4,3,4,4,4,4,4,4,2,4,2,17,12,FALSE,-5.39789930925505
"satisfied","Loyal Customer",52,"Business travel","Business",2181,3,3,3,3,2,5,4,4,4,4,4,5,4,4,0,0,FALSE,-0.757464267003349
"satisfied","Loyal Customer",40,"Business travel","Business",3593,5,5,5,5,5,4,5,4,4,4,4,5,4,5,0,0,FALSE,-0.757464267003349
"satisfied","Loyal Customer",29,"Business travel","Business",2052,3,3,3,3,4,4,4,4,4,3,5,3,4,4,0,0,FALSE,-0.757464267003349
"satisfied","Loyal Customer",15,"Business travel","Business",5505,5,5,5,5,4,4,4,4,4,3,4,3,5,4,0,0,FALSE,-0.757464267003349
"dissatisfied","Loyal Customer",44,"Business travel","Eco",248,4,2,2,2,5,3,3,4,4,4,4,1,4,2,0,6,FALSE,5.24253573299665
"satisfied","Loyal Customer",40,"Business travel","Business",3045,1,1,4,1,3,3,2,4,4,4,4,5,4,1,1,17,FALSE,15.2636866128642
"satisfied","Loyal Customer",54,"Business travel","Business",3284,2,2,2,2,4,5,5,4,4,4,4,4,4,3,108,80,FALSE,-26.4731692413083
"dissatisfied","Loyal Customer",43,"Business travel","Eco",470,4,2,2,2,2,3,4,4,4,4,4,2,4,4,34,30,FALSE,-4.03833435150674
"satisfied","Loyal Customer",38,"Business travel","Business",602,1,1,5,1,1,2,5,4,4,4,4,5,4,3,20,16,FALSE,-4.3344466696524
"satisfied","Loyal Customer",29,"Business travel","Business",1509,5,5,5,5,4,4,4,4,5,5,4,4,4,4,0,0,FALSE,-0.757464267003349
"satisfied","Loyal Customer",42,"Business travel","Eco Plus",619,4,3,1,1,1,3,2,4,4,4,4,1,4,3,3,0,FALSE,-3.69401162740071
"satisfied","Loyal Customer",41,"Business travel","Eco",2105,4,4,2,4,4,4,4,4,5,1,3,3,1,4,14,19,FALSE,4.53864805114231
"satisfied","Loyal Customer",40,"Business travel","Business",1943,2,2,4,2,2,5,4,4,4,4,4,4,4,3,0,0,FALSE,-0.757464267003349
"satisfied","Loyal Customer",41,"Business travel","Eco",3988,4,4,4,4,4,4,4,4,5,2,5,1,5,4,22,1,FALSE,-21.2921449099173
"dissatisfied","Loyal Customer",25,"Business travel","Business",1405,4,1,1,1,4,4,4,4,3,3,3,2,3,4,0,10,FALSE,9.24253573299665
"satisfied","Loyal Customer",44,"Business travel","Business",2580,2,2,2,2,2,4,5,4,4,4,4,4,4,4,0,0,FALSE,-0.757464267003349
"satisfied","Loyal Customer",39,"Business travel","Eco",1153,4,4,2,4,4,4,4,4,1,5,4,5,5,4,0,0,FALSE,-0.757464267003349
"satisfied","Loyal Customer",33,"Business travel","Business",3270,1,1,1,1,4,4,4,4,5,5,5,3,5,4,0,0,FALSE,-0.757464267003349
"satisfied","Loyal Customer",41,"Business travel","Business",1969,5,2,5,5,2,5,5,4,4,4,4,4,4,4,0,0,FALSE,-0.757464267003349
"dissatisfied","Loyal Customer",41,"Business travel","Business",1851,4,2,2,2,2,3,3,4,4,4,4,4,4,4,0,0,FALSE,-0.757464267003349
"satisfied","Loyal Customer",39,"Business travel","Business",344,1,1,4,1,4,4,4,4,4,4,4,3,4,3,17,31,FALSE,13.602100690745
"dissatisfied","Loyal Customer",32,"Business travel","Eco",2439,4,1,1,1,4,4,4,4,4,2,2,4,2,4,17,17,FALSE,-0.397899309255045
"satisfied","Loyal Customer",50,"Business travel","Business",1984,4,4,4,4,2,5,4,4,4,4,4,5,4,4,0,0,FALSE,-0.757464267003349
"dissatisfied","Loyal Customer",31,"Business travel","Eco Plus",4155,4,3,3,3,4,4,4,3,2,4,3,4,1,4,0,30,FALSE,29.2425357329967
"satisfied","Loyal Customer",31,"Business travel","Eco",1491,4,4,4,4,4,4,4,4,2,1,1,3,2,4,0,0,FALSE,-0.757464267003349
"satisfied","Loyal Customer",42,"Business travel","Business",2541,4,4,4,4,5,4,4,4,4,4,4,3,4,3,0,0,FALSE,-0.757464267003349
"satisfied","Loyal Customer",60,"Business travel","Business",323,2,2,2,2,3,5,5,4,4,4,4,4,4,5,0,0,FALSE,-0.757464267003349
"satisfied","Loyal Customer",37,"Business travel","Business",4007,1,1,4,1,3,4,5,4,4,4,4,3,4,3,0,0,FALSE,-0.757464267003349
"satisfied","Loyal Customer",29,"Business travel","Eco",3860,4,2,5,2,4,4,4,4,4,5,2,4,3,4,0,0,FALSE,-0.757464267003349
"satisfied","Loyal Customer",59,"Business travel","Business",3104,2,2,2,2,3,5,5,4,4,4,4,4,4,4,0,0,FALSE,-0.757464267003349
"satisfied","Loyal Customer",48,"Business travel","Business",3104,1,1,1,1,3,1,2,4,4,4,4,4,4,1,0,0,FALSE,-0.757464267003349
"satisfied","Loyal Customer",62,"Business travel","Eco",2545,4,5,5,5,4,4,4,2,1,3,4,4,5,4,144,122,FALSE,-19.7117375660765
"satisfied","Loyal Customer",44,"Business travel","Business",2115,2,2,2,2,5,3,4,4,4,4,4,3,4,5,0,0,FALSE,-0.757464267003349
"satisfied","Loyal Customer",43,"Business travel","Business",1959,4,4,4,4,3,3,4,4,4,4,4,5,4,4,0,3,FALSE,2.24253573299665
"satisfied","Loyal Customer",57,"Business travel","Business",1801,2,2,2,2,3,5,5,4,4,4,4,3,4,5,0,12,FALSE,11.2425357329967
"satisfied","Loyal Customer",41,"Business travel","Business",3547,3,3,2,3,4,4,4,3,4,3,5,4,4,4,145,124,FALSE,-18.690586686209
"satisfied","Loyal Customer",49,"Business travel","Business",1746,5,5,5,5,4,5,5,4,4,4,4,5,4,5,0,0,FALSE,-0.757464267003349
"satisfied","Loyal Customer",58,"Business travel","Eco",311,4,4,4,4,4,3,2,4,4,4,4,1,4,5,3,5,FALSE,1.30598837259929
"satisfied","Loyal Customer",56,"Business travel","Eco",3036,4,1,1,1,4,4,4,4,3,3,2,2,4,4,0,4,FALSE,3.24253573299665
"satisfied","Loyal Customer",56,"Business travel","Eco",962,4,3,3,3,4,4,4,4,5,4,1,4,1,4,0,0,FALSE,-0.757464267003349
"satisfied","Loyal Customer",44,"Business travel","Business",3085,5,5,5,5,4,4,4,4,4,5,5,4,5,4,149,108,FALSE,-38.6059831667388
"satisfied","Loyal Customer",28,"Business travel","Business",2436,3,3,3,3,4,4,4,4,4,4,5,4,4,4,15,0,FALSE,-15.4402010689901
"dissatisfied","Loyal Customer",50,"Business travel","Eco Plus",1120,4,5,5,5,4,4,4,4,2,5,4,2,4,4,9,22,FALSE,12.4328936518046
"satisfied","Loyal Customer",45,"Business travel","Business",3138,3,3,3,3,1,1,3,4,4,4,4,3,4,1,0,0,FALSE,-0.757464267003349
"satisfied","Loyal Customer",49,"Business travel","Eco",1175,4,5,5,5,1,2,2,4,4,4,4,3,4,5,0,12,FALSE,11.2425357329967
"satisfied","Loyal Customer",57,"Business travel","Business",884,1,1,1,1,4,5,4,4,4,4,4,5,4,3,0,0,FALSE,-0.757464267003349
"dissatisfied","Loyal Customer",37,"Business travel","Business",3937,4,3,3,3,1,3,4,4,4,4,4,3,4,2,69,34,FALSE,-34.2980535561426
"dissatisfied","Loyal Customer",48,"Business travel","Eco",1470,4,2,2,2,4,4,4,4,3,3,4,1,3,4,0,0,FALSE,-0.757464267003349
"satisfied","Loyal Customer",47,"Business travel","Eco Plus",1379,4,4,4,4,4,4,4,4,5,3,4,4,4,4,20,8,FALSE,-12.3344466696524
"satisfied","Loyal Customer",8,"Business travel","Business",3550,2,2,2,2,4,4,4,4,4,4,4,3,4,4,0,0,FALSE,-0.757464267003349
"satisfied","Loyal Customer",39,"Business travel","Business",3143,4,4,4,4,2,2,3,4,4,4,4,1,4,1,0,13,FALSE,12.2425357329967
"dissatisfied","Loyal Customer",59,"Business travel","Business",581,4,5,5,5,4,4,4,4,4,4,4,1,4,3,11,0,FALSE,-11.5248045884603
"satisfied","Loyal Customer",38,"Business travel","Business",4008,4,4,4,4,2,5,5,4,4,4,4,5,4,4,0,0,FALSE,-0.757464267003349
"dissatisfied","Loyal Customer",41,"Business travel","Eco Plus",1624,4,3,4,3,4,4,4,4,2,5,4,2,3,4,21,19,FALSE,-2.31329578978486
"satisfied","Loyal Customer",23,"Business travel","Business",1570,5,5,5,5,4,4,4,4,3,5,4,3,5,4,0,0,FALSE,-0.757464267003349
"satisfied","Loyal Customer",46,"Business travel","Business",534,3,3,5,3,3,5,4,4,4,4,4,4,4,4,11,4,FALSE,-7.52480458846033
"satisfied","Loyal Customer",40,"Business travel","Eco",1861,4,1,1,1,4,4,4,4,2,5,2,1,3,4,0,0,FALSE,-0.757464267003349
"satisfied","Loyal Customer",40,"Business travel","Eco Plus",1456,4,4,4,4,4,4,4,4,4,5,2,3,1,4,0,0,FALSE,-0.757464267003349
"satisfied","Loyal Customer",58,"Business travel","Business",3206,2,2,2,2,3,5,4,4,4,4,4,5,4,3,14,4,FALSE,-10.4613519488577
"dissatisfied","Loyal Customer",50,"Business travel","Business",3788,4,4,4,4,5,4,3,4,4,4,4,1,4,1,3,4,FALSE,0.305988372599293
"satisfied","Loyal Customer",57,"Business travel","Business",3359,1,1,1,1,2,5,5,4,4,4,4,3,4,5,0,0,FALSE,-0.757464267003349
"dissatisfied","Loyal Customer",35,"Business travel","Eco Plus",1436,4,4,4,4,4,4,4,4,1,3,4,3,4,4,9,6,FALSE,-3.56710634819542
"satisfied","Loyal Customer",61,"Business travel","Business",1942,4,4,4,4,4,5,5,4,4,4,4,4,4,3,0,0,FALSE,-0.757464267003349
"satisfied","Loyal Customer",26,"Business travel","Business",5159,4,5,4,4,4,4,4,4,5,2,4,4,4,4,20,25,FALSE,4.6655533303476
"dissatisfied","Loyal Customer",42,"Business travel","Business",328,4,5,5,5,1,4,3,4,4,4,4,4,4,3,13,6,FALSE,-7.48250282872523
"satisfied","Loyal Customer",57,"Business travel","Business",323,4,2,4,4,5,4,5,4,4,4,4,3,4,3,0,0,FALSE,-0.757464267003349
"satisfied","Loyal Customer",44,"Business travel","Business",322,3,3,3,3,2,5,4,4,4,4,4,5,4,5,2,0,FALSE,-2.71516250726825
"dissatisfied","Loyal Customer",70,"Business travel","Business",304,4,5,4,5,3,4,3,4,4,4,4,4,4,4,80,72,FALSE,-7.06539387759957
"satisfied","Loyal Customer",58,"Business travel","Business",1893,4,4,4,4,3,5,4,4,4,4,4,4,4,4,0,0,FALSE,-0.757464267003349
"dissatisfied","Loyal Customer",24,"Business travel","Eco",2192,4,4,4,4,4,4,4,4,2,3,4,2,3,4,0,0,FALSE,-0.757464267003349
"satisfied","Loyal Customer",43,"Business travel","Business",226,3,3,4,3,3,2,3,4,4,4,4,4,4,4,0,0,FALSE,-0.757464267003349
"satisfied","Loyal Customer",54,"Business travel","Business",1560,2,2,2,2,2,4,4,4,4,4,4,3,4,5,59,70,FALSE,11.4904376451819
"satisfied","Loyal Customer",43,"Business travel","Business",2277,5,5,5,5,4,4,4,5,3,5,5,4,4,4,0,0,FALSE,-0.757464267003349
"satisfied","Loyal Customer",50,"Business travel","Business",1764,4,4,4,4,2,3,4,4,4,4,4,3,4,5,0,0,FALSE,-0.757464267003349
"satisfied","Loyal Customer",54,"Business travel","Business",1759,1,1,1,1,4,3,4,4,4,4,4,5,4,5,9,10,FALSE,0.432893651804577
"satisfied","Loyal Customer",45,"Business travel","Business",1553,1,1,1,1,4,4,5,4,4,4,4,5,4,4,17,15,FALSE,-2.39789930925505
"satisfied","Loyal Customer",28,"Business travel","Business",3469,2,2,4,2,4,4,4,4,5,3,4,4,4,4,111,100,FALSE,-9.40971660170561
"satisfied","Loyal Customer",49,"Business travel","Business",3558,4,4,4,4,1,1,4,4,4,4,4,5,4,1,34,24,FALSE,-10.0383343515067
"satisfied","Loyal Customer",60,"Business travel","Business",763,2,2,2,2,5,5,5,4,4,4,4,4,4,4,14,17,FALSE,2.53864805114231
"satisfied","Loyal Customer",34,"Business travel","Business",2468,5,5,5,5,4,4,5,4,4,4,4,3,4,3,0,9,FALSE,8.24253573299665
"satisfied","Loyal Customer",43,"Business travel","Business",468,2,2,2,2,5,5,4,4,4,4,4,5,4,4,18,15,FALSE,-3.3767484293875
"satisfied","Loyal Customer",40,"Business travel","Eco",1680,4,2,2,2,4,4,4,4,1,2,4,2,2,4,2,0,FALSE,-2.71516250726825
"satisfied","Loyal Customer",39,"Business travel","Eco",1858,4,5,5,5,4,4,4,4,4,5,1,4,5,4,0,0,FALSE,-0.757464267003349
"satisfied","Loyal Customer",39,"Business travel","Business",2195,3,3,3,3,2,5,5,4,4,4,4,5,4,3,0,3,FALSE,2.24253573299665
"satisfied","Loyal Customer",48,"Business travel","Business",1686,1,1,1,1,5,5,4,4,4,4,4,3,4,3,51,36,FALSE,-14.6787693937584
"satisfied","Loyal Customer",38,"Business travel","Eco",1796,4,1,1,1,4,4,4,4,3,2,4,4,4,4,11,1,FALSE,-10.5248045884603
"satisfied","Loyal Customer",63,"Business travel","Business",424,4,4,2,4,2,4,4,4,4,4,4,4,4,5,13,24,FALSE,10.5174971712748
"satisfied","Loyal Customer",55,"Business travel","Business",2379,4,4,4,4,3,4,5,4,4,4,4,5,4,4,0,0,FALSE,-0.757464267003349
"satisfied","Loyal Customer",59,"Business travel","Business",3301,2,2,2,2,5,4,4,4,4,4,4,3,4,4,29,24,FALSE,-5.14408875084448
"satisfied","Loyal Customer",45,"Business travel","Business",3716,4,4,4,4,3,5,5,4,4,4,4,5,4,5,0,0,FALSE,-0.757464267003349
"satisfied","Loyal Customer",33,"Business travel","Business",3421,4,4,4,4,5,4,5,4,4,4,4,5,4,4,0,0,FALSE,-0.757464267003349
"satisfied","Loyal Customer",36,"Business travel","Business",3149,1,1,1,1,4,5,4,3,3,4,5,4,3,5,0,0,FALSE,-0.757464267003349
"satisfied","Loyal Customer",22,"Business travel","Eco",1766,4,4,4,4,4,4,5,4,4,3,3,3,5,4,0,0,FALSE,-0.757464267003349
"satisfied","Loyal Customer",48,"Business travel","Business",97,4,4,4,4,3,5,5,4,4,4,5,5,4,3,0,0,FALSE,-0.757464267003349
"satisfied","Loyal Customer",52,"Business travel","Business",135,4,4,4,4,2,2,1,4,4,4,5,4,4,2,0,0,FALSE,-0.757464267003349
"satisfied","Loyal Customer",52,"Business travel","Business",228,5,5,5,5,3,5,4,4,4,4,5,5,4,3,0,6,FALSE,5.24253573299665
"satisfied","Loyal Customer",50,"Business travel","Business",3999,1,1,5,1,1,5,2,4,4,4,5,3,4,4,0,3,FALSE,2.24253573299665
"satisfied","Loyal Customer",56,"Business travel","Business",3859,3,3,3,3,4,5,4,5,5,4,5,4,5,3,0,13,FALSE,12.2425357329967
"satisfied","Loyal Customer",43,"Business travel","Business",352,5,5,3,5,3,4,5,5,5,4,5,5,5,1,0,0,FALSE,-0.757464267003349
"satisfied","Loyal Customer",61,"Business travel","Business",3658,1,1,1,1,4,5,5,5,5,4,5,3,5,3,0,7,FALSE,6.24253573299665
"satisfied","Loyal Customer",24,"Business travel","Business",2258,1,1,2,1,5,4,5,5,3,4,4,3,5,5,0,0,FALSE,-0.757464267003349
"satisfied","Loyal Customer",48,"Business travel","Eco",525,4,4,4,4,3,5,1,5,5,4,5,3,5,2,4,0,FALSE,-4.67286074753316
"satisfied","Loyal Customer",57,"Business travel","Business",714,1,1,5,1,2,4,5,5,5,4,5,4,5,5,0,2,FALSE,1.24253573299665
"satisfied","Loyal Customer",35,"Business travel","Eco",2404,5,3,3,3,5,4,5,5,2,1,1,4,2,5,0,0,FALSE,-0.757464267003349
"satisfied","Loyal Customer",44,"Business travel","Business",2275,4,4,4,4,3,4,5,5,5,4,5,4,5,3,0,0,FALSE,-0.757464267003349
"satisfied","Loyal Customer",16,"Business travel","Business",3089,1,1,1,1,5,4,5,5,4,3,5,5,4,5,0,1,FALSE,0.242535732996651
"satisfied","Loyal Customer",46,"Business travel","Business",3511,2,2,2,2,3,5,4,5,5,4,5,5,5,5,0,0,FALSE,-0.757464267003349
"satisfied","Loyal Customer",49,"Business travel","Eco",2216,4,5,5,5,5,4,5,5,5,5,3,3,3,5,0,3,FALSE,2.24253573299665
"dissatisfied","Loyal Customer",79,"Business travel","Business",2768,5,1,1,1,4,4,4,5,5,4,5,2,5,3,0,0,FALSE,-0.757464267003349
"satisfied","Loyal Customer",47,"Business travel","Eco",1183,4,5,5,5,5,4,5,5,1,1,1,3,4,5,0,0,FALSE,-0.757464267003349
"satisfied","Loyal Customer",31,"Business travel","Business",1768,4,4,3,4,5,4,5,5,5,3,4,5,4,5,0,5,FALSE,4.24253573299665
"satisfied","Loyal Customer",43,"Business travel","Business",3193,3,3,3,3,2,5,4,5,5,4,5,4,5,3,6,0,FALSE,-6.63055898779807
"satisfied","Loyal Customer",40,"Business travel","Business",1749,5,5,5,5,4,4,5,5,5,4,5,5,5,5,1,5,FALSE,3.2636866128642
"satisfied","Loyal Customer",43,"Business travel","Business",2352,5,5,5,5,3,5,4,5,5,4,5,3,5,4,0,0,FALSE,-0.757464267003349
"satisfied","Loyal Customer",29,"Business travel","Business",2473,3,3,5,3,5,3,3,4,1,4,5,3,4,3,133,140,FALSE,9.05560275538043
"satisfied","Loyal Customer",41,"Business travel","Business",73,5,5,5,5,3,2,4,4,4,5,3,4,4,2,0,0,FALSE,-0.757464267003349
"satisfied","Loyal Customer",22,"Business travel","Eco",1962,5,1,1,1,5,5,3,5,3,2,2,3,1,5,0,0,FALSE,-0.757464267003349
"satisfied","Loyal Customer",53,"Business travel","Business",90,4,4,4,4,2,3,1,5,5,5,3,5,5,5,0,0,FALSE,-0.757464267003349
"satisfied","Loyal Customer",39,"Business travel","Business",1586,4,4,4,4,4,4,4,4,4,5,4,3,4,3,0,19,FALSE,18.2425357329967
"satisfied","Loyal Customer",19,"Business travel","Business",2396,3,3,4,3,4,5,4,4,5,4,4,3,4,4,0,0,FALSE,-0.757464267003349
"satisfied","Loyal Customer",30,"Business travel","Business",2765,1,1,1,1,4,5,4,4,5,3,5,5,5,4,2,0,FALSE,-2.71516250726825
"satisfied","Loyal Customer",50,"Business travel","Business",1532,5,5,5,5,3,5,4,4,4,5,4,4,4,3,1,0,FALSE,-1.7363133871358
"satisfied","Loyal Customer",52,"Business travel","Business",1342,1,1,1,1,3,4,5,4,4,5,4,3,4,5,7,8,FALSE,0.390591892069482
"satisfied","Loyal Customer",48,"Business travel","Business",1776,2,2,2,2,3,5,5,4,4,5,4,5,4,4,0,9,FALSE,8.24253573299665
"satisfied","Loyal Customer",34,"Business travel","Business",2464,5,5,5,5,1,1,4,4,4,5,4,5,4,3,0,2,FALSE,1.24253573299665
"satisfied","Loyal Customer",50,"Business travel","Business",2325,5,5,5,5,2,4,5,4,4,5,4,3,4,3,2,4,FALSE,1.28483749273175
"satisfied","Loyal Customer",50,"Business travel","Business",2834,4,4,5,4,2,4,5,4,4,5,4,4,4,3,0,0,FALSE,-0.757464267003349
"satisfied","Loyal Customer",41,"Business travel","Business",1663,4,4,4,4,5,5,5,4,4,5,4,3,4,5,2,6,FALSE,3.28483749273175
"satisfied","Loyal Customer",37,"Business travel","Business",2540,1,1,1,1,1,2,4,4,4,5,4,1,4,3,7,0,FALSE,-7.60940810793052
"satisfied","Loyal Customer",40,"Business travel","Business",3012,5,5,5,5,5,4,4,5,5,5,4,5,5,4,0,0,FALSE,-0.757464267003349
"satisfied","Loyal Customer",54,"Business travel","Business",2522,4,4,4,4,3,5,4,5,5,5,4,4,5,4,0,3,FALSE,2.24253573299665
"satisfied","Loyal Customer",33,"Business travel","Business",4614,2,2,2,2,5,5,4,5,5,2,5,3,4,5,0,0,FALSE,-0.757464267003349
"satisfied","Loyal Customer",28,"Business travel","Business",4965,2,2,2,2,5,5,4,5,3,5,1,3,1,5,59,59,FALSE,0.490437645181932
"satisfied","Loyal Customer",58,"Business travel","Business",4022,4,4,4,4,4,5,5,5,5,5,4,5,5,5,0,0,FALSE,-0.757464267003349
"satisfied","Loyal Customer",56,"Business travel","Business",2991,4,4,4,4,2,4,5,5,5,5,4,4,5,4,0,0,FALSE,-0.757464267003349
"satisfied","Loyal Customer",62,"Business travel","Business",82,2,2,2,2,3,3,5,5,5,5,4,5,5,2,0,0,FALSE,-0.757464267003349
"satisfied","Loyal Customer",56,"Business travel","Business",3886,3,3,3,3,4,4,4,5,5,5,4,5,5,4,0,0,FALSE,-0.757464267003349
"satisfied","Loyal Customer",54,"Business travel","Business",236,4,4,4,4,5,5,5,5,5,5,4,5,5,4,0,0,FALSE,-0.757464267003349
"satisfied","Loyal Customer",47,"Business travel","Business",243,1,1,1,1,5,5,5,5,5,5,4,5,5,5,0,10,FALSE,9.24253573299665
"satisfied","Loyal Customer",43,"Business travel","Business",2931,4,4,3,4,5,2,2,5,5,5,4,1,5,5,0,0,FALSE,-0.757464267003349
"satisfied","Loyal Customer",37,"Business travel","Business",225,5,5,5,5,2,4,5,5,5,5,4,4,5,3,0,0,FALSE,-0.757464267003349
"satisfied","Loyal Customer",36,"Business travel","Business",266,2,2,2,2,3,4,5,5,5,5,4,4,5,3,0,0,FALSE,-0.757464267003349
"satisfied","Loyal Customer",47,"Business travel","Business",2483,4,4,3,4,5,5,4,5,5,5,5,2,5,4,8,0,FALSE,-8.58825722806297
"satisfied","Loyal Customer",53,"Business travel","Business",2466,2,2,2,2,2,5,5,5,5,5,5,5,5,4,1,0,FALSE,-1.7363133871358
"satisfied","Loyal Customer",59,"Business travel","Eco",796,5,3,3,3,5,5,4,5,5,5,5,4,5,3,14,8,FALSE,-6.46135194885769
"satisfied","Loyal Customer",31,"Business travel","Business",2793,5,5,4,5,5,5,5,5,4,3,3,4,4,5,0,0,FALSE,-0.757464267003349
"satisfied","Loyal Customer",53,"Business travel","Business",1171,4,4,4,4,3,4,5,5,5,5,5,5,5,3,0,0,FALSE,-0.757464267003349
"satisfied","Loyal Customer",49,"Business travel","Eco",671,5,4,4,4,1,3,3,5,5,5,5,2,5,4,21,27,FALSE,5.68670421021514
"satisfied","Loyal Customer",43,"Business travel","Eco Plus",2616,5,1,1,1,5,5,5,5,5,2,3,4,3,5,118,100,FALSE,-16.2616604426328
"satisfied","Loyal Customer",57,"Business travel","Business",578,1,1,1,1,4,4,5,5,5,5,5,3,5,4,19,20,FALSE,0.644402450480049
"satisfied","Loyal Customer",52,"Business travel","Business",565,5,5,5,5,5,4,4,5,5,5,5,3,5,4,0,0,FALSE,-0.757464267003349
"satisfied","Loyal Customer",28,"Business travel","Business",2221,4,4,4,4,5,5,5,5,4,3,5,4,4,5,0,18,FALSE,17.2425357329967
"satisfied","Loyal Customer",42,"Business travel","Business",544,1,1,1,1,3,4,1,5,5,5,5,3,5,1,0,15,FALSE,14.2425357329967
"satisfied","Loyal Customer",41,"Business travel","Eco",2528,5,5,5,5,5,5,5,5,5,5,1,2,2,5,0,0,FALSE,-0.757464267003349
"satisfied","Loyal Customer",51,"Business travel","Business",5141,2,2,2,2,5,5,5,3,3,5,4,5,5,5,152,156,FALSE,6.45746947286385
"satisfied","Loyal Customer",60,"Business travel","Business",2066,4,4,4,4,3,4,5,5,5,5,5,4,5,5,37,39,FALSE,2.0251182880959
"satisfied","Loyal Customer",51,"Business travel","Business",380,4,4,4,4,2,5,5,5,5,5,5,4,5,4,0,0,FALSE,-0.757464267003349
"satisfied","Loyal Customer",32,"Business travel","Eco",1809,5,5,5,5,5,5,5,5,1,4,1,5,5,5,0,4,FALSE,3.24253573299665
"satisfied","Loyal Customer",31,"Business travel","Eco Plus",2996,5,4,4,4,5,5,5,5,2,4,4,1,2,5,0,0,FALSE,-0.757464267003349
"satisfied","Loyal Customer",40,"Business travel","Business",3268,5,5,5,5,5,5,5,5,5,5,5,4,5,5,87,88,FALSE,2.08266228147326
"satisfied","Loyal Customer",34,"Business travel","Business",2576,3,3,3,3,2,5,5,5,5,5,5,4,5,2,0,0,FALSE,-0.757464267003349
"satisfied","Loyal Customer",65,"Business travel","Eco Plus",265,5,1,1,1,2,3,3,5,5,5,5,1,5,1,0,0,FALSE,-0.757464267003349
"satisfied","Loyal Customer",39,"Business travel","Business",2482,5,5,5,5,4,4,4,5,5,5,5,4,5,4,2,0,FALSE,-2.71516250726825
"satisfied","Loyal Customer",61,"Business travel","Eco Plus",806,5,2,2,2,1,5,3,5,5,5,5,4,5,4,15,8,FALSE,-7.44020106899014
"satisfied","Loyal Customer",29,"Business travel","Business",3477,3,3,3,3,5,5,5,5,5,5,4,5,4,5,0,0,FALSE,-0.757464267003349
"satisfied","Loyal Customer",50,"Business travel","Business",3719,1,1,4,1,5,5,5,5,2,4,4,5,5,5,159,168,FALSE,11.6055256319367
"satisfied","Loyal Customer",56,"Business travel","Eco",1804,5,4,4,4,5,5,5,5,3,4,2,1,5,5,0,2,FALSE,1.24253573299665
"satisfied","Loyal Customer",48,"Business travel","Business",1015,2,2,2,2,4,4,4,5,5,5,5,5,5,5,0,0,FALSE,-0.757464267003349
"satisfied","Loyal Customer",58,"Business travel","Business",1552,5,5,5,5,1,1,3,5,5,5,5,3,5,1,0,0,FALSE,-0.757464267003349
"satisfied","Loyal Customer",41,"Business travel","Business",1606,1,1,1,1,5,4,4,5,5,5,5,5,5,4,0,0,FALSE,-0.757464267003349
"satisfied","Loyal Customer",47,"Business travel","Eco",1934,5,5,5,5,5,5,5,5,1,4,5,5,4,5,0,0,FALSE,-0.757464267003349
"satisfied","Loyal Customer",33,"Business travel","Business",2498,2,2,2,2,5,5,5,5,3,3,4,3,4,5,4,1,FALSE,-3.67286074753316
"satisfied","Loyal Customer",41,"Business travel","Business",2729,1,1,1,1,4,5,4,5,5,5,5,5,5,4,75,64,FALSE,-10.1711482769373
"satisfied","Loyal Customer",33,"Business travel","Business",3623,4,4,3,4,5,5,5,5,3,3,5,4,4,5,10,0,FALSE,-10.5459554683279
"satisfied","Loyal Customer",55,"Business travel","Business",1966,4,4,4,4,2,5,4,5,5,5,5,4,5,2,0,24,FALSE,23.2425357329967
"satisfied","Loyal Customer",41,"Business travel","Business",3805,4,4,4,4,4,4,4,5,5,5,5,3,5,5,0,0,FALSE,-0.757464267003349
"satisfied","Loyal Customer",41,"Business travel","Business",2749,2,2,2,2,5,5,4,5,5,5,5,3,5,3,0,2,FALSE,1.24253573299665
"satisfied","Loyal Customer",47,"Business travel","Business",3566,3,3,5,3,2,5,5,5,5,5,5,3,5,5,28,23,FALSE,-5.16523963071203
"satisfied","Loyal Customer",33,"Business travel","Eco",1875,4,1,1,1,5,5,5,5,1,3,4,1,1,5,82,68,FALSE,-13.0230921178645
"satisfied","Loyal Customer",40,"Business travel","Business",370,2,2,2,2,3,5,5,5,5,5,5,3,5,5,0,0,FALSE,-0.757464267003349
"satisfied","Loyal Customer",36,"Business travel","Business",2373,2,2,5,2,4,4,4,5,5,5,5,3,5,4,0,2,FALSE,1.24253573299665
"satisfied","Loyal Customer",30,"Business travel","Eco Plus",3686,5,3,3,3,5,5,5,5,5,1,3,1,2,5,1,0,FALSE,-1.7363133871358
"satisfied","Loyal Customer",38,"Business travel","Business",2044,4,4,2,4,3,4,4,5,5,5,5,4,5,5,0,0,FALSE,-0.757464267003349
"satisfied","Loyal Customer",40,"Business travel","Business",3714,2,2,2,2,2,1,1,5,5,5,5,4,5,3,0,0,FALSE,-0.757464267003349
"satisfied","Loyal Customer",44,"Business travel","Business",2525,4,4,4,4,4,5,5,5,5,5,5,4,5,3,14,0,FALSE,-14.4613519488577
"satisfied","Loyal Customer",29,"Business travel","Business",3002,4,4,4,4,5,5,5,5,5,2,4,3,4,5,6,1,FALSE,-5.63055898779807
"satisfied","Loyal Customer",48,"Business travel","Business",1536,4,4,4,4,3,4,4,5,5,5,5,4,5,3,0,0,FALSE,-0.757464267003349
"satisfied","Loyal Customer",66,"Business travel","Business",1372,2,2,2,2,3,5,4,5,5,5,5,3,5,5,0,0,FALSE,-0.757464267003349
"satisfied","Loyal Customer",40,"Business travel","Business",1281,1,1,5,1,4,5,5,5,5,5,5,4,5,3,0,0,FALSE,-0.757464267003349
"satisfied","Loyal Customer",47,"Business travel","Business",3433,4,1,4,4,3,4,4,5,5,5,5,4,5,5,19,43,FALSE,23.6444024504801
"satisfied","Loyal Customer",57,"Business travel","Business",3860,5,5,5,5,2,5,5,5,5,5,5,4,5,4,0,0,FALSE,-0.757464267003349
"satisfied","Loyal Customer",43,"Business travel","Business",2666,1,1,4,1,5,5,5,5,5,5,5,4,5,3,72,113,FALSE,41.76539908346
"satisfied","Loyal Customer",24,"Business travel","Business",3054,2,2,2,2,5,5,5,5,5,4,5,4,4,5,14,16,FALSE,1.53864805114231
"satisfied","Loyal Customer",57,"Business travel","Business",1065,2,2,2,2,3,5,5,5,5,5,5,3,5,4,0,0,FALSE,-0.757464267003349
"satisfied","Loyal Customer",28,"Business travel","Business",2530,1,1,1,1,5,5,5,5,2,1,1,1,3,5,0,0,FALSE,-0.757464267003349
"satisfied","Loyal Customer",42,"Business travel","Business",901,4,4,4,4,4,5,4,5,5,5,5,3,5,4,0,0,FALSE,-0.757464267003349
"satisfied","Loyal Customer",56,"Business travel","Business",2819,3,3,3,3,4,5,4,5,5,5,5,5,5,4,0,0,FALSE,-0.757464267003349
"satisfied","Loyal Customer",40,"Business travel","Business",3008,4,4,2,4,1,3,5,5,5,5,5,2,5,5,0,24,FALSE,23.2425357329967
"satisfied","Loyal Customer",25,"Business travel","Business",2109,4,4,4,4,5,5,5,5,4,3,4,4,5,5,0,0,FALSE,-0.757464267003349
"satisfied","Loyal Customer",33,"Business travel","Business",661,2,2,4,2,3,1,4,5,5,5,5,1,5,2,0,0,FALSE,-0.757464267003349
"satisfied","Loyal Customer",51,"Business travel","Business",658,5,5,1,5,5,4,4,5,5,5,5,5,5,5,1,9,FALSE,7.2636866128642
"satisfied","Loyal Customer",41,"Business travel","Business",2150,1,1,1,1,3,4,4,5,5,5,5,4,5,4,5,4,FALSE,-1.65170986766561
"satisfied","Loyal Customer",34,"Business travel","Business",639,3,3,3,3,3,1,5,5,5,5,5,4,5,4,0,10,FALSE,9.24253573299665
"satisfied","Loyal Customer",42,"Business travel","Business",583,4,4,4,4,1,4,3,5,5,5,5,1,5,5,45,32,FALSE,-12.8056746729637
"satisfied","Loyal Customer",41,"Business travel","Eco",1377,5,1,1,1,5,5,5,5,2,2,4,5,2,5,0,0,FALSE,-0.757464267003349
"satisfied","Loyal Customer",40,"Business travel","Eco",1484,5,2,2,2,5,5,5,5,3,5,4,4,5,5,0,0,FALSE,-0.757464267003349
"satisfied","Loyal Customer",43,"Business travel","Business",2434,1,1,4,1,5,5,5,2,5,1,5,5,5,5,262,279,FALSE,21.784066258294
"satisfied","Loyal Customer",39,"Business travel","Eco Plus",2944,5,2,2,2,5,5,5,5,5,4,3,1,3,5,16,0,FALSE,-16.4190501891226
"satisfied","Loyal Customer",39,"Business travel","Eco",1850,5,2,5,2,5,5,5,5,4,5,5,2,2,5,0,0,FALSE,-0.757464267003349
"satisfied","Loyal Customer",38,"Business travel","Eco Plus",2395,5,3,3,3,5,5,5,5,4,1,3,3,5,5,41,36,FALSE,-4.89027819243391
"satisfied","Loyal Customer",37,"Business travel","Eco",1831,5,1,1,1,5,5,5,5,1,4,3,2,3,5,87,78,FALSE,-7.91733771852674
"satisfied","Loyal Customer",36,"Business travel","Eco",1668,5,5,5,5,5,5,5,5,1,5,3,1,3,5,0,0,FALSE,-0.757464267003349
"satisfied","Loyal Customer",49,"Business travel","Business",382,4,1,4,4,3,4,5,5,5,5,5,3,5,4,10,2,FALSE,-8.54595546832788
"satisfied","Loyal Customer",59,"Business travel","Business",358,4,4,4,4,4,4,5,5,5,5,5,4,5,4,0,0,FALSE,-0.757464267003349
"satisfied","Loyal Customer",29,"Business travel","Eco",2784,5,3,3,3,5,5,5,5,3,2,4,5,3,5,0,18,FALSE,17.2425357329967
"satisfied","Loyal Customer",28,"Business travel","Eco",1839,5,4,3,3,5,5,5,5,3,2,4,1,2,5,0,0,FALSE,-0.757464267003349
"satisfied","Loyal Customer",37,"Business travel","Business",1676,1,1,1,1,3,4,4,5,5,5,5,5,5,3,124,111,FALSE,-11.1347551634275
"satisfied","Loyal Customer",56,"Business travel","Business",233,5,5,5,5,5,1,3,5,5,5,5,3,5,1,7,0,FALSE,-7.60940810793052
"satisfied","Loyal Customer",25,"Business travel","Eco",2410,5,5,5,5,5,5,5,5,2,1,2,1,1,5,0,0,FALSE,-0.757464267003349
"satisfied","Loyal Customer",45,"Business travel","Business",2635,4,4,4,4,2,4,5,5,5,5,5,3,5,4,15,17,FALSE,1.55979893100986
"satisfied","Loyal Customer",50,"Business travel","Business",2104,4,4,4,4,3,5,5,5,5,5,5,4,5,3,0,0,FALSE,-0.757464267003349
"satisfied","Loyal Customer",46,"Business travel","Business",3566,4,4,4,4,3,2,4,5,5,5,5,5,5,1,0,0,FALSE,-0.757464267003349
"satisfied","Loyal Customer",32,"Business travel","Business",4081,2,2,2,2,5,5,5,5,3,3,4,3,5,5,0,0,FALSE,-0.757464267003349
"satisfied","Loyal Customer",57,"Business travel","Eco Plus",86,5,3,3,3,4,3,4,5,5,5,5,3,5,2,5,25,FALSE,19.3482901323344
"satisfied","Loyal Customer",53,"Business travel","Business",1504,2,2,2,2,4,4,4,5,5,5,5,4,5,4,0,0,FALSE,-0.757464267003349
"satisfied","Loyal Customer",39,"Business travel","Business",1438,4,4,4,4,5,5,4,5,5,5,5,4,5,3,0,0,FALSE,-0.757464267003349
"satisfied","Loyal Customer",43,"Business travel","Business",1259,4,4,4,4,3,4,4,5,5,5,5,3,5,3,6,4,FALSE,-2.63055898779806
"satisfied","Loyal Customer",47,"Business travel","Business",3063,5,5,5,5,2,5,4,5,5,5,5,5,5,3,53,42,FALSE,-10.6364676340233
"satisfied","Loyal Customer",39,"Business travel","Business",1958,3,3,3,3,4,4,5,5,5,5,5,4,5,3,55,47,FALSE,-7.59416587428825
"satisfied","Loyal Customer",51,"Business travel","Eco Plus",68,5,3,3,3,2,5,3,5,5,5,5,1,5,3,0,0,FALSE,-0.757464267003349
"satisfied","Loyal Customer",29,"Business travel","Business",2826,5,5,5,5,5,5,5,5,5,5,5,4,4,5,0,2,FALSE,1.24253573299665
"satisfied","Loyal Customer",28,"Business travel","Business",3728,5,5,5,5,5,5,5,5,3,5,4,4,4,5,4,0,FALSE,-4.67286074753316
"satisfied","Loyal Customer",41,"Business travel","Business",2321,4,4,4,4,1,4,3,5,5,5,5,3,5,1,0,1,FALSE,0.242535732996651
"satisfied","Loyal Customer",57,"Business travel","Business",1706,2,2,4,2,4,4,4,5,5,5,5,5,5,5,22,14,FALSE,-8.29214490991731
"satisfied","Loyal Customer",28,"Business travel","Business",1539,2,2,2,2,5,5,5,5,2,3,1,2,5,5,0,0,FALSE,-0.757464267003349
"satisfied","Loyal Customer",46,"Business travel","Business",648,3,3,3,3,3,5,4,5,5,5,5,4,5,4,2,0,FALSE,-2.71516250726825
"satisfied","Loyal Customer",54,"Business travel","Business",2974,3,3,3,3,5,4,4,5,5,5,5,5,5,3,0,0,FALSE,-0.757464267003349
"satisfied","Loyal Customer",31,"Business travel","Business",2240,3,3,3,3,5,5,5,5,4,3,4,3,4,5,3,8,FALSE,4.30598837259929
"satisfied","Loyal Customer",41,"Business travel","Eco",1263,5,1,1,1,5,5,5,5,2,2,4,4,5,5,0,0,FALSE,-0.757464267003349
"satisfied","Loyal Customer",55,"Business travel","Business",3401,5,5,5,5,3,4,4,5,5,5,5,5,5,5,0,6,FALSE,5.24253573299665
"satisfied","Loyal Customer",29,"Business travel","Business",3100,2,4,2,2,5,5,5,5,5,3,5,5,4,5,6,4,FALSE,-2.63055898779806
"satisfied","Loyal Customer",39,"Business travel","Business",3935,5,5,5,5,3,5,5,5,5,5,5,4,5,3,15,0,FALSE,-15.4402010689901
"satisfied","Loyal Customer",40,"Business travel","Business",2730,3,3,3,3,4,5,5,5,5,5,5,4,5,4,5,0,FALSE,-5.65170986766561
"satisfied","Loyal Customer",39,"Business travel","Business",1676,2,2,2,2,3,5,4,5,5,5,5,5,5,5,0,3,FALSE,2.24253573299665
"satisfied","Loyal Customer",36,"Business travel","Business",1749,2,2,2,2,2,4,3,5,5,5,5,1,5,1,0,0,FALSE,-0.757464267003349
"satisfied","Loyal Customer",33,"Business travel","Eco",1776,5,1,1,1,5,5,5,5,1,3,4,1,5,5,3,13,FALSE,9.30598837259929
"satisfied","Loyal Customer",32,"Business travel","Eco",1737,5,3,3,3,5,5,5,5,1,1,2,2,3,5,76,68,FALSE,-7.14999739706977
"satisfied","Loyal Customer",30,"Business travel","Eco",2037,5,4,4,4,5,5,5,5,2,5,5,2,3,5,5,0,FALSE,-5.65170986766561
"satisfied","Loyal Customer",30,"Business travel","Business",1596,3,3,3,3,5,5,5,5,4,3,5,3,5,5,0,0,FALSE,-0.757464267003349
"satisfied","Loyal Customer",29,"Business travel","Eco",2582,5,1,1,1,5,5,5,5,5,1,4,1,2,5,72,89,FALSE,17.76539908346
"satisfied","Loyal Customer",33,"Business travel","Business",2964,3,3,3,3,5,4,5,5,5,5,5,4,5,2,0,4,FALSE,3.24253573299665
"satisfied","Loyal Customer",41,"Business travel","Business",3941,4,4,4,4,5,4,5,5,5,5,5,3,5,3,0,0,FALSE,-0.757464267003349
"satisfied","Loyal Customer",37,"Business travel","Business",1434,4,4,5,4,1,5,1,5,5,5,5,1,5,3,0,0,FALSE,-0.757464267003349
"satisfied","Loyal Customer",41,"Business travel","Business",2108,3,3,5,3,2,5,4,5,5,5,5,4,5,5,79,79,FALSE,0.913455242532875
"satisfied","Loyal Customer",55,"Business travel","Eco Plus",1712,5,5,3,5,5,5,5,5,3,5,2,2,1,5,0,0,FALSE,-0.757464267003349
"satisfied","Loyal Customer",43,"Business travel","Business",1847,5,5,5,5,2,4,4,5,5,5,5,3,5,5,0,0,FALSE,-0.757464267003349
"satisfied","Loyal Customer",59,"Business travel","Business",1891,3,3,3,3,5,5,5,5,5,5,5,5,5,3,87,87,FALSE,1.08266228147326
"satisfied","Loyal Customer",47,"Business travel","Business",2174,1,1,1,1,5,5,5,5,5,5,5,3,5,5,4,0,FALSE,-4.67286074753316
"satisfied","Loyal Customer",56,"Business travel","Business",901,5,5,5,5,5,4,4,5,5,5,5,4,5,3,0,0,FALSE,-0.757464267003349
"satisfied","Loyal Customer",34,"Business travel","Business",820,3,3,3,3,2,5,5,5,5,5,5,4,5,4,65,47,FALSE,-17.3826570756128
"satisfied","Loyal Customer",45,"Business travel","Eco",703,5,4,4,4,4,5,1,5,5,5,5,3,5,1,0,0,FALSE,-0.757464267003349
"satisfied","Loyal Customer",37,"Business travel","Business",668,5,5,5,5,5,4,5,5,5,5,5,5,5,4,4,15,FALSE,10.3271392524668
"satisfied","Loyal Customer",27,"Business travel","Business",3735,4,4,4,4,5,5,5,5,4,2,4,4,4,5,0,0,FALSE,-0.757464267003349
"satisfied","Loyal Customer",24,"Business travel","Business",4515,3,3,3,3,5,5,5,5,1,1,1,3,4,5,17,14,FALSE,-3.39789930925505
"satisfied","Loyal Customer",41,"Business travel","Business",569,5,5,5,5,4,5,5,5,5,5,5,4,5,5,11,2,FALSE,-9.52480458846033
"satisfied","Loyal Customer",41,"Business travel","Eco",1767,5,4,1,4,5,5,5,5,2,2,4,2,4,5,0,6,FALSE,5.24253573299665
"satisfied","Loyal Customer",60,"Business travel","Business",3240,4,4,4,4,2,5,4,5,5,5,5,3,5,5,10,1,FALSE,-9.54595546832788
"satisfied","Loyal Customer",48,"Business travel","Business",472,5,5,5,5,1,1,4,5,5,5,5,4,5,1,0,0,FALSE,-0.757464267003349
"satisfied","Loyal Customer",49,"Business travel","Business",408,4,4,4,4,4,4,2,5,5,5,5,1,5,5,0,0,FALSE,-0.757464267003349
"satisfied","Loyal Customer",55,"Business travel","Business",2436,3,3,3,3,2,3,1,5,5,5,5,5,5,5,0,0,FALSE,-0.757464267003349
"satisfied","Loyal Customer",60,"Business travel","Business",1952,5,5,5,5,5,5,4,5,5,5,5,3,5,4,0,12,FALSE,11.2425357329967
"satisfied","Loyal Customer",52,"Business travel","Business",325,1,1,1,1,4,4,4,5,5,5,5,2,5,1,22,17,FALSE,-5.29214490991731
"dissatisfied","disloyal Customer",12,"Personal Travel","Eco",2429,3,3,3,2,1,3,1,1,2,4,1,3,4,1,0,3,FALSE,2.24253573299665
