"satisfaction","customer_type","age","travel_type","class","flight_distance","seat_comfort","time_convenient","food_drink","gate_location","wifi","entertainment","online_support","ease_booking","onboard_service","legroom","baggage","checkin","cleanliness","online_boarding","dep_delay","arr_delay","row_id","structural_zero_flag","arr_delay_res","midfly_delay","log_mid_delay","log_dep_delay"
"satisfied","Loyal Customer",30,"Personal Travel","Eco",3568,0,4,0,1,4,0,4,4,3,5,5,4,4,4,5,0,259,TRUE,-5.65170986766538,-5,-1.79175946922805,1.79175946922805
"satisfied","Loyal Customer",36,"Personal Travel","Eco Plus",1254,0,4,0,1,1,0,1,1,3,4,4,3,5,1,4,0,291,TRUE,-4.67286074753289,-4,-1.6094379124341,1.6094379124341
"satisfied","Loyal Customer",27,"Personal Travel","Eco",1967,0,4,0,3,4,0,4,4,4,4,5,4,4,4,0,0,392,TRUE,-0.757464267002904,0,0,0
"satisfied","Loyal Customer",18,"Personal Travel","Eco",1526,0,5,0,2,1,0,1,1,4,2,4,4,4,1,106,90,614,TRUE,-14.5154710010475,-16,-2.83321334405622,4.67282883446191
"satisfied","Loyal Customer",48,"Personal Travel","Eco",2011,0,5,0,3,4,0,3,4,4,4,5,5,4,4,0,3,690,TRUE,2.2425357329971,3,1.38629436111989,0
"satisfied","Loyal Customer",33,"Personal Travel","Eco",3560,0,0,0,4,2,0,2,2,3,2,5,2,5,2,0,0,803,TRUE,-0.757464267002904,0,0,0
"satisfied","Loyal Customer",52,"Personal Travel","Business",1139,0,4,0,2,5,0,5,5,3,5,4,4,5,5,96,127,1000,TRUE,32.2730202002775,31,3.46573590279973,4.57471097850338
"satisfied","Loyal Customer",47,"Personal Travel","Eco",1765,0,5,0,3,5,4,4,5,5,0,5,2,5,3,24,37,1182,TRUE,12.7501568498172,13,2.63905732961526,3.2188758248682
"dissatisfied","Loyal Customer",32,"Personal Travel","Eco",1639,1,1,1,3,1,1,1,1,3,2,2,3,2,1,0,0,1331,FALSE,-0.757464267002904,0,0,0
"dissatisfied","Loyal Customer",17,"Personal Travel","Eco",3026,1,2,1,2,4,1,4,4,4,1,2,4,2,4,13,5,1669,FALSE,-8.48250282872535,-8,-2.19722457733622,2.63905732961526
"satisfied","Loyal Customer",41,"Personal Travel","Eco",3442,4,4,4,3,1,4,1,1,3,2,4,5,5,1,37,4,1765,FALSE,-32.9748817119052,-33,-3.52636052461616,3.63758615972639
"dissatisfied","Loyal Customer",61,"Personal Travel","Eco",2148,1,2,1,4,5,1,5,5,4,2,4,2,4,5,0,0,2131,FALSE,-0.757464267002904,0,0,0
"dissatisfied","Loyal Customer",48,"Personal Travel","Eco",1841,1,3,0,3,0,4,4,1,4,2,2,4,1,4,138,131,2356,TRUE,-4.83864284528735,-7,-2.07944154167984,4.93447393313069
"satisfied","Loyal Customer",42,"Personal Travel","Eco",1510,5,2,5,3,3,4,4,2,2,5,2,1,2,2,20,12,2463,FALSE,-8.33444666965282,-8,-2.19722457733622,3.04452243772342
"satisfied","Loyal Customer",18,"Personal Travel","Eco",1633,5,4,5,3,2,4,5,3,3,5,3,3,3,3,1,0,2730,FALSE,-1.7363133871354,-1,-0.693147180559945,0.693147180559945
"satisfied","Loyal Customer",22,"Personal Travel","Eco",1898,5,4,5,3,3,5,3,3,4,2,4,3,4,3,10,3,2774,FALSE,-7.54595546832786,-7,-2.07944154167984,2.39789527279837
"satisfied","Loyal Customer",18,"Personal Travel","Eco",1796,5,4,5,4,3,5,3,3,3,4,5,5,5,3,85,82,2834,FALSE,-1.95963947826506,-3,-1.38629436111989,4.45434729625351
"dissatisfied","Loyal Customer",14,"Personal Travel","Eco",1063,1,3,1,4,2,1,5,2,5,5,4,1,5,2,4,8,3037,FALSE,3.32713925246711,4,1.6094379124341,1.6094379124341
"dissatisfied","Loyal Customer",18,"Personal Travel","Eco",1816,1,4,0,2,4,0,4,4,2,3,3,2,2,4,3,6,3209,TRUE,2.30598837259961,3,1.38629436111989,1.38629436111989
"dissatisfied","Loyal Customer",33,"Personal Travel","Eco Plus",2897,1,4,1,1,2,1,2,2,5,4,1,3,2,2,29,24,3388,FALSE,-5.14408875084529,-5,-1.79175946922805,3.40119738166216
"dissatisfied","Loyal Customer",51,"Personal Travel","Eco",2045,1,4,1,1,4,1,4,4,4,5,4,4,4,4,17,24,3547,FALSE,6.60210069074467,7,2.07944154167984,2.89037175789616
"satisfied","Loyal Customer",53,"Personal Travel","Eco",580,0,0,0,3,1,0,1,1,4,4,3,1,2,1,0,0,3551,TRUE,-0.757464267002904,0,0,0
"satisfied","Loyal Customer",58,"Personal Travel","Eco",318,0,0,0,3,4,4,4,3,3,3,2,3,3,5,9,38,3655,TRUE,28.4328936518046,29,3.40119738166216,2.30258509299405
"dissatisfied","Loyal Customer",63,"Personal Travel","Eco",1745,1,4,1,1,2,1,1,2,5,5,5,3,5,2,0,0,3690,FALSE,-0.757464267002904,0,0,0
"satisfied","Loyal Customer",56,"Personal Travel","Business",1676,0,0,0,4,3,4,5,3,3,2,2,5,3,5,0,0,3739,TRUE,-0.757464267002904,0,0,0
"dissatisfied","Loyal Customer",39,"Personal Travel","Eco",3501,1,4,1,2,5,1,5,5,4,4,5,3,4,5,0,0,3745,FALSE,-0.757464267002904,0,0,0
"satisfied","Loyal Customer",45,"Personal Travel","Eco",1403,0,0,0,4,5,4,5,4,4,4,4,3,4,4,0,0,3761,TRUE,-0.757464267002904,0,0,0
"satisfied","Loyal Customer",53,"Personal Travel","Eco",709,0,0,0,5,5,1,4,5,5,5,5,4,5,5,0,2,3878,TRUE,1.2425357329971,2,1.09861228866811,0
"satisfied","Loyal Customer",11,"Personal Travel","Eco",3394,0,4,0,3,3,5,3,5,5,5,5,2,5,5,0,0,4127,TRUE,-0.757464267002904,0,0,0
"satisfied","Loyal Customer",19,"Personal Travel","Eco",2235,0,4,0,4,2,4,4,5,5,5,5,5,5,4,15,22,4193,TRUE,6.55979893100966,7,2.07944154167984,2.77258872223978
"dissatisfied","Loyal Customer",51,"Personal Travel","Eco Plus",1966,1,4,1,3,1,1,1,1,4,4,4,4,3,1,42,39,4231,FALSE,-2.86912731256774,-3,-1.38629436111989,3.76120011569356
"dissatisfied","Loyal Customer",60,"Personal Travel","Eco",1936,1,4,1,3,3,1,3,3,2,4,3,2,3,3,1,0,4243,FALSE,-1.7363133871354,-1,-0.693147180559945,0.693147180559945
"dissatisfied","Loyal Customer",36,"Personal Travel","Eco",2186,1,4,1,3,2,1,4,2,5,2,4,5,4,2,0,0,4254,FALSE,-0.757464267002904,0,0,0
"dissatisfied","Loyal Customer",58,"Personal Travel","Eco",2406,1,4,1,3,1,1,1,1,4,5,4,4,5,1,0,0,4261,FALSE,-0.757464267002904,0,0,0
"dissatisfied","Loyal Customer",58,"Personal Travel","Eco",2294,1,4,1,3,2,1,2,2,5,4,5,4,5,2,0,0,4308,FALSE,-0.757464267002904,0,0,0
"satisfied","Loyal Customer",39,"Personal Travel","Eco",1632,0,5,0,4,5,5,5,1,1,1,1,4,1,3,7,0,4407,TRUE,-7.60940810793038,-7,-2.07944154167984,2.07944154167984
"satisfied","Loyal Customer",21,"Personal Travel","Eco",2322,1,1,1,1,4,4,5,1,1,2,1,3,1,3,0,0,4474,FALSE,-0.757464267002904,0,0,0
"satisfied","Loyal Customer",43,"Personal Travel","Eco",442,5,1,5,5,2,3,5,2,2,2,2,5,2,3,98,94,4574,FALSE,-2.6846780399875,-4,-1.6094379124341,4.59511985013459
"dissatisfied","Loyal Customer",25,"Personal Travel","Eco",1878,1,4,1,3,4,1,4,4,1,4,4,4,3,4,0,0,4597,FALSE,-0.757464267002904,0,0,0
"dissatisfied","Loyal Customer",46,"Personal Travel","Eco Plus",1203,1,4,1,3,1,1,1,1,5,4,4,3,5,1,22,34,4677,FALSE,11.7078550900822,12,2.56494935746154,3.13549421592915
"dissatisfied","Loyal Customer",51,"Personal Travel","Eco",1399,1,4,1,3,4,1,4,4,5,5,5,5,5,4,5,5,4703,FALSE,-0.651709867665383,0,0,1.79175946922805
"dissatisfied","Loyal Customer",67,"Personal Travel","Eco",1928,1,4,1,3,4,1,4,4,3,5,4,5,4,4,3,0,4711,FALSE,-3.69401162740039,-3,-1.38629436111989,1.38629436111989
"dissatisfied","Loyal Customer",65,"Personal Travel","Eco",2018,1,4,1,4,2,1,2,2,5,4,4,3,4,2,0,0,5064,FALSE,-0.757464267002904,0,0,0
"satisfied","Loyal Customer",63,"Personal Travel","Business",353,2,2,2,2,3,5,4,2,2,2,2,4,2,5,0,0,5187,FALSE,-0.757464267002904,0,0,0
"dissatisfied","Loyal Customer",45,"Personal Travel","Eco",1594,1,4,1,4,3,1,3,3,1,1,4,4,4,3,0,0,5202,FALSE,-0.757464267002904,0,0,0
"dissatisfied","Loyal Customer",66,"Personal Travel","Eco",1259,1,4,1,4,1,1,1,1,5,5,4,5,3,1,13,13,5254,FALSE,-0.48250282872535,0,0,2.63905732961526
"satisfied","Loyal Customer",68,"Personal Travel","Eco",1940,2,2,2,2,2,5,5,2,2,2,2,5,2,3,0,0,5283,FALSE,-0.757464267002904,0,0,0
"dissatisfied","Loyal Customer",52,"Personal Travel","Business",400,1,4,1,5,3,4,5,5,5,1,5,4,5,5,0,0,5418,FALSE,-0.757464267002904,0,0,0
"satisfied","Loyal Customer",40,"Personal Travel","Eco",1478,2,5,5,5,2,2,2,2,4,2,1,5,5,2,0,3,5441,FALSE,2.2425357329971,3,1.38629436111989,0
"dissatisfied","Loyal Customer",68,"Personal Travel","Eco Plus",1844,1,4,2,1,1,2,1,1,1,1,3,5,1,1,4,0,5477,FALSE,-4.67286074753289,-4,-1.6094379124341,1.6094379124341
"satisfied","Loyal Customer",37,"Personal Travel","Eco",1705,2,2,2,2,5,4,5,2,2,2,2,5,2,3,0,0,5582,FALSE,-0.757464267002904,0,0,0
"dissatisfied","Loyal Customer",52,"Personal Travel","Eco",2364,1,5,0,3,3,0,2,3,5,1,1,4,3,3,10,18,5764,TRUE,7.45404453167214,8,2.19722457733622,2.39789527279837
"dissatisfied","Loyal Customer",44,"Personal Travel","Eco",1852,1,5,0,4,5,0,2,5,4,5,5,5,4,5,13,21,5825,TRUE,7.51749717127465,8,2.19722457733622,2.63905732961526
"satisfied","Loyal Customer",25,"Personal Travel","Eco",2913,2,3,3,3,2,3,2,2,4,4,5,3,2,2,37,21,5980,FALSE,-15.9748817119053,-16,-2.83321334405622,3.63758615972639
"satisfied","Loyal Customer",26,"Personal Travel","Eco Plus",1547,1,1,1,1,2,4,4,3,3,3,3,3,3,5,12,20,6472,FALSE,7.49634629140715,8,2.19722457733622,2.56494935746154
"dissatisfied","Loyal Customer",32,"Personal Travel","Business",1443,1,5,1,2,5,1,2,5,3,2,5,5,4,5,0,0,6474,FALSE,-0.757464267002904,0,0,0
"satisfied","Loyal Customer",11,"Personal Travel","Eco",1592,4,4,4,4,2,4,4,3,3,3,3,4,3,4,0,0,6539,FALSE,-0.757464267002904,0,0,0
"satisfied","Loyal Customer",19,"Personal Travel","Eco",1349,4,4,4,4,5,5,5,3,3,3,3,4,3,3,3,1,6611,FALSE,-2.69401162740039,-2,-1.09861228866811,1.38629436111989
"dissatisfied","Loyal Customer",41,"Personal Travel","Eco",1094,1,5,1,2,2,1,1,2,3,2,4,4,5,2,44,43,6643,FALSE,-0.826825552832724,-1,-0.693147180559945,3.80666248977032
"dissatisfied","Loyal Customer",64,"Personal Travel","Eco",2316,1,5,1,3,2,1,2,2,5,5,4,4,4,2,0,0,6768,FALSE,-0.757464267002904,0,0,0
"dissatisfied","Loyal Customer",52,"Personal Travel","Eco Plus",2600,1,5,1,3,2,1,2,2,5,4,5,4,4,2,0,0,6806,FALSE,-0.757464267002904,0,0,0
"satisfied","Loyal Customer",57,"Personal Travel","Eco",940,1,1,1,1,3,5,5,3,3,3,3,2,3,1,0,0,6844,FALSE,-0.757464267002904,0,0,0
"dissatisfied","Loyal Customer",25,"Personal Travel","Eco",2214,1,5,1,3,4,1,4,4,5,4,4,5,5,4,76,61,7008,FALSE,-14.1499973970726,-15,-2.77258872223978,4.34380542185368
"dissatisfied","Loyal Customer",27,"Personal Travel","Eco",2175,1,5,1,4,5,1,5,5,3,3,5,4,4,5,5,27,7358,FALSE,21.3482901323346,22,3.13549421592915,1.79175946922805
"satisfied","Loyal Customer",13,"Personal Travel","Eco",1659,3,3,1,3,5,5,5,3,3,4,3,4,3,4,0,6,7365,FALSE,5.2425357329971,6,1.94591014905531,0
"satisfied","Loyal Customer",25,"Personal Travel","Eco",1850,1,1,1,1,3,4,3,3,3,2,5,5,4,3,0,0,7405,FALSE,-0.757464267002904,0,0,0
"dissatisfied","Loyal Customer",30,"Personal Travel","Eco Plus",1899,1,5,1,4,3,1,3,3,3,2,4,3,5,3,0,0,7563,FALSE,-0.757464267002904,0,0,0
"satisfied","Loyal Customer",10,"Personal Travel","Eco",4142,3,4,4,4,3,4,3,3,1,1,3,5,5,3,0,0,7594,FALSE,-0.757464267002904,0,0,0
"dissatisfied","Loyal Customer",20,"Personal Travel","Eco",1634,1,5,1,5,2,1,1,2,3,3,4,5,4,2,66,60,7674,FALSE,-5.36150619574763,-6,-1.94591014905531,4.20469261939097
"dissatisfied","Loyal Customer",53,"Personal Travel","Eco",2320,1,5,2,1,2,2,2,2,1,2,2,5,2,2,4,3,7823,FALSE,-1.67286074753289,-1,-0.693147180559945,1.6094379124341
"satisfied","Loyal Customer",65,"Personal Travel","Eco Plus",997,4,4,4,4,2,3,1,3,3,4,3,3,3,3,7,6,7833,FALSE,-1.60940810793038,-1,-0.693147180559945,2.07944154167984
"satisfied","Loyal Customer",36,"Personal Travel","Eco",1581,3,3,1,3,3,4,3,3,1,1,4,4,2,3,0,0,8090,FALSE,-0.757464267002904,0,0,0
"dissatisfied","Loyal Customer",19,"Personal Travel","Eco",1809,2,0,2,2,5,2,5,5,5,5,5,4,4,5,2,13,8119,TRUE,10.2848374927321,11,2.484906649788,1.09861228866811
"dissatisfied","Loyal Customer",36,"Personal Travel","Eco Plus",2100,2,0,2,3,4,2,4,4,5,3,5,3,4,4,6,5,8151,TRUE,-1.63055898779788,-1,-0.693147180559945,1.94591014905531
"satisfied","Loyal Customer",70,"Personal Travel","Business",268,4,1,1,1,4,4,3,4,1,1,2,2,5,4,0,0,8193,FALSE,-0.757464267002904,0,0,0
"satisfied","Loyal Customer",27,"Personal Travel","Eco",1681,5,1,5,5,4,4,4,3,5,4,5,4,4,4,12,15,8339,FALSE,2.49634629140715,3,1.38629436111989,2.56494935746154
"dissatisfied","Loyal Customer",35,"Personal Travel","Eco",2398,2,1,1,3,1,1,1,1,4,5,3,3,3,1,0,0,8382,FALSE,-0.757464267002904,0,0,0
"dissatisfied","Loyal Customer",26,"Personal Travel","Eco",2194,2,1,2,2,4,2,4,4,2,4,2,2,3,4,9,0,8477,FALSE,-9.56710634819537,-9,-2.30258509299405,2.30258509299405
"dissatisfied","Loyal Customer",45,"Personal Travel","Eco",1891,2,1,2,2,4,2,4,4,1,4,2,1,2,4,0,11,8509,FALSE,10.2425357329971,11,2.484906649788,0
"dissatisfied","Loyal Customer",38,"Personal Travel","Eco",1266,2,1,2,2,2,2,2,2,2,2,2,3,2,2,0,0,8589,FALSE,-0.757464267002904,0,0,0
"dissatisfied","Loyal Customer",22,"Personal Travel","Business",2125,2,1,2,3,3,2,3,3,3,3,4,2,3,3,3,0,8773,FALSE,-3.69401162740039,-3,-1.38629436111989,1.38629436111989
"dissatisfied","Loyal Customer",29,"Personal Travel","Eco Plus",2480,2,1,2,3,1,2,1,1,4,4,4,4,4,1,15,5,8819,FALSE,-10.4402010689903,-10,-2.39789527279837,2.77258872223978
"satisfied","Loyal Customer",28,"Personal Travel","Eco",2556,5,5,5,5,4,4,4,4,3,4,4,5,5,4,0,0,8826,FALSE,-0.757464267002904,0,0,0
"satisfied","Loyal Customer",62,"Personal Travel","Eco Plus",339,4,3,4,4,2,3,1,4,4,4,4,5,4,5,0,23,9335,FALSE,22.2425357329971,23,3.17805383034795,0
"dissatisfied","Loyal Customer",25,"Personal Travel","Eco",1763,2,2,0,3,4,0,4,4,2,3,3,3,3,4,0,0,9352,TRUE,-0.757464267002904,0,0,0
"satisfied","Loyal Customer",52,"Personal Travel","Eco",802,3,3,3,3,3,5,4,4,4,4,4,4,4,5,1,0,9439,FALSE,-1.7363133871354,-1,-0.693147180559945,0.693147180559945
"satisfied","Loyal Customer",58,"Personal Travel","Eco",992,1,1,1,1,5,4,4,4,4,4,4,4,4,4,0,0,9689,FALSE,-0.757464267002904,0,0,0
"dissatisfied","Loyal Customer",63,"Personal Travel","Eco Plus",2105,2,2,2,3,4,2,4,4,2,3,2,4,3,4,12,0,9735,FALSE,-12.5036537085929,-12,-2.56494935746154,2.56494935746154
"satisfied","Loyal Customer",54,"Personal Travel","Eco",727,4,4,2,4,5,5,4,4,4,4,4,3,4,5,20,20,9754,FALSE,-0.334446669652822,0,0,3.04452243772342
"dissatisfied","Loyal Customer",26,"Personal Travel","Eco",2058,2,2,2,3,5,2,5,5,4,1,3,3,4,5,0,0,9788,FALSE,-0.757464267002904,0,0,0
"satisfied","Loyal Customer",8,"Personal Travel","Eco",1691,4,4,4,4,4,4,5,4,4,4,4,5,4,3,8,0,10131,FALSE,-8.58825722806287,-8,-2.19722457733622,2.19722457733622
"satisfied","Loyal Customer",56,"Personal Travel","Eco",980,3,5,3,3,4,4,4,4,5,2,5,5,4,4,7,0,10133,FALSE,-7.60940810793038,-7,-2.07944154167984,2.07944154167984
"dissatisfied","Loyal Customer",61,"Personal Travel","Eco",1929,2,2,3,3,3,3,3,2,4,3,4,3,3,3,142,151,10413,FALSE,11.2459606741827,9,2.30258509299405,4.96284463025991
"dissatisfied","Loyal Customer",47,"Personal Travel","Eco",1742,2,2,4,4,3,4,3,3,1,5,3,2,3,3,50,45,10441,FALSE,-4.6999202736277,-5,-1.79175946922805,3.93182563272433
"satisfied","Loyal Customer",22,"Personal Travel","Eco",1602,5,5,3,5,3,4,5,4,4,4,4,3,4,3,0,0,10467,FALSE,-0.757464267002904,0,0,0
"satisfied","Loyal Customer",68,"Personal Travel","Eco",1464,2,2,3,2,2,5,3,4,4,4,4,4,4,1,50,55,10537,FALSE,5.3000797263723,5,1.79175946922805,3.93182563272433
"dissatisfied","Loyal Customer",27,"Personal Travel","Eco Plus",1765,2,3,2,1,2,2,2,2,4,4,4,1,1,2,0,0,10585,FALSE,-0.757464267002904,0,0,0
"satisfied","Loyal Customer",69,"Personal Travel","Eco",485,1,1,1,1,4,4,4,4,5,4,5,2,2,4,0,0,11218,FALSE,-0.757464267002904,0,0,0
"dissatisfied","Loyal Customer",30,"Personal Travel","Eco",1956,2,3,2,3,2,2,2,2,3,3,4,2,4,2,3,0,11238,FALSE,-3.69401162740039,-3,-1.38629436111989,1.38629436111989
"satisfied","Loyal Customer",50,"Personal Travel","Eco",414,4,4,4,4,5,4,5,4,4,4,4,3,4,4,15,3,11250,FALSE,-12.4402010689903,-12,-2.56494935746154,2.77258872223978
"satisfied","Loyal Customer",62,"Personal Travel","Eco",281,5,5,5,5,3,4,5,4,4,4,4,5,4,5,0,0,11307,FALSE,-0.757464267002904,0,0,0
"dissatisfied","Loyal Customer",22,"Personal Travel","Eco",978,2,3,2,3,4,2,4,4,1,5,4,3,3,4,0,25,11328,FALSE,24.2425357329971,25,3.25809653802148,0
"satisfied","Loyal Customer",52,"Personal Travel","Eco",898,5,5,5,5,2,4,4,4,4,4,4,3,4,5,0,30,11486,FALSE,29.2425357329971,30,3.43398720448515,0
"dissatisfied","Loyal Customer",60,"Personal Travel","Business",823,2,3,2,4,4,3,3,4,4,2,4,1,4,3,0,0,11495,FALSE,-0.757464267002904,0,0,0
"satisfied","Loyal Customer",68,"Personal Travel","Eco",651,3,3,3,3,4,4,4,4,3,2,5,5,4,4,17,19,11536,FALSE,1.60210069074467,2,1.09861228866811,2.89037175789616
"dissatisfied","Loyal Customer",68,"Personal Travel","Eco",1574,2,3,2,4,1,2,5,1,4,4,5,3,1,1,0,18,11544,FALSE,17.2425357329971,18,2.94443897916644,0
"satisfied","Loyal Customer",28,"Personal Travel","Eco",1734,5,5,5,5,4,2,4,4,4,4,4,4,4,5,16,7,11564,FALSE,-9.41905018912284,-9,-2.30258509299405,2.83321334405622
"dissatisfied","Loyal Customer",46,"Personal Travel","Eco Plus",2463,2,3,3,4,5,3,5,5,3,1,4,3,3,5,2,29,11802,FALSE,26.2848374927321,27,3.3322045101752,1.09861228866811
"satisfied","Loyal Customer",11,"Personal Travel","Eco",1856,5,5,5,5,3,4,5,4,4,4,4,3,4,5,0,2,11993,FALSE,1.2425357329971,2,1.09861228866811,0
"satisfied","Loyal Customer",40,"Personal Travel","Eco",3783,2,2,2,2,2,4,4,4,4,4,4,3,4,3,0,0,12003,FALSE,-0.757464267002904,0,0,0
"satisfied","Loyal Customer",20,"Personal Travel","Eco",1984,2,2,2,2,5,4,5,4,4,4,4,5,4,4,0,0,12080,FALSE,-0.757464267002904,0,0,0
"satisfied","Loyal Customer",12,"Personal Travel","Eco",2905,4,4,4,4,5,4,5,4,4,4,4,4,4,5,26,0,12343,FALSE,-26.2075413904478,-26,-3.29583686600433,3.29583686600433
"dissatisfied","Loyal Customer",12,"Personal Travel","Eco",1576,2,4,2,1,3,2,4,3,4,2,3,4,2,3,1,4,12416,FALSE,2.2636866128646,3,1.38629436111989,0.693147180559945
"dissatisfied","Loyal Customer",53,"Personal Travel","Eco",1837,2,4,2,1,3,2,1,3,5,4,4,1,4,3,0,0,12432,FALSE,-0.757464267002904,0,0,0
"dissatisfied","Loyal Customer",66,"Personal Travel","Business",703,2,4,2,1,5,4,5,3,3,2,3,5,3,4,0,0,12442,FALSE,-0.757464267002904,0,0,0
"dissatisfied","Loyal Customer",51,"Personal Travel","Eco",2738,2,4,2,2,1,2,1,1,4,5,4,5,4,1,49,39,12882,FALSE,-9.7210711534952,-10,-2.39789527279837,3.91202300542815
"dissatisfied","Loyal Customer",49,"Personal Travel","Eco",2456,2,4,2,2,3,2,3,3,5,3,5,4,5,3,0,0,12935,FALSE,-0.757464267002904,0,0,0
"satisfied","Loyal Customer",60,"Personal Travel","Eco",343,3,3,3,3,5,4,5,4,4,4,4,4,4,5,0,0,13335,FALSE,-0.757464267002904,0,0,0
"satisfied","Loyal Customer",48,"Personal Travel","Business",330,2,2,5,2,4,4,4,4,4,1,5,3,3,4,0,2,13343,FALSE,1.2425357329971,2,1.09861228866811,0
"satisfied","Loyal Customer",33,"Personal Travel","Eco Plus",2018,1,1,1,1,2,4,5,4,4,4,4,3,4,3,0,6,13361,FALSE,5.2425357329971,6,1.94591014905531,0
"dissatisfied","Loyal Customer",56,"Personal Travel","Eco",4362,2,4,2,3,2,2,2,2,4,5,5,5,5,2,0,0,13438,FALSE,-0.757464267002904,0,0,0
"satisfied","Loyal Customer",24,"Personal Travel","Eco Plus",2707,3,3,3,3,3,5,1,4,4,4,4,5,4,2,0,0,13589,FALSE,-0.757464267002904,0,0,0
"satisfied","Loyal Customer",52,"Personal Travel","Eco",731,5,5,5,5,2,5,4,4,4,4,4,4,4,3,8,4,13928,FALSE,-4.58825722806287,-4,-1.6094379124341,2.19722457733622
"satisfied","Loyal Customer",7,"Personal Travel","Eco",1985,5,5,5,5,1,3,5,4,4,4,4,3,4,5,3,41,14415,FALSE,37.3059883725996,38,3.66356164612965,1.38629436111989
"dissatisfied","Loyal Customer",51,"Personal Travel","Eco",4392,2,4,2,4,2,2,2,3,2,4,2,2,1,2,170,165,14611,FALSE,-2.16181468952721,-5,-1.79175946922805,5.14166355650266
"satisfied","Loyal Customer",26,"Personal Travel","Business",2515,5,5,3,5,2,3,4,4,4,4,4,4,4,3,0,0,14719,FALSE,-0.757464267002904,0,0,0
"dissatisfied","Loyal Customer",49,"Personal Travel","Eco",2561,2,4,2,4,2,4,4,3,2,4,5,4,4,4,343,338,14834,FALSE,1.497287527551,-5,-1.79175946922805,5.8406416573734
"dissatisfied","Loyal Customer",31,"Personal Travel","Eco",1642,2,4,2,4,2,2,2,2,5,5,4,3,4,2,0,0,14898,FALSE,-0.757464267002904,0,0,0
"dissatisfied","Loyal Customer",64,"Personal Travel","Eco",2142,2,4,2,4,5,2,1,5,5,3,5,4,5,5,0,0,15000,FALSE,-0.757464267002904,0,0,0
"dissatisfied","Loyal Customer",29,"Personal Travel","Eco",1512,2,4,2,4,3,2,3,3,2,2,4,4,4,3,0,0,15034,FALSE,-0.757464267002904,0,0,0
"satisfied","Loyal Customer",27,"Personal Travel","Eco",1472,1,1,1,1,5,4,5,4,4,4,4,3,4,4,4,0,15266,FALSE,-4.67286074753289,-4,-1.6094379124341,1.6094379124341
"dissatisfied","Loyal Customer",69,"Personal Travel","Eco",2717,2,4,2,5,2,3,2,4,3,4,5,2,3,2,95,159,15531,FALSE,65.25186932041,64,4.17438726989564,4.56434819146784
"dissatisfied","Loyal Customer",62,"Personal Travel","Eco Plus",2065,2,4,2,5,1,2,1,1,5,3,4,3,5,1,0,0,15723,FALSE,-0.757464267002904,0,0,0
"dissatisfied","Loyal Customer",53,"Personal Travel","Eco",2337,2,4,3,3,4,3,5,4,2,2,1,3,1,4,73,94,15863,FALSE,21.7865499633249,21,3.09104245335832,4.30406509320417
"satisfied","Loyal Customer",23,"Personal Travel","Eco",1778,4,4,4,4,3,5,5,4,4,4,4,1,4,3,0,0,16014,FALSE,-0.757464267002904,0,0,0
"dissatisfied","Loyal Customer",17,"Personal Travel","Eco",1378,2,5,0,3,1,0,5,1,2,2,5,2,3,1,0,0,16126,TRUE,-0.757464267002904,0,0,0
"dissatisfied","Loyal Customer",11,"Personal Travel","Eco",1376,2,5,0,4,3,0,3,3,2,1,4,1,4,3,0,0,16133,TRUE,-0.757464267002904,0,0,0
"dissatisfied","Loyal Customer",65,"Personal Travel","Eco",3251,2,5,1,3,1,1,1,5,4,3,4,1,4,1,0,7,16228,FALSE,6.2425357329971,7,2.07944154167984,0
"satisfied","Loyal Customer",62,"Personal Travel","Eco",2582,4,4,4,4,1,2,5,4,4,4,4,4,4,2,32,31,16325,FALSE,-1.08063611124277,-1,-0.693147180559945,3.49650756146648
"satisfied","Loyal Customer",8,"Personal Travel","Eco",1130,3,3,3,3,2,5,4,4,4,4,4,4,4,4,61,73,16728,FALSE,12.5327394049148,12,2.56494935746154,4.12713438504509
"satisfied","Loyal Customer",30,"Personal Travel","Eco Plus",2048,5,5,5,5,4,1,1,4,4,4,4,5,4,1,0,0,16760,FALSE,-0.757464267002904,0,0,0
"dissatisfied","Loyal Customer",15,"Personal Travel","Eco Plus",1625,2,5,2,1,3,2,3,3,3,4,4,3,5,3,42,25,16846,FALSE,-16.8691273125677,-17,-2.89037175789616,3.76120011569356
"dissatisfied","Loyal Customer",39,"Personal Travel","Eco",1107,2,5,2,1,4,2,4,4,5,2,4,3,5,4,25,18,16881,FALSE,-7.2286922703153,-7,-2.07944154167984,3.25809653802148
"satisfied","Loyal Customer",34,"Personal Travel","Eco",1933,4,1,1,1,4,4,4,4,3,2,1,5,3,4,30,34,16903,FALSE,3.87706212902222,4,1.6094379124341,3.43398720448515
"satisfied","Loyal Customer",37,"Personal Travel","Business",2080,5,5,5,5,2,4,4,4,4,4,4,4,4,5,0,0,16947,FALSE,-0.757464267002904,0,0,0
"satisfied","Loyal Customer",31,"Personal Travel","Eco",3386,3,3,3,3,5,4,5,4,4,4,4,3,4,5,15,1,16958,FALSE,-14.4402010689903,-14,-2.70805020110221,2.77258872223978
"satisfied","Loyal Customer",17,"Personal Travel","Eco",2955,5,5,5,5,4,4,4,4,4,4,4,3,4,3,0,4,17063,FALSE,3.2425357329971,4,1.6094379124341,0
"satisfied","Loyal Customer",59,"Personal Travel","Eco",1014,4,3,3,3,4,4,4,4,1,5,4,2,3,4,0,0,17091,FALSE,-0.757464267002904,0,0,0
"satisfied","Loyal Customer",41,"Personal Travel","Eco Plus",833,5,5,5,5,5,5,4,4,4,4,4,4,4,4,7,24,17169,FALSE,16.3905918920696,17,2.89037175789616,2.07944154167984
"dissatisfied","Loyal Customer",10,"Personal Travel","Eco",2337,2,5,2,2,4,2,3,4,3,2,4,5,4,4,0,0,17173,FALSE,-0.757464267002904,0,0,0
"satisfied","Loyal Customer",42,"Personal Travel","Eco",707,1,1,1,1,2,1,1,4,4,4,4,3,4,4,27,0,17206,FALSE,-27.1863905105803,-27,-3.3322045101752,3.3322045101752
"satisfied","Loyal Customer",21,"Personal Travel","Eco",1180,4,4,4,4,4,4,4,4,1,5,2,5,5,4,0,0,17498,FALSE,-0.757464267002904,0,0,0
"dissatisfied","Loyal Customer",22,"Personal Travel","Eco Plus",2626,2,5,2,3,5,2,5,5,3,3,4,5,5,5,0,0,17614,FALSE,-0.757464267002904,0,0,0
"satisfied","Loyal Customer",29,"Personal Travel","Eco Plus",3078,5,5,5,5,5,4,5,4,4,4,4,4,4,4,0,0,17639,FALSE,-0.757464267002904,0,0,0
"dissatisfied","Loyal Customer",62,"Personal Travel","Eco",2895,2,5,2,3,3,2,3,3,5,4,3,3,4,3,0,0,17652,FALSE,-0.757464267002904,0,0,0
"dissatisfied","Loyal Customer",36,"Personal Travel","Eco",2603,2,5,2,3,3,2,1,3,5,3,3,3,5,3,0,22,17702,FALSE,21.2425357329971,22,3.13549421592915,0
"satisfied","Loyal Customer",60,"Personal Travel","Eco",1052,2,2,2,2,5,5,5,4,4,4,4,5,4,4,0,0,17780,FALSE,-0.757464267002904,0,0,0
"satisfied","Loyal Customer",70,"Personal Travel","Eco",700,1,1,1,1,4,4,4,4,4,4,4,5,4,5,0,0,18011,FALSE,-0.757464267002904,0,0,0
"dissatisfied","Loyal Customer",40,"Personal Travel","Eco",1309,2,5,2,3,2,2,2,2,4,3,5,4,4,2,0,0,18128,FALSE,-0.757464267002904,0,0,0
"dissatisfied","Loyal Customer",55,"Personal Travel","Eco",1590,2,5,2,3,5,2,5,5,4,3,4,3,4,5,0,5,18292,FALSE,4.2425357329971,5,1.79175946922805,0
"satisfied","Loyal Customer",14,"Personal Travel","Eco",2014,4,4,4,4,2,4,5,4,4,4,4,5,4,5,0,0,18413,FALSE,-0.757464267002904,0,0,0
"satisfied","Loyal Customer",21,"Personal Travel","Eco",1250,4,4,4,4,5,4,4,4,4,4,4,4,4,5,0,0,18418,FALSE,-0.757464267002904,0,0,0
"satisfied","Loyal Customer",58,"Personal Travel","Eco",231,1,1,1,1,3,1,3,5,5,4,4,3,5,4,13,9,18462,FALSE,-4.48250282872535,-4,-1.6094379124341,2.63905732961526
"satisfied","Loyal Customer",30,"Personal Travel","Eco",2168,4,4,4,4,4,4,4,4,4,4,5,5,4,3,72,58,18665,FALSE,-13.2346009165426,-14,-2.70805020110221,4.29045944114839
"satisfied","Loyal Customer",54,"Personal Travel","Eco",1016,1,1,1,1,4,4,5,4,4,5,5,3,4,4,0,0,18726,FALSE,-0.757464267002904,0,0,0
"dissatisfied","Loyal Customer",62,"Personal Travel","Eco",1939,2,5,2,4,3,2,3,3,3,5,5,3,4,3,17,4,18797,FALSE,-13.3978993092553,-13,-2.63905732961526,2.89037175789616
"satisfied","Loyal Customer",56,"Personal Travel","Eco",821,2,2,2,2,5,4,4,4,4,4,5,5,4,5,0,2,18823,FALSE,1.2425357329971,2,1.09861228866811,0
"dissatisfied","Loyal Customer",49,"Personal Travel","Eco",1926,2,5,2,4,4,2,4,4,4,1,2,4,1,4,0,0,18920,FALSE,-0.757464267002904,0,0,0
"satisfied","Loyal Customer",41,"Personal Travel","Eco",1636,3,3,3,3,3,5,4,5,5,4,5,5,5,3,0,0,18946,FALSE,-0.757464267002904,0,0,0
"satisfied","Loyal Customer",23,"Personal Travel","Eco",2179,1,1,1,1,4,5,5,5,5,4,5,4,5,4,6,0,18947,FALSE,-6.63055898779788,-6,-1.94591014905531,1.94591014905531
"dissatisfied","Loyal Customer",27,"Personal Travel","Eco",1418,2,5,2,4,2,2,2,2,5,4,5,4,4,2,125,122,19160,FALSE,-1.11360428356489,-3,-1.38629436111989,4.83628190695148
"satisfied","Loyal Customer",52,"Personal Travel","Eco Plus",2104,4,4,2,4,5,5,4,5,5,4,5,5,5,3,1,0,19237,FALSE,-1.7363133871354,-1,-0.693147180559945,0.693147180559945
"satisfied","Loyal Customer",50,"Personal Travel","Eco Plus",1205,3,3,3,3,5,5,4,5,5,5,3,5,5,4,4,0,19663,FALSE,-4.67286074753289,-4,-1.6094379124341,1.6094379124341
"satisfied","Loyal Customer",25,"Personal Travel","Eco",2167,5,5,5,5,5,5,3,5,4,4,5,4,5,5,0,12,19727,FALSE,11.2425357329971,12,2.56494935746154,0
"dissatisfied","Loyal Customer",31,"Personal Travel","Business",1849,2,5,3,4,5,3,5,5,4,1,2,3,5,5,63,68,19752,FALSE,5.57504116464986,5,1.79175946922805,4.15888308335967
"satisfied","Loyal Customer",38,"Personal Travel","Eco",1533,5,2,2,2,5,5,3,5,5,5,4,2,5,5,28,19,19786,FALSE,-9.16523963071279,-9,-2.30258509299405,3.36729582998647
"dissatisfied","Loyal Customer",45,"Personal Travel","Eco",1970,3,0,3,1,5,3,5,5,3,3,5,5,4,5,0,0,19947,TRUE,-0.757464267002904,0,0,0
"satisfied","Loyal Customer",60,"Personal Travel","Eco Plus",300,5,5,5,5,5,5,5,4,4,5,4,3,4,3,0,0,19950,FALSE,-0.757464267002904,0,0,0
"dissatisfied","Loyal Customer",35,"Personal Travel","Eco",1923,3,0,3,4,5,3,5,5,4,5,5,3,4,5,0,20,20178,TRUE,19.2425357329971,20,3.04452243772342,0
"dissatisfied","Loyal Customer",60,"Personal Travel","Business",585,3,1,3,2,2,2,3,1,1,3,1,3,1,2,0,0,20479,FALSE,-0.757464267002904,0,0,0
"dissatisfied","Loyal Customer",29,"Personal Travel","Eco",2345,3,1,3,3,1,3,1,1,3,1,3,4,4,1,0,0,20681,FALSE,-0.757464267002904,0,0,0
"dissatisfied","Loyal Customer",55,"Personal Travel","Eco",2574,3,1,3,3,3,2,2,3,2,2,3,2,4,2,258,234,20684,FALSE,-19.3005372611869,-24,-3.2188758248682,5.55682806169954
"dissatisfied","Loyal Customer",28,"Personal Travel","Eco",1337,3,1,3,3,1,3,1,1,2,3,3,3,3,1,24,21,20791,FALSE,-3.2498431501828,-3,-1.38629436111989,3.2188758248682
"satisfied","Loyal Customer",42,"Personal Travel","Eco",407,4,4,1,4,3,4,2,5,5,5,4,3,5,1,28,27,20831,FALSE,-1.16523963071279,-1,-0.693147180559945,3.36729582998647
"dissatisfied","Loyal Customer",10,"Personal Travel","Eco",2258,3,1,3,4,3,3,3,3,1,5,4,1,4,3,0,0,21011,FALSE,-0.757464267002904,0,0,0
"dissatisfied","Loyal Customer",23,"Personal Travel","Eco",2018,3,1,3,4,5,3,5,5,3,4,3,4,3,5,0,0,21082,FALSE,-0.757464267002904,0,0,0
"dissatisfied","Loyal Customer",39,"Personal Travel","Eco",1890,3,1,3,4,4,3,4,4,3,1,4,1,3,4,1,46,21093,FALSE,44.2636866128646,45,3.8286413964891,0.693147180559945
"satisfied","Loyal Customer",46,"Personal Travel","Eco",290,2,2,2,2,2,4,5,5,5,5,4,4,5,4,0,0,21153,FALSE,-0.757464267002904,0,0,0
"dissatisfied","Loyal Customer",30,"Personal Travel","Eco Plus",3041,3,1,4,4,4,4,4,4,4,1,3,4,4,4,7,31,21236,FALSE,23.3905918920696,24,3.2188758248682,2.07944154167984
"satisfied","Loyal Customer",10,"Personal Travel","Eco",1695,5,4,4,4,3,5,5,5,5,5,5,4,5,4,0,0,21461,FALSE,-0.757464267002904,0,0,0
"satisfied","Loyal Customer",18,"Personal Travel","Eco",1629,1,1,1,1,3,5,4,5,5,5,5,5,5,4,0,17,21672,FALSE,16.2425357329971,17,2.89037175789616,0
"dissatisfied","Loyal Customer",9,"Personal Travel","Eco",2515,3,2,3,3,4,3,4,4,2,1,2,2,3,4,0,0,21685,FALSE,-0.757464267002904,0,0,0
"dissatisfied","Loyal Customer",28,"Personal Travel","Eco",2210,3,2,3,3,4,3,1,4,4,4,3,1,3,4,44,42,21858,FALSE,-1.82682555283272,-2,-1.09861228866811,3.80666248977032
"dissatisfied","Loyal Customer",25,"Personal Travel","Eco",1367,3,2,3,3,5,3,5,5,4,5,4,4,4,5,4,4,21964,FALSE,-0.672860747532887,0,0,1.6094379124341
"satisfied","Loyal Customer",56,"Personal Travel","Eco",1539,3,3,3,3,4,4,5,5,5,5,5,4,5,3,0,0,22068,FALSE,-0.757464267002904,0,0,0
"dissatisfied","Loyal Customer",64,"Personal Travel","Eco",1818,3,2,3,4,4,3,3,4,1,1,4,1,3,4,6,43,22261,FALSE,36.3694410122021,37,3.63758615972639,1.94591014905531
"dissatisfied","Loyal Customer",48,"Personal Travel","Eco",2014,3,2,3,4,4,3,4,4,1,5,3,4,3,4,0,0,22264,FALSE,-0.757464267002904,0,0,0
"satisfied","Loyal Customer",33,"Personal Travel","Eco",1370,1,1,1,1,5,5,5,5,4,4,5,5,4,5,28,29,22415,FALSE,0.83476036928721,1,0.693147180559945,3.36729582998647
"dissatisfied","Loyal Customer",51,"Personal Travel","Eco",2436,3,3,3,2,1,3,1,1,3,5,3,2,2,1,0,0,22769,FALSE,-0.757464267002904,0,0,0
"satisfied","Loyal Customer",31,"Personal Travel","Eco",2403,5,5,5,5,5,5,5,5,2,1,5,4,2,5,0,23,22770,FALSE,22.2425357329971,23,3.17805383034795,0
"dissatisfied","Loyal Customer",31,"Personal Travel","Eco",1906,3,3,3,2,5,3,5,5,5,1,1,5,5,5,0,0,22865,FALSE,-0.757464267002904,0,0,0
"satisfied","Loyal Customer",25,"Personal Travel","Eco Plus",2644,3,3,3,3,5,4,4,5,5,5,5,3,5,4,6,0,22987,FALSE,-6.63055898779788,-6,-1.94591014905531,1.94591014905531
"satisfied","Loyal Customer",70,"Personal Travel","Eco",1052,5,5,5,5,2,2,5,5,5,5,5,4,5,4,26,34,23027,FALSE,7.7924586095522,8,2.19722457733622,3.29583686600433
"satisfied","Loyal Customer",27,"Personal Travel","Eco",1660,5,3,5,5,5,5,5,5,1,2,5,3,2,5,0,1,23163,FALSE,0.242535732997096,1,0.693147180559945,0
"dissatisfied","Loyal Customer",60,"Personal Travel","Eco",1177,3,3,3,3,4,3,4,4,1,4,3,3,3,4,0,0,23265,FALSE,-0.757464267002904,0,0,0
"dissatisfied","Loyal Customer",16,"Personal Travel","Eco",1701,3,3,3,3,2,3,2,2,1,3,4,1,3,2,0,0,23326,FALSE,-0.757464267002904,0,0,0
"satisfied","Loyal Customer",64,"Personal Travel","Eco",1764,5,3,3,3,3,5,3,5,5,5,5,2,5,2,37,24,23426,FALSE,-12.9748817119053,-13,-2.63905732961526,3.63758615972639
"satisfied","Loyal Customer",14,"Personal Travel","Eco Plus",1729,1,1,1,1,2,4,5,5,5,5,5,5,5,3,33,38,23510,FALSE,4.94051476862473,5,1.79175946922805,3.52636052461616
"satisfied","Loyal Customer",66,"Personal Travel","Eco",411,4,4,4,4,4,1,5,5,5,5,5,5,5,2,0,0,23684,FALSE,-0.757464267002904,0,0,0
"dissatisfied","Loyal Customer",55,"Personal Travel","Business",233,3,3,3,4,2,3,3,1,1,3,1,2,1,4,15,14,23751,FALSE,-1.44020106899034,-1,-0.693147180559945,2.77258872223978
"dissatisfied","Loyal Customer",44,"Personal Travel","Eco",2363,3,3,3,5,4,3,4,4,2,2,5,1,3,4,0,9,23809,FALSE,8.2425357329971,9,2.30258509299405,0
"satisfied","Loyal Customer",51,"Personal Travel","Eco",203,5,5,5,5,2,5,4,5,5,5,5,4,5,3,0,0,23933,FALSE,-0.757464267002904,0,0,0
"dissatisfied","Loyal Customer",49,"Personal Travel","Eco",1304,3,4,0,3,3,0,3,3,4,5,3,4,4,3,0,0,23996,TRUE,-0.757464267002904,0,0,0
"dissatisfied","Loyal Customer",14,"Personal Travel","Eco",1465,3,4,1,5,4,1,4,4,2,2,2,5,4,4,28,29,24076,FALSE,0.83476036928721,1,0.693147180559945,3.36729582998647
"satisfied","Loyal Customer",9,"Personal Travel","Eco",2068,5,5,5,5,4,4,5,5,5,5,5,3,5,5,0,0,24195,FALSE,-0.757464267002904,0,0,0
"satisfied","Loyal Customer",23,"Personal Travel","Eco",2068,5,5,2,5,3,4,4,5,5,5,5,4,5,3,0,0,24208,FALSE,-0.757464267002904,0,0,0
"satisfied","Loyal Customer",27,"Personal Travel","Eco",2412,2,2,2,2,4,5,5,5,5,5,5,5,5,5,27,33,24395,FALSE,5.8136094894197,6,1.94591014905531,3.3322045101752
"dissatisfied","Loyal Customer",7,"Personal Travel","Eco",2100,3,4,3,1,1,3,1,1,4,4,5,4,5,1,0,5,24492,FALSE,4.2425357329971,5,1.79175946922805,0
"dissatisfied","Loyal Customer",57,"Personal Travel","Eco Plus",2115,3,4,3,1,2,3,2,2,5,3,5,4,5,2,0,0,24548,FALSE,-0.757464267002904,0,0,0
"dissatisfied","Loyal Customer",26,"Personal Travel","Eco",1470,3,4,3,1,2,3,2,2,3,4,4,4,5,2,4,0,24574,FALSE,-4.67286074753289,-4,-1.6094379124341,1.6094379124341
"dissatisfied","Loyal Customer",26,"Personal Travel","Eco",1442,3,4,3,1,5,3,1,5,5,5,2,2,2,5,0,0,24633,FALSE,-0.757464267002904,0,0,0
"dissatisfied","Loyal Customer",19,"Personal Travel","Eco",1731,3,4,3,1,2,3,2,2,5,3,5,3,4,2,0,29,24711,FALSE,28.2425357329971,29,3.40119738166216,0
"satisfied","Loyal Customer",15,"Personal Travel","Eco",2037,2,2,2,2,5,4,5,5,5,5,5,5,5,3,1,1,24727,FALSE,-0.7363133871354,0,0,0.693147180559945
"dissatisfied","Loyal Customer",68,"Personal Travel","Eco",3152,3,4,3,2,3,4,4,4,4,5,4,4,5,4,213,186,24988,FALSE,-23.2523268552245,-27,-3.3322045101752,5.36597601502185
"dissatisfied","Loyal Customer",27,"Personal Travel","Business",1829,3,4,3,2,2,3,2,2,3,1,2,2,3,2,0,0,25085,FALSE,-0.757464267002904,0,0,0
"satisfied","Loyal Customer",30,"Personal Travel","Eco Plus",2151,2,2,2,2,5,4,4,5,5,5,5,5,5,3,0,0,25086,FALSE,-0.757464267002904,0,0,0
"dissatisfied","Loyal Customer",65,"Personal Travel","Eco",2292,3,4,3,2,3,3,3,3,3,2,5,5,4,3,0,8,25090,FALSE,7.2425357329971,8,2.19722457733622,0
"dissatisfied","Loyal Customer",39,"Personal Travel","Eco",2403,3,4,3,2,1,3,1,1,4,2,5,3,5,1,2,0,25209,FALSE,-2.71516250726789,-2,-1.09861228866811,1.09861228866811
"satisfied","Loyal Customer",54,"Personal Travel","Business",620,1,1,1,1,5,5,5,5,1,4,5,1,1,5,0,0,25253,FALSE,-0.757464267002904,0,0,0
"satisfied","Loyal Customer",46,"Personal Travel","Eco",558,5,5,5,5,3,4,4,5,5,5,5,3,5,5,0,1,25284,FALSE,0.242535732997096,1,0.693147180559945,0
"satisfied","Loyal Customer",19,"Personal Travel","Eco Plus",1977,3,3,3,3,5,5,5,5,3,2,5,3,3,5,0,0,25408,FALSE,-0.757464267002904,0,0,0
"satisfied","Loyal Customer",20,"Personal Travel","Eco",3194,5,5,5,5,3,5,4,5,5,5,5,2,5,4,0,2,25604,FALSE,1.2425357329971,2,1.09861228866811,0
"dissatisfied","Loyal Customer",8,"Personal Travel","Eco",2545,3,4,3,3,5,3,2,5,4,3,2,2,4,5,0,0,25731,FALSE,-0.757464267002904,0,0,0
"satisfied","Loyal Customer",12,"Personal Travel","Eco",2571,4,4,4,4,5,4,4,5,5,5,5,4,5,3,0,0,25737,FALSE,-0.757464267002904,0,0,0
"satisfied","Loyal Customer",58,"Personal Travel","Eco",1104,4,4,5,4,2,5,5,5,5,5,5,5,5,4,33,36,25795,FALSE,2.94051476862473,3,1.38629436111989,3.52636052461616
"dissatisfied","Loyal Customer",13,"Personal Travel","Eco",2578,3,4,3,3,3,5,2,3,3,5,5,2,3,2,157,142,25944,FALSE,-12.4367761278048,-15,-2.77258872223978,5.06259503302697
"dissatisfied","Loyal Customer",21,"Personal Travel","Eco",1989,3,4,3,3,1,3,1,1,4,2,4,3,3,1,0,0,25951,FALSE,-0.757464267002904,0,0,0
"dissatisfied","Loyal Customer",59,"Personal Travel","Eco",2616,3,4,3,3,5,3,5,5,3,4,4,5,5,5,0,0,25965,FALSE,-0.757464267002904,0,0,0
"dissatisfied","Loyal Customer",60,"Personal Travel","Business",741,3,4,3,3,2,5,4,1,1,3,1,3,1,5,70,61,26070,FALSE,-8.27690267627762,-9,-2.30258509299405,4.26267987704132
"dissatisfied","Loyal Customer",31,"Personal Travel","Eco",2104,3,4,3,3,1,3,4,1,4,2,5,4,5,1,0,0,26109,FALSE,-0.757464267002904,0,0,0
"satisfied","Loyal Customer",68,"Personal Travel","Business",655,5,5,5,5,1,3,5,5,5,5,5,5,5,5,24,17,26122,FALSE,-7.24984315018281,-7,-2.07944154167984,3.2188758248682
"dissatisfied","Loyal Customer",51,"Personal Travel","Eco",2304,3,4,3,3,5,3,2,5,4,4,5,4,5,5,29,8,26204,FALSE,-21.1440887508453,-21,-3.09104245335832,3.40119738166216
"dissatisfied","Loyal Customer",48,"Personal Travel","Business",536,3,4,3,3,3,5,5,5,5,3,4,3,5,3,2,0,26298,FALSE,-2.71516250726789,-2,-1.09861228866811,1.09861228866811
"dissatisfied","Loyal Customer",50,"Personal Travel","Eco",1373,3,4,3,3,3,3,3,3,4,2,5,4,4,3,9,4,26494,FALSE,-5.56710634819537,-5,-1.79175946922805,2.30258509299405
"dissatisfied","Loyal Customer",69,"Personal Travel","Eco",1561,3,4,3,3,4,3,3,4,1,1,4,4,4,4,0,0,26660,FALSE,-0.757464267002904,0,0,0
"satisfied","Loyal Customer",69,"Personal Travel","Eco",231,4,5,4,4,5,4,5,5,5,5,5,3,5,5,13,18,26679,FALSE,4.51749717127465,5,1.79175946922805,2.63905732961526
"dissatisfied","Loyal Customer",12,"Personal Travel","Eco",1101,3,4,3,3,4,3,4,4,3,3,4,2,4,4,6,17,26700,FALSE,10.3694410122021,11,2.484906649788,1.94591014905531
"satisfied","Loyal Customer",60,"Personal Travel","Eco",2271,3,1,3,3,3,4,5,5,5,5,5,4,5,3,0,0,26774,FALSE,-0.757464267002904,0,0,0
"satisfied","Loyal Customer",29,"Personal Travel","Eco",2975,1,1,5,1,5,1,4,5,5,5,5,1,5,5,0,7,26801,FALSE,6.2425357329971,7,2.07944154167984,0
"satisfied","Loyal Customer",68,"Personal Travel","Eco",1792,1,1,1,1,2,4,4,5,5,5,5,5,5,4,0,0,26808,FALSE,-0.757464267002904,0,0,0
"satisfied","Loyal Customer",23,"Personal Travel","Eco",2381,2,2,2,2,2,5,4,5,5,5,5,5,5,3,0,8,26986,FALSE,7.2425357329971,8,2.19722457733622,0
"dissatisfied","Loyal Customer",58,"Personal Travel","Eco Plus",1955,3,4,3,4,4,3,4,4,1,4,4,2,3,4,0,0,27028,FALSE,-0.757464267002904,0,0,0
"dissatisfied","Loyal Customer",11,"Personal Travel","Eco",2243,3,4,3,4,3,3,3,3,5,4,4,4,4,3,17,11,27061,FALSE,-6.39789930925533,-6,-1.94591014905531,2.89037175789616
"satisfied","Loyal Customer",11,"Personal Travel","Eco",1923,5,5,5,5,5,5,5,5,2,2,2,3,2,5,0,0,27163,FALSE,-0.757464267002904,0,0,0
"satisfied","Loyal Customer",12,"Personal Travel","Eco",2181,2,2,2,2,2,4,5,5,5,5,5,5,5,5,80,70,27172,FALSE,-9.06539387760257,-10,-2.39789527279837,4.39444915467244
"satisfied","Loyal Customer",29,"Personal Travel","Eco",1931,3,3,3,3,3,4,5,5,5,5,5,5,5,4,7,10,27227,FALSE,2.39059189206962,3,1.38629436111989,2.07944154167984
"satisfied","Loyal Customer",67,"Personal Travel","Eco",600,1,1,1,1,5,5,5,5,5,1,4,3,3,5,0,0,27277,FALSE,-0.757464267002904,0,0,0
"dissatisfied","Loyal Customer",42,"Personal Travel","Eco",1252,3,4,3,4,5,3,5,5,2,4,4,1,5,5,0,2,27283,FALSE,1.2425357329971,2,1.09861228866811,0
"dissatisfied","Loyal Customer",60,"Personal Travel","Eco",1876,3,4,3,4,2,3,3,2,4,3,5,3,4,2,0,0,27323,FALSE,-0.757464267002904,0,0,0
"satisfied","Loyal Customer",46,"Personal Travel","Eco",457,5,5,5,5,3,4,4,5,5,5,5,5,5,4,0,0,27360,FALSE,-0.757464267002904,0,0,0
"dissatisfied","Loyal Customer",36,"Personal Travel","Eco",1803,3,4,3,4,4,3,4,4,5,2,5,3,5,4,54,57,27443,FALSE,3.38468324584231,3,1.38629436111989,4.00733318523247
"dissatisfied","Loyal Customer",45,"Personal Travel","Eco",1685,3,4,3,4,1,3,1,1,3,3,4,5,4,1,0,0,27588,FALSE,-0.757464267002904,0,0,0
"satisfied","Loyal Customer",64,"Personal Travel","Eco",94,4,4,4,4,3,5,4,5,5,5,5,3,5,3,0,0,27610,FALSE,-0.757464267002904,0,0,0
"dissatisfied","Loyal Customer",40,"Personal Travel","Eco",2986,3,4,3,5,3,3,3,3,3,3,4,3,5,3,18,7,27653,FALSE,-11.3767484293878,-11,-2.484906649788,2.94443897916644
"dissatisfied","Loyal Customer",14,"Personal Travel","Eco",2086,3,4,3,5,3,3,3,3,3,4,5,4,4,3,0,0,27755,FALSE,-0.757464267002904,0,0,0
"dissatisfied","Loyal Customer",44,"Personal Travel","Eco",2893,3,4,4,3,1,4,1,1,3,5,5,3,5,1,0,0,28023,FALSE,-0.757464267002904,0,0,0
"dissatisfied","Loyal Customer",26,"Personal Travel","Eco",1810,3,4,4,3,1,4,1,1,2,5,2,5,4,1,0,0,28066,FALSE,-0.757464267002904,0,0,0
"dissatisfied","Loyal Customer",27,"Personal Travel","Eco",2230,3,4,5,1,5,5,5,5,4,3,5,2,2,5,0,0,28148,FALSE,-0.757464267002904,0,0,0
"dissatisfied","Loyal Customer",67,"Personal Travel","Eco",2761,3,5,2,1,1,2,1,1,5,4,4,4,5,1,33,24,28312,FALSE,-9.05948523137527,-9,-2.30258509299405,3.52636052461616
"satisfied","Loyal Customer",54,"Personal Travel","Eco",1535,5,1,1,1,1,4,2,5,5,5,5,1,5,5,0,0,28544,FALSE,-0.757464267002904,0,0,0
"satisfied","Loyal Customer",24,"Personal Travel","Eco",2036,1,1,3,1,2,5,4,5,5,5,5,5,5,4,0,0,28624,FALSE,-0.757464267002904,0,0,0
"dissatisfied","Loyal Customer",25,"Personal Travel","Eco",1979,3,5,3,1,5,3,5,5,3,2,4,3,5,5,16,23,28669,FALSE,6.58094981087716,7,2.07944154167984,2.83321334405622
"satisfied","Loyal Customer",18,"Personal Travel","Eco",2107,5,1,1,1,5,5,1,5,5,5,5,1,5,2,0,0,28740,FALSE,-0.757464267002904,0,0,0
"dissatisfied","Loyal Customer",31,"Personal Travel","Eco",1598,3,5,3,1,1,3,1,1,5,4,4,5,5,1,0,0,28961,FALSE,-0.757464267002904,0,0,0
"dissatisfied","Loyal Customer",31,"Personal Travel","Eco",2144,3,5,3,1,3,1,1,5,3,3,1,1,4,1,164,156,29031,FALSE,-5.28871996873225,-8,-2.19722457733622,5.10594547390058
"dissatisfied","Loyal Customer",69,"Personal Travel","Eco",1286,3,5,3,1,1,3,1,1,5,4,4,5,4,1,0,0,29045,FALSE,-0.757464267002904,0,0,0
"satisfied","Loyal Customer",49,"Personal Travel","Eco",975,3,3,3,3,2,4,5,5,5,5,5,5,5,5,8,0,29302,FALSE,-8.58825722806287,-8,-2.19722457733622,2.19722457733622
"satisfied","Loyal Customer",49,"Personal Travel","Eco Plus",382,1,1,1,1,4,4,4,5,5,5,5,4,5,5,0,0,29647,FALSE,-0.757464267002904,0,0,0
"satisfied","Loyal Customer",25,"Personal Travel","Eco",3128,2,2,2,2,2,5,4,5,5,5,5,3,5,4,0,0,29818,FALSE,-0.757464267002904,0,0,0
"dissatisfied","Loyal Customer",29,"Personal Travel","Eco",3438,3,5,3,3,4,3,4,4,4,4,5,3,4,4,1,0,29824,FALSE,-1.7363133871354,-1,-0.693147180559945,0.693147180559945
"satisfied","Loyal Customer",21,"Personal Travel","Eco",2523,2,2,2,2,2,1,2,5,5,5,5,2,5,3,3,0,29872,FALSE,-3.69401162740039,-3,-1.38629436111989,1.38629436111989
"dissatisfied","Loyal Customer",35,"Personal Travel","Eco",2465,3,5,3,3,4,3,4,4,2,1,4,2,4,4,31,46,29894,FALSE,14.8982130088897,15,2.77258872223978,3.46573590279973
"dissatisfied","Loyal Customer",19,"Personal Travel","Eco",1686,3,5,3,3,2,3,4,2,4,3,5,4,5,2,0,0,30189,FALSE,-0.757464267002904,0,0,0
"satisfied","Loyal Customer",23,"Personal Travel","Eco",2146,5,1,4,1,3,5,2,5,5,5,5,3,5,4,1,1,30215,FALSE,-0.7363133871354,0,0,0.693147180559945
"satisfied","Loyal Customer",58,"Personal Travel","Eco Plus",415,2,2,2,2,4,4,4,5,5,5,5,3,5,4,0,0,30483,FALSE,-0.757464267002904,0,0,0
"satisfied","Loyal Customer",67,"Personal Travel","Eco",302,2,2,3,2,5,4,5,5,5,5,5,5,5,5,0,0,30575,FALSE,-0.757464267002904,0,0,0
"dissatisfied","Loyal Customer",28,"Personal Travel","Eco Plus",2193,3,5,3,3,5,3,5,5,3,2,5,4,5,5,32,52,30594,FALSE,19.9193638887572,20,3.04452243772342,3.49650756146648
"dissatisfied","Loyal Customer",68,"Personal Travel","Eco",1679,3,5,3,3,1,3,1,1,5,5,5,3,4,1,0,0,30638,FALSE,-0.757464267002904,0,0,0
"satisfied","Loyal Customer",67,"Personal Travel","Eco",82,2,2,2,2,5,5,4,5,5,5,5,4,5,5,0,0,30670,FALSE,-0.757464267002904,0,0,0
"dissatisfied","Loyal Customer",62,"Personal Travel","Eco",1444,3,5,3,4,2,3,2,2,3,4,2,2,1,2,16,18,31097,FALSE,1.58094981087716,2,1.09861228866811,2.83321334405622
"dissatisfied","Loyal Customer",69,"Personal Travel","Eco",1554,3,5,3,4,5,3,5,5,2,3,5,2,4,5,0,0,31116,FALSE,-0.757464267002904,0,0,0
"dissatisfied","Loyal Customer",20,"Personal Travel","Eco",1442,3,5,3,4,4,3,4,4,4,3,5,3,4,4,0,0,31125,FALSE,-0.757464267002904,0,0,0
"dissatisfied","Loyal Customer",14,"Personal Travel","Business",4027,3,5,3,5,3,3,3,3,4,2,4,3,5,3,89,73,31352,FALSE,-14.875035958795,-16,-2.83321334405622,4.49980967033027
"dissatisfied","Loyal Customer",14,"Personal Travel","Eco",3997,3,5,3,5,1,3,1,1,4,5,2,3,1,1,16,0,31355,FALSE,-16.4190501891228,-16,-2.83321334405622,2.83321334405622
"dissatisfied","Loyal Customer",18,"Personal Travel","Eco",1254,3,5,3,5,2,3,2,2,5,4,4,4,5,2,40,28,31660,FALSE,-11.9114290723027,-12,-2.56494935746154,3.71357206670431
"dissatisfied","Loyal Customer",10,"Personal Travel","Business",1403,3,5,3,5,5,3,5,5,4,1,5,5,1,5,38,23,31669,FALSE,-14.9537308320377,-15,-2.77258872223978,3.66356164612965
"dissatisfied","Loyal Customer",47,"Personal Travel","Eco",2144,3,5,3,5,1,3,1,1,4,4,4,4,4,1,0,0,31671,FALSE,-0.757464267002904,0,0,0
"dissatisfied","Loyal Customer",18,"Personal Travel","Eco",1905,3,5,3,5,3,3,3,3,3,2,4,5,4,3,1,0,31681,FALSE,-1.7363133871354,-1,-0.693147180559945,0.693147180559945
"dissatisfied","Loyal Customer",58,"Personal Travel","Eco",799,3,5,4,3,3,5,4,2,2,4,1,5,2,5,36,51,31786,FALSE,15.0039674082272,15,2.77258872223978,3.61091791264422
"dissatisfied","Loyal Customer",35,"Personal Travel","Eco",2036,4,0,4,1,3,4,3,3,1,3,1,3,5,3,0,0,31938,TRUE,-0.757464267002904,0,0,0
"satisfied","Loyal Customer",20,"Personal Travel","Business",1791,4,0,4,3,1,4,1,1,3,4,5,3,4,1,93,92,32012,TRUE,0.209567560674971,-1,-0.693147180559945,4.54329478227
"dissatisfied","Loyal Customer",25,"Personal Travel","Eco",4401,4,1,4,3,3,4,3,3,1,3,3,4,2,3,0,0,32254,FALSE,-0.757464267002904,0,0,0
"dissatisfied","Loyal Customer",65,"Personal Travel","Eco Plus",2366,4,1,4,3,4,4,4,4,2,2,1,2,3,4,15,33,32297,FALSE,17.5597989310097,18,2.94443897916644,2.77258872223978
"dissatisfied","Loyal Customer",46,"Personal Travel","Eco",386,4,1,4,3,2,3,4,5,5,4,1,4,5,1,0,3,32405,FALSE,2.2425357329971,3,1.38629436111989,0
"dissatisfied","Loyal Customer",54,"Personal Travel","Eco",2424,4,1,4,4,4,4,4,4,4,2,4,3,4,4,12,9,32461,FALSE,-3.50365370859285,-3,-1.38629436111989,2.56494935746154
"dissatisfied","Loyal Customer",41,"Personal Travel","Eco",1854,4,1,4,4,2,4,3,2,2,4,3,1,4,2,0,0,32544,FALSE,-0.757464267002904,0,0,0
"satisfied","Loyal Customer",68,"Personal Travel","Eco",1433,4,1,4,4,3,4,3,3,4,4,4,2,3,3,0,0,32570,FALSE,-0.757464267002904,0,0,0
"dissatisfied","Loyal Customer",65,"Personal Travel","Eco",1690,4,2,4,3,5,4,5,5,4,2,4,1,3,5,0,0,32972,FALSE,-0.757464267002904,0,0,0
"satisfied","Loyal Customer",43,"Personal Travel","Eco",231,4,2,4,3,5,4,3,3,3,4,3,3,3,2,91,81,32981,FALSE,-8.83273419906004,-10,-2.39789527279837,4.52178857704904
"dissatisfied","Loyal Customer",39,"Personal Travel","Eco",1753,4,2,4,3,5,4,5,5,1,2,3,3,3,5,54,48,32983,FALSE,-5.61531675415769,-6,-1.94591014905531,4.00733318523247
"dissatisfied","Loyal Customer",54,"Personal Travel","Eco",1571,4,2,4,4,3,4,3,3,2,4,4,3,3,3,0,0,33146,FALSE,-0.757464267002904,0,0,0
"dissatisfied","Loyal Customer",16,"Personal Travel","Eco",1278,4,2,4,4,4,4,4,4,4,1,4,3,3,4,0,0,33168,FALSE,-0.757464267002904,0,0,0
"satisfied","Loyal Customer",26,"Personal Travel","Eco Plus",1737,4,2,4,4,4,4,4,4,1,3,3,3,3,4,12,2,33181,FALSE,-10.5036537085929,-10,-2.39789527279837,2.56494935746154
"dissatisfied","Loyal Customer",60,"Personal Travel","Eco",908,4,3,4,1,3,5,1,1,1,4,1,5,1,2,76,80,33306,FALSE,4.85000260292741,4,1.6094379124341,4.34380542185368
"dissatisfied","Loyal Customer",24,"Personal Travel","Eco",2126,4,3,4,2,2,4,1,2,1,5,5,3,3,2,16,14,33393,FALSE,-2.41905018912284,-2,-1.09861228866811,2.83321334405622
"dissatisfied","Loyal Customer",18,"Personal Travel","Eco",985,4,3,4,2,4,4,4,4,3,4,5,3,3,4,0,0,33411,FALSE,-0.757464267002904,0,0,0
"dissatisfied","Loyal Customer",45,"Personal Travel","Eco",2085,4,3,4,3,5,4,5,5,4,4,3,3,3,5,0,0,33527,FALSE,-0.757464267002904,0,0,0
"dissatisfied","Loyal Customer",21,"Personal Travel","Eco",1796,4,3,4,3,5,4,3,5,2,2,3,1,3,5,0,0,33625,FALSE,-0.757464267002904,0,0,0
"satisfied","Loyal Customer",26,"Personal Travel","Eco",1521,4,3,4,3,4,4,4,4,2,5,4,2,2,4,0,0,33629,FALSE,-0.757464267002904,0,0,0
"satisfied","Loyal Customer",49,"Personal Travel","Eco",278,4,3,4,3,3,4,4,5,5,4,5,3,5,3,0,0,33643,FALSE,-0.757464267002904,0,0,0
"satisfied","Loyal Customer",27,"Personal Travel","Eco Plus",2584,4,3,4,4,1,4,1,1,2,3,3,1,3,1,0,0,33736,FALSE,-0.757464267002904,0,0,0
"dissatisfied","Loyal Customer",7,"Personal Travel","Eco Plus",1941,4,4,0,4,0,5,5,1,1,3,3,5,4,5,169,158,33979,TRUE,-8.18296556939471,-11,-2.484906649788,5.13579843705026
"dissatisfied","Loyal Customer",31,"Personal Travel","Eco",3829,4,4,4,1,3,4,3,3,3,5,4,3,5,3,5,1,34172,FALSE,-4.65170986766538,-4,-1.6094379124341,1.79175946922805
"dissatisfied","Loyal Customer",24,"Personal Travel","Eco",2007,4,4,4,1,1,4,4,1,2,5,1,3,5,1,0,0,34323,FALSE,-0.757464267002904,0,0,0
"satisfied","Loyal Customer",34,"Personal Travel","Eco",1931,4,4,4,2,1,4,1,1,4,4,5,5,4,1,0,0,34617,FALSE,-0.757464267002904,0,0,0
"dissatisfied","Loyal Customer",36,"Personal Travel","Eco",2380,4,4,4,2,2,4,2,2,5,5,5,4,5,2,0,0,34678,FALSE,-0.757464267002904,0,0,0
"dissatisfied","Loyal Customer",7,"Personal Travel","Business",2295,4,4,4,3,1,4,1,1,5,4,4,3,4,1,24,10,34994,FALSE,-14.2498431501828,-14,-2.70805020110221,3.2188758248682
"satisfied","Loyal Customer",64,"Personal Travel","Eco",2406,4,4,4,3,4,3,3,5,4,2,3,3,3,3,165,146,35089,FALSE,-16.2675690888647,-19,-2.99573227355399,5.11198778835654
"dissatisfied","Loyal Customer",24,"Personal Travel","Eco",2132,4,4,4,3,2,4,2,2,3,4,4,5,4,2,0,0,35122,FALSE,-0.757464267002904,0,0,0
"satisfied","Loyal Customer",27,"Personal Travel","Eco",1546,4,4,4,3,5,4,5,5,1,2,3,2,3,5,0,0,35346,FALSE,-0.757464267002904,0,0,0
"dissatisfied","Loyal Customer",26,"Personal Travel","Eco",1811,4,4,4,4,4,4,4,4,4,2,4,3,4,4,0,18,35764,FALSE,17.2425357329971,18,2.94443897916644,0
"dissatisfied","Loyal Customer",59,"Personal Travel","Eco",1874,4,4,4,4,3,4,3,3,4,2,5,5,5,3,0,0,35767,FALSE,-0.757464267002904,0,0,0
"dissatisfied","Loyal Customer",40,"Personal Travel","Eco Plus",1551,4,4,4,4,3,4,3,3,4,4,5,2,1,3,0,0,35922,FALSE,-0.757464267002904,0,0,0
"dissatisfied","Loyal Customer",9,"Personal Travel","Eco Plus",2327,4,4,4,5,2,4,2,2,3,5,3,5,5,2,26,11,35969,FALSE,-15.2075413904478,-15,-2.77258872223978,3.29583686600433
"dissatisfied","Loyal Customer",28,"Personal Travel","Eco",2176,4,4,4,5,5,4,5,5,2,1,4,4,5,5,0,0,36007,FALSE,-0.757464267002904,0,0,0
"dissatisfied","Loyal Customer",19,"Personal Travel","Eco",2069,4,4,4,5,2,4,1,2,5,2,4,5,4,2,4,0,36038,FALSE,-4.67286074753289,-4,-1.6094379124341,1.6094379124341
"dissatisfied","Loyal Customer",24,"Personal Travel","Eco",1778,4,4,4,5,4,4,4,4,4,2,3,2,2,4,59,49,36089,FALSE,-9.50956235482016,-10,-2.39789527279837,4.0943445622221
"satisfied","Loyal Customer",60,"Personal Travel","Business",134,4,4,4,5,4,4,5,2,2,4,4,3,2,3,0,0,36106,FALSE,-0.757464267002904,0,0,0
"dissatisfied","Loyal Customer",64,"Personal Travel","Eco",966,4,4,5,3,4,5,1,4,4,5,4,5,4,5,0,1,36164,FALSE,0.242535732997096,1,0.693147180559945,0
"dissatisfied","Loyal Customer",13,"Personal Travel","Eco",3298,4,4,5,5,4,5,2,4,3,2,5,4,5,4,0,0,36214,FALSE,-0.757464267002904,0,0,0
"satisfied","Loyal Customer",7,"Personal Travel","Eco",2327,4,5,2,3,4,2,4,4,3,5,5,3,5,4,0,0,36302,FALSE,-0.757464267002904,0,0,0
"dissatisfied","Loyal Customer",68,"Personal Travel","Eco Plus",1969,4,5,4,1,4,4,4,4,3,3,4,3,1,4,0,0,36540,FALSE,-0.757464267002904,0,0,0
"dissatisfied","Loyal Customer",54,"Personal Travel","Eco",412,4,5,4,1,3,5,4,2,2,4,2,3,2,5,0,0,36642,FALSE,-0.757464267002904,0,0,0
"dissatisfied","Loyal Customer",44,"Personal Travel","Eco",306,4,5,4,1,5,5,5,2,2,4,2,5,2,4,0,0,36671,FALSE,-0.757464267002904,0,0,0
"dissatisfied","Loyal Customer",41,"Personal Travel","Eco",1416,4,5,4,1,5,4,5,5,5,3,4,4,5,5,0,9,36715,FALSE,8.2425357329971,9,2.30258509299405,0
"dissatisfied","Loyal Customer",42,"Personal Travel","Eco",2210,4,5,4,2,1,4,1,1,5,2,5,5,5,1,0,0,36812,FALSE,-0.757464267002904,0,0,0
"dissatisfied","Loyal Customer",30,"Personal Travel","Eco",1645,4,5,4,2,3,4,3,3,3,4,5,5,5,3,0,0,36952,FALSE,-0.757464267002904,0,0,0
"satisfied","Loyal Customer",55,"Personal Travel","Eco",2007,4,5,4,2,1,4,1,1,5,2,4,3,5,1,0,0,36953,FALSE,-0.757464267002904,0,0,0
"dissatisfied","Loyal Customer",62,"Personal Travel","Eco",1952,4,5,4,3,5,5,5,1,1,4,1,5,1,5,0,0,37120,FALSE,-0.757464267002904,0,0,0
"satisfied","Loyal Customer",11,"Personal Travel","Eco",3277,4,5,4,3,2,4,2,2,4,5,4,3,5,2,6,5,37124,FALSE,-1.63055898779788,-1,-0.693147180559945,1.94591014905531
"dissatisfied","Loyal Customer",69,"Personal Travel","Eco",1561,4,5,4,3,5,4,5,5,5,5,5,4,4,5,0,0,37428,FALSE,-0.757464267002904,0,0,0
"satisfied","Loyal Customer",66,"Personal Travel","Eco",1769,4,5,4,3,4,4,4,4,4,3,5,4,5,4,1,0,37479,FALSE,-1.7363133871354,-1,-0.693147180559945,0.693147180559945
"satisfied","Loyal Customer",8,"Personal Travel","Eco",2460,4,5,4,4,5,4,5,5,4,5,5,3,5,5,4,0,37685,FALSE,-4.67286074753289,-4,-1.6094379124341,1.6094379124341
"dissatisfied","Loyal Customer",33,"Personal Travel","Eco",996,4,5,4,4,5,4,5,5,1,5,2,4,3,5,0,0,37948,FALSE,-0.757464267002904,0,0,0
"dissatisfied","Loyal Customer",10,"Personal Travel","Eco",1693,4,5,4,5,5,4,5,5,3,4,5,4,5,5,0,0,38007,FALSE,-0.757464267002904,0,0,0
"dissatisfied","Loyal Customer",57,"Personal Travel","Eco",647,4,5,4,5,4,5,5,5,5,4,5,5,5,4,0,0,38041,FALSE,-0.757464267002904,0,0,0
"dissatisfied","Loyal Customer",65,"Personal Travel","Eco",332,4,5,4,5,2,4,5,1,1,4,1,5,1,4,0,0,38100,FALSE,-0.757464267002904,0,0,0
"satisfied","Loyal Customer",42,"Personal Travel","Business",2513,5,1,5,1,2,1,1,2,2,5,2,3,2,1,11,0,38288,FALSE,-11.5248045884604,-11,-2.484906649788,2.484906649788
"satisfied","Loyal Customer",55,"Personal Travel","Eco",2237,5,1,5,3,4,5,3,4,1,2,4,1,3,4,114,116,38332,FALSE,3.65373603789256,2,1.09861228866811,4.74493212836325
"satisfied","Loyal Customer",55,"Personal Travel","Eco",838,5,2,5,2,5,3,3,5,5,5,5,1,5,2,0,4,38438,FALSE,3.2425357329971,4,1.6094379124341,0
"satisfied","Loyal Customer",41,"Personal Travel","Eco",1760,5,2,5,3,3,5,3,3,4,4,3,1,3,3,0,0,38505,FALSE,-0.757464267002904,0,0,0
"satisfied","Loyal Customer",63,"Personal Travel","Eco",2376,5,2,5,4,5,3,3,5,5,5,5,3,5,4,11,0,38513,FALSE,-11.5248045884604,-11,-2.484906649788,2.484906649788
"satisfied","Loyal Customer",22,"Personal Travel","Eco",3470,5,3,5,4,1,5,1,1,4,1,1,5,3,1,0,0,38688,FALSE,-0.757464267002904,0,0,0
"satisfied","Loyal Customer",24,"Personal Travel","Eco",1328,5,4,5,1,1,5,1,1,5,4,4,4,4,1,0,0,38847,FALSE,-0.757464267002904,0,0,0
"satisfied","Loyal Customer",52,"Personal Travel","Eco",873,5,4,5,2,4,4,5,3,3,5,3,4,3,4,0,0,38913,FALSE,-0.757464267002904,0,0,0
"satisfied","Loyal Customer",55,"Personal Travel","Eco",1885,5,4,5,2,2,5,2,2,5,4,5,5,5,2,0,0,38966,FALSE,-0.757464267002904,0,0,0
"satisfied","Loyal Customer",28,"Personal Travel","Eco",1939,5,4,5,3,3,5,3,3,3,4,3,2,4,3,0,0,39049,FALSE,-0.757464267002904,0,0,0
"satisfied","Loyal Customer",35,"Personal Travel","Eco",1497,5,5,2,2,2,2,2,2,3,5,4,3,5,2,0,4,39328,FALSE,3.2425357329971,4,1.6094379124341,0
"satisfied","Loyal Customer",44,"Personal Travel","Eco",2698,5,5,4,4,2,4,3,2,4,5,4,1,3,2,0,0,39354,FALSE,-0.757464267002904,0,0,0
"satisfied","Loyal Customer",24,"Personal Travel","Eco",1087,5,5,5,2,5,5,1,5,3,4,4,3,5,5,0,0,39551,FALSE,-0.757464267002904,0,0,0
"satisfied","Loyal Customer",14,"Personal Travel","Eco",3688,5,5,5,3,1,5,1,1,1,4,5,1,2,1,8,7,39556,FALSE,-1.58825722806287,-1,-0.693147180559945,2.19722457733622
"satisfied","Loyal Customer",64,"Personal Travel","Eco",2074,5,5,5,3,1,5,1,1,3,5,5,3,5,1,31,3,39611,FALSE,-28.1017869911103,-28,-3.36729582998647,3.46573590279973
"satisfied","Loyal Customer",69,"Personal Travel","Eco",3518,5,5,5,4,5,5,5,5,3,2,5,4,5,5,8,0,39702,FALSE,-8.58825722806287,-8,-2.19722457733622,2.19722457733622
"satisfied","disloyal Customer",28,"Business travel","Business",2550,0,0,0,3,2,0,3,2,4,4,5,3,4,2,0,4,40095,TRUE,3.2425357329971,4,1.6094379124341,0
"satisfied","disloyal Customer",26,"Business travel","Business",2069,0,0,0,3,1,0,1,1,3,2,4,5,5,1,0,0,40129,TRUE,-0.757464267002904,0,0,0
"satisfied","disloyal Customer",25,"Business travel","Business",2367,0,0,0,4,2,0,2,2,5,3,4,3,5,2,0,0,40251,TRUE,-0.757464267002904,0,0,0
"satisfied","disloyal Customer",24,"Business travel","Business",2053,0,0,0,4,0,4,4,4,4,5,4,4,4,4,168,178,40273,TRUE,12.7958835507378,10,2.39789527279837,5.12989871492307
"satisfied","disloyal Customer",20,"Business travel","Eco",1526,0,0,0,4,2,0,2,2,3,3,3,3,2,2,0,0,40293,TRUE,-0.757464267002904,0,0,0
"satisfied","disloyal Customer",37,"Business travel","Eco",1069,0,0,0,4,3,0,3,3,2,4,3,2,1,3,0,0,40303,TRUE,-0.757464267002904,0,0,0
"satisfied","disloyal Customer",21,"Business travel","Eco",1605,0,0,0,4,2,0,2,2,3,2,4,4,4,2,3,4,40310,TRUE,0.305988372599609,1,0.693147180559945,1.38629436111989
"satisfied","disloyal Customer",25,"Business travel","Business",1918,0,0,1,1,1,1,1,1,4,3,4,5,5,1,0,0,40384,TRUE,-0.757464267002904,0,0,0
"satisfied","disloyal Customer",24,"Business travel","Business",2587,0,3,0,3,4,0,4,4,3,3,4,4,4,4,13,0,40487,TRUE,-13.4825028287253,-13,-2.63905732961526,2.63905732961526
"dissatisfied","disloyal Customer",31,"Business travel","Eco",1855,1,0,0,3,5,0,5,5,5,2,2,2,4,5,0,0,40796,TRUE,-0.757464267002904,0,0,0
"dissatisfied","disloyal Customer",36,"Business travel","Eco",1770,1,0,1,3,3,1,3,3,2,5,2,5,4,3,7,3,41044,TRUE,-4.60940810793038,-4,-1.6094379124341,2.07944154167984
"dissatisfied","disloyal Customer",20,"Business travel","Eco",2073,1,0,1,4,5,1,5,5,3,5,5,4,4,5,0,0,41132,TRUE,-0.757464267002904,0,0,0
"dissatisfied","disloyal Customer",36,"Business travel","Business",1589,1,1,1,1,3,1,3,3,5,5,4,3,4,3,4,0,41379,FALSE,-4.67286074753289,-4,-1.6094379124341,1.6094379124341
"dissatisfied","disloyal Customer",27,"Business travel","Eco",2809,1,1,1,2,2,1,2,2,3,3,3,3,3,2,44,44,41627,FALSE,0.173174447167276,0,0,3.80666248977032
"dissatisfied","disloyal Customer",36,"Business travel","Business",1896,1,1,1,2,5,1,5,5,4,1,2,3,2,5,0,25,41665,FALSE,24.2425357329971,25,3.25809653802148,0
"dissatisfied","disloyal Customer",27,"Business travel","Eco Plus",2047,1,1,1,2,1,1,1,1,1,2,2,3,3,1,0,0,41743,FALSE,-0.757464267002904,0,0,0
"dissatisfied","disloyal Customer",29,"Business travel","Eco",3644,1,1,1,3,4,1,4,4,3,5,4,1,3,4,0,0,41848,FALSE,-0.757464267002904,0,0,0
"dissatisfied","disloyal Customer",18,"Business travel","Eco",2568,1,1,1,3,5,1,5,5,4,5,4,2,3,5,0,0,41953,FALSE,-0.757464267002904,0,0,0
"dissatisfied","disloyal Customer",40,"Business travel","Business",1580,1,1,1,3,3,1,3,3,5,2,5,2,3,3,0,0,41988,FALSE,-0.757464267002904,0,0,0
"dissatisfied","disloyal Customer",39,"Business travel","Business",1795,1,1,1,3,1,1,1,1,5,3,4,3,4,1,0,6,42009,FALSE,5.2425357329971,6,1.94591014905531,0
"dissatisfied","disloyal Customer",36,"Business travel","Business",1040,1,1,1,3,5,1,5,5,4,3,3,2,4,5,4,11,42170,FALSE,6.32713925246711,7,2.07944154167984,1.6094379124341
"dissatisfied","disloyal Customer",33,"Business travel","Eco",2150,1,1,1,3,5,1,5,5,1,2,3,3,4,5,0,0,42483,FALSE,-0.757464267002904,0,0,0
"dissatisfied","disloyal Customer",39,"Business travel","Business",1578,1,1,1,4,1,1,1,1,1,2,3,3,3,1,0,7,42719,FALSE,6.2425357329971,7,2.07944154167984,0
"dissatisfied","disloyal Customer",27,"Business travel","Eco",1749,1,1,1,4,3,1,3,3,1,3,3,2,4,3,16,16,43067,FALSE,-0.419050189122838,0,0,2.83321334405622
"dissatisfied","disloyal Customer",36,"Business travel","Eco",1305,1,2,1,3,2,1,2,2,2,1,3,1,3,2,0,0,43397,FALSE,-0.757464267002904,0,0,0
"dissatisfied","disloyal Customer",18,"Business travel","Eco Plus",1982,1,2,1,3,5,1,5,5,3,1,3,3,2,5,0,0,43410,FALSE,-0.757464267002904,0,0,0
"dissatisfied","disloyal Customer",37,"Business travel","Eco",1285,1,2,1,3,1,1,1,1,1,4,3,4,3,1,24,20,43415,FALSE,-4.2498431501828,-4,-1.6094379124341,3.2188758248682
"dissatisfied","disloyal Customer",54,"Business travel","Business",2170,1,2,2,3,1,1,5,1,1,5,1,5,1,1,113,101,43579,FALSE,-10.3674148419749,-12,-2.56494935746154,4.7361984483945
"dissatisfied","disloyal Customer",26,"Business travel","Eco",1249,1,3,1,2,4,1,4,4,3,5,2,5,2,4,0,5,43740,FALSE,4.2425357329971,5,1.79175946922805,0
"dissatisfied","disloyal Customer",21,"Business travel","Eco",2062,1,4,1,3,5,1,1,5,1,4,4,1,3,5,3,0,44059,FALSE,-3.69401162740039,-3,-1.38629436111989,1.38629436111989
"dissatisfied","disloyal Customer",22,"Business travel","Business",2266,1,4,1,4,1,1,1,1,3,3,4,4,4,1,0,8,44152,FALSE,7.2425357329971,8,2.19722457733622,0
"dissatisfied","disloyal Customer",39,"Business travel","Eco",980,2,0,1,3,5,1,5,5,5,5,5,5,1,5,0,0,44395,TRUE,-0.757464267002904,0,0,0
"dissatisfied","disloyal Customer",39,"Business travel","Eco",1822,2,0,2,1,3,2,3,3,2,3,4,1,1,3,2,0,44496,TRUE,-2.71516250726789,-2,-1.09861228866811,1.09861228866811
"dissatisfied","disloyal Customer",20,"Business travel","Eco",1945,2,0,2,1,3,2,3,3,3,5,3,5,2,3,0,0,44538,TRUE,-0.757464267002904,0,0,0
"dissatisfied","disloyal Customer",22,"Business travel","Eco",1827,2,0,2,2,5,2,5,5,3,2,5,3,4,5,45,30,44545,TRUE,-14.8056746729652,-15,-2.77258872223978,3.8286413964891
"dissatisfied","disloyal Customer",25,"Business travel","Business",2194,2,0,2,2,3,2,3,3,4,2,5,3,5,3,2,0,44554,TRUE,-2.71516250726789,-2,-1.09861228866811,1.09861228866811
"dissatisfied","disloyal Customer",24,"Business travel","Eco",1108,2,0,2,2,1,2,1,1,4,5,5,3,5,1,0,0,44623,TRUE,-0.757464267002904,0,0,0
"dissatisfied","disloyal Customer",63,"Business travel","Eco",2413,2,0,2,4,2,2,2,5,5,5,5,2,5,2,217,217,44862,TRUE,3.83227666424548,0,0,5.38449506278909
"dissatisfied","disloyal Customer",25,"Business travel","Eco",1914,2,0,2,5,3,2,3,3,5,3,4,4,1,3,0,0,45014,TRUE,-0.757464267002904,0,0,0
"dissatisfied","disloyal Customer",20,"Business travel","Eco",1123,2,0,2,5,1,2,1,1,4,4,5,4,5,1,0,7,45033,TRUE,6.2425357329971,7,2.07944154167984,0
"dissatisfied","disloyal Customer",22,"Business travel","Eco",2136,2,0,3,5,1,3,1,1,2,3,4,1,5,1,0,0,45113,TRUE,-0.757464267002904,0,0,0
"dissatisfied","disloyal Customer",25,"Business travel","Eco",1939,2,1,1,1,3,1,3,3,5,4,5,3,4,3,0,0,45122,FALSE,-0.757464267002904,0,0,0
"dissatisfied","disloyal Customer",23,"Business travel","Eco",2628,2,1,1,2,2,1,2,2,3,4,4,5,5,2,0,2,45164,FALSE,1.2425357329971,2,1.09861228866811,0
"dissatisfied","disloyal Customer",42,"Business travel","Business",1639,2,1,1,5,1,2,1,1,4,5,5,5,5,1,0,0,45356,FALSE,-0.757464267002904,0,0,0
"dissatisfied","disloyal Customer",32,"Business travel","Eco",2304,2,1,2,3,3,2,3,3,1,2,4,4,4,3,34,23,45478,FALSE,-11.0383343515078,-11,-2.484906649788,3.55534806148941
"dissatisfied","disloyal Customer",27,"Business travel","Eco",1607,2,1,2,3,3,2,3,3,2,1,3,3,3,3,112,95,45504,FALSE,-15.3885657218425,-17,-2.89037175789616,4.72738781871234
"dissatisfied","disloyal Customer",48,"Business travel","Eco",1236,2,1,3,3,2,3,2,2,3,5,3,2,3,2,0,0,45652,FALSE,-0.757464267002904,0,0,0
"dissatisfied","disloyal Customer",25,"Business travel","Eco",2210,2,2,1,3,5,1,5,5,2,3,4,4,3,5,39,41,45667,FALSE,2.06742004782975,2,1.09861228866811,3.68887945411394
"dissatisfied","disloyal Customer",37,"Business travel","Business",4077,2,2,2,1,2,5,5,4,4,3,4,5,4,5,0,4,45830,FALSE,3.2425357329971,4,1.6094379124341,0
"dissatisfied","disloyal Customer",27,"Business travel","Business",1706,2,2,2,1,4,2,5,4,5,2,4,5,5,4,0,0,46041,FALSE,-0.757464267002904,0,0,0
"satisfied","disloyal Customer",64,"Business travel","Business",2179,2,2,2,2,5,2,5,5,5,4,4,4,4,5,0,0,46093,FALSE,-0.757464267002904,0,0,0
"dissatisfied","disloyal Customer",54,"Business travel","Eco Plus",2158,2,2,2,2,1,2,1,1,3,5,1,4,2,1,27,32,46113,FALSE,4.8136094894197,5,1.79175946922805,3.3322045101752
"dissatisfied","disloyal Customer",27,"Business travel","Business",1933,2,2,2,2,2,2,2,2,3,4,5,5,5,2,15,11,46489,FALSE,-4.44020106899034,-4,-1.6094379124341,2.77258872223978
"dissatisfied","disloyal Customer",26,"Business travel","Business",2460,2,2,2,2,1,2,2,1,4,3,4,3,4,1,0,18,46514,FALSE,17.2425357329971,18,2.94443897916644,0
"dissatisfied","disloyal Customer",62,"Business travel","Business",1342,2,2,2,3,2,2,2,2,3,3,3,2,2,2,0,0,46607,FALSE,-0.757464267002904,0,0,0
"dissatisfied","disloyal Customer",26,"Business travel","Eco",4054,2,2,2,3,2,5,5,1,2,3,3,5,4,5,0,0,46619,FALSE,-0.757464267002904,0,0,0
"dissatisfied","disloyal Customer",40,"Business travel","Business",2494,2,2,2,3,4,2,4,4,1,2,3,3,3,4,0,0,46896,FALSE,-0.757464267002904,0,0,0
"dissatisfied","disloyal Customer",50,"Business travel","Eco",2725,2,2,2,3,4,2,4,4,3,2,4,4,3,4,5,12,46930,FALSE,6.34829013233462,7,2.07944154167984,1.79175946922805
"dissatisfied","disloyal Customer",13,"Business travel","Eco",2521,2,2,2,3,3,2,3,3,1,1,5,2,3,3,0,2,47033,FALSE,1.2425357329971,2,1.09861228866811,0
"dissatisfied","disloyal Customer",46,"Business travel","Eco",2078,2,2,2,3,3,2,3,3,1,5,4,3,4,3,43,28,47078,FALSE,-14.8479764327002,-15,-2.77258872223978,3.78418963391826
"dissatisfied","disloyal Customer",36,"Business travel","Business",2817,2,2,2,3,4,2,4,4,4,5,4,3,4,4,0,0,47115,FALSE,-0.757464267002904,0,0,0
"dissatisfied","disloyal Customer",21,"Business travel","Eco",2636,2,2,2,3,5,2,5,5,3,3,5,5,4,5,0,0,47168,FALSE,-0.757464267002904,0,0,0
"dissatisfied","disloyal Customer",35,"Business travel","Business",1302,2,2,2,3,4,2,4,4,4,5,4,4,5,4,0,0,47233,FALSE,-0.757464267002904,0,0,0
"dissatisfied","disloyal Customer",23,"Business travel","Eco",2112,2,2,2,3,4,2,4,4,2,1,1,3,5,4,0,0,47254,FALSE,-0.757464267002904,0,0,0
"dissatisfied","disloyal Customer",32,"Business travel","Business",1888,2,2,2,3,2,2,1,2,5,3,5,3,5,2,0,0,47342,FALSE,-0.757464267002904,0,0,0
"dissatisfied","disloyal Customer",34,"Business travel","Eco",2295,2,2,2,3,4,2,4,4,4,1,3,5,1,4,3,10,47533,FALSE,6.30598837259961,7,2.07944154167984,1.38629436111989
"dissatisfied","disloyal Customer",27,"Business travel","Business",1052,2,2,2,3,3,2,3,3,3,2,4,4,4,3,0,0,47609,FALSE,-0.757464267002904,0,0,0
"dissatisfied","disloyal Customer",26,"Business travel","Business",2946,2,2,2,3,4,2,4,4,5,5,3,2,4,4,0,0,47660,FALSE,-0.757464267002904,0,0,0
"dissatisfied","disloyal Customer",38,"Business travel","Eco",1272,2,2,2,3,2,2,2,2,4,4,3,2,4,2,5,0,47855,FALSE,-5.65170986766538,-5,-1.79175946922805,1.79175946922805
"dissatisfied","disloyal Customer",50,"Business travel","Eco Plus",1507,2,2,2,4,3,2,4,3,4,2,1,5,1,3,0,0,47975,FALSE,-0.757464267002904,0,0,0
"dissatisfied","disloyal Customer",47,"Business travel","Business",2504,2,2,2,4,5,2,5,5,4,5,4,3,5,5,0,0,48011,FALSE,-0.757464267002904,0,0,0
"dissatisfied","disloyal Customer",28,"Business travel","Eco",2129,2,2,2,4,3,2,3,3,2,1,2,3,4,3,53,52,48013,FALSE,-0.636467634025189,-1,-0.693147180559945,3.98898404656427
"dissatisfied","disloyal Customer",9,"Business travel","Eco",2106,2,2,2,4,5,2,3,5,2,1,4,1,3,5,0,4,48081,FALSE,3.2425357329971,4,1.6094379124341,0
"satisfied","disloyal Customer",22,"Business travel","Eco",2523,2,2,2,4,5,2,5,5,5,3,4,4,5,5,0,0,48225,FALSE,-0.757464267002904,0,0,0
"dissatisfied","disloyal Customer",37,"Business travel","Business",1599,2,2,2,4,2,2,2,2,1,3,4,3,3,2,0,8,48292,FALSE,7.2425357329971,8,2.19722457733622,0
"dissatisfied","disloyal Customer",23,"Business travel","Eco",2215,2,2,2,4,1,2,1,1,4,1,4,2,5,1,0,0,48299,FALSE,-0.757464267002904,0,0,0
"dissatisfied","disloyal Customer",23,"Business travel","Eco",1857,2,2,2,4,4,2,4,4,1,1,4,3,3,4,0,0,48317,FALSE,-0.757464267002904,0,0,0
"dissatisfied","disloyal Customer",26,"Business travel","Eco",2061,2,2,2,4,2,2,2,2,4,5,3,3,4,2,4,34,48406,FALSE,29.3271392524671,30,3.43398720448515,1.6094379124341
"dissatisfied","disloyal Customer",32,"Business travel","Business",1670,2,2,2,4,3,2,4,3,1,5,4,1,4,3,12,14,48456,FALSE,1.49634629140715,2,1.09861228866811,2.56494935746154
"dissatisfied","disloyal Customer",24,"Business travel","Eco",1851,2,2,2,4,1,2,1,1,3,1,4,4,3,1,0,0,48831,FALSE,-0.757464267002904,0,0,0
"dissatisfied","disloyal Customer",37,"Business travel","Business",1813,2,2,2,5,4,2,4,4,3,2,4,3,4,4,0,0,48947,FALSE,-0.757464267002904,0,0,0
"dissatisfied","disloyal Customer",30,"Business travel","Eco",1518,2,2,2,5,1,2,1,1,2,2,5,3,5,1,0,0,49033,FALSE,-0.757464267002904,0,0,0
"dissatisfied","disloyal Customer",23,"Business travel","Eco",1736,2,3,2,4,5,2,5,5,1,1,4,2,3,5,0,0,49400,FALSE,-0.757464267002904,0,0,0
"satisfied","disloyal Customer",38,"Business travel","Business",1300,2,3,3,1,2,3,2,2,4,2,4,3,4,2,17,35,49454,FALSE,17.6021006907447,18,2.94443897916644,2.89037175789616
"dissatisfied","disloyal Customer",39,"Business travel","Business",2919,2,3,3,2,1,3,1,1,3,4,5,5,4,1,0,0,49472,FALSE,-0.757464267002904,0,0,0
"dissatisfied","disloyal Customer",36,"Business travel","Business",2527,2,3,3,4,2,3,3,2,3,2,5,4,5,2,0,0,49629,FALSE,-0.757464267002904,0,0,0
"dissatisfied","disloyal Customer",20,"Business travel","Eco",2032,2,4,1,3,1,1,1,1,3,1,4,1,3,1,0,0,49711,FALSE,-0.757464267002904,0,0,0
"dissatisfied","disloyal Customer",26,"Business travel","Business",1725,2,4,2,3,2,2,2,2,4,5,4,3,4,2,4,0,49809,FALSE,-4.67286074753289,-4,-1.6094379124341,1.6094379124341
"dissatisfied","disloyal Customer",38,"Business travel","Eco",1315,2,5,1,2,1,1,1,1,4,1,5,3,3,1,42,28,50156,FALSE,-13.8691273125677,-14,-2.70805020110221,3.76120011569356
"dissatisfied","disloyal Customer",23,"Business travel","Eco",1523,2,5,2,4,3,2,2,3,5,2,5,3,5,3,0,0,50299,FALSE,-0.757464267002904,0,0,0
"dissatisfied","disloyal Customer",26,"Business travel","Eco Plus",1550,2,5,2,5,4,2,4,4,4,5,3,4,1,4,0,35,50341,FALSE,34.2425357329971,35,3.58351893845611,0
"dissatisfied","disloyal Customer",25,"Business travel","Eco",1668,2,5,2,5,2,2,2,2,2,5,1,3,2,2,0,4,50356,FALSE,3.2425357329971,4,1.6094379124341,0
"dissatisfied","disloyal Customer",37,"Business travel","Eco",1235,2,5,2,5,1,2,2,1,3,4,3,2,3,1,0,0,50361,FALSE,-0.757464267002904,0,0,0
"dissatisfied","disloyal Customer",37,"Business travel","Eco",1579,3,0,2,3,1,2,4,1,1,2,3,1,5,1,0,0,50406,TRUE,-0.757464267002904,0,0,0
"dissatisfied","disloyal Customer",25,"Business travel","Business",1502,3,0,3,1,3,3,3,3,5,4,5,3,5,3,0,0,50463,TRUE,-0.757464267002904,0,0,0
"dissatisfied","disloyal Customer",54,"Business travel","Eco",1588,3,0,3,1,4,3,1,4,2,2,2,2,4,4,0,0,50475,TRUE,-0.757464267002904,0,0,0
"dissatisfied","disloyal Customer",24,"Business travel","Eco",2172,3,0,3,3,2,3,2,2,4,4,1,5,1,2,96,102,50677,TRUE,7.27302020027749,6,1.94591014905531,4.57471097850338
"dissatisfied","disloyal Customer",37,"Business travel","Eco",1197,3,0,3,4,4,3,1,4,2,4,1,3,5,4,11,15,50885,TRUE,3.47519541153964,4,1.6094379124341,2.484906649788
"dissatisfied","disloyal Customer",25,"Business travel","Business",1679,3,0,3,5,2,3,2,2,3,3,4,5,5,2,0,0,50949,TRUE,-0.757464267002904,0,0,0
"dissatisfied","disloyal Customer",26,"Business travel","Business",1565,3,0,4,3,1,4,1,1,4,2,5,4,5,1,0,0,51010,TRUE,-0.757464267002904,0,0,0
"dissatisfied","disloyal Customer",22,"Business travel","Eco",1676,3,0,4,3,5,4,5,5,3,5,5,3,5,5,0,0,51023,TRUE,-0.757464267002904,0,0,0
"dissatisfied","disloyal Customer",18,"Business travel","Eco",1243,3,1,3,2,1,3,1,1,2,4,3,1,3,1,0,0,51104,FALSE,-0.757464267002904,0,0,0
"dissatisfied","disloyal Customer",22,"Business travel","Eco",1325,3,1,3,2,5,3,1,5,1,4,2,4,3,5,15,0,51108,FALSE,-15.4402010689903,-15,-2.77258872223978,2.77258872223978
"dissatisfied","disloyal Customer",21,"Business travel","Business",1598,3,1,3,4,1,3,1,1,1,3,3,4,3,1,0,4,51325,FALSE,3.2425357329971,4,1.6094379124341,0
"dissatisfied","disloyal Customer",28,"Business travel","Business",2385,3,2,2,2,1,2,1,1,4,4,4,3,4,1,3,0,51448,FALSE,-3.69401162740039,-3,-1.38629436111989,1.38629436111989
"dissatisfied","disloyal Customer",30,"Business travel","Eco",2012,3,2,2,3,4,2,2,4,4,4,3,4,3,4,0,0,51532,FALSE,-0.757464267002904,0,0,0
"dissatisfied","disloyal Customer",37,"Business travel","Eco",2190,3,2,2,5,5,2,5,5,4,2,4,3,2,5,20,3,51641,FALSE,-17.3344466696528,-17,-2.89037175789616,3.04452243772342
"dissatisfied","disloyal Customer",23,"Business travel","Eco",1656,3,2,3,3,1,3,5,1,3,1,3,3,4,1,66,50,51829,FALSE,-15.3615061957476,-16,-2.83321334405622,4.20469261939097
"dissatisfied","disloyal Customer",20,"Business travel","Eco",2124,3,2,3,3,1,3,1,1,3,3,3,1,4,1,3,0,51832,FALSE,-3.69401162740039,-3,-1.38629436111989,1.38629436111989
"dissatisfied","disloyal Customer",24,"Business travel","Business",1864,3,2,3,4,4,3,3,4,4,3,4,2,3,4,45,39,51900,FALSE,-5.80567467296522,-6,-1.94591014905531,3.8286413964891
"dissatisfied","disloyal Customer",21,"Business travel","Eco",923,3,2,3,4,5,3,5,5,1,3,3,3,4,5,0,11,51962,FALSE,10.2425357329971,11,2.484906649788,0
"dissatisfied","disloyal Customer",22,"Business travel","Business",2322,3,3,2,4,1,2,1,1,3,4,4,2,4,1,0,0,52047,FALSE,-0.757464267002904,0,0,0
"satisfied","disloyal Customer",44,"Business travel","Business",2058,3,3,3,1,3,3,3,3,4,5,4,4,5,3,19,7,52115,FALSE,-12.3555975495203,-12,-2.56494935746154,2.99573227355399
"dissatisfied","disloyal Customer",37,"Business travel","Business",3399,3,3,3,1,3,3,3,3,5,4,5,3,4,3,69,44,52218,FALSE,-24.2980535561451,-25,-3.25809653802148,4.24849524204936
"dissatisfied","disloyal Customer",50,"Business travel","Business",1199,3,3,3,2,1,3,5,1,4,2,4,5,5,1,0,0,52499,FALSE,-0.757464267002904,0,0,0
"dissatisfied","disloyal Customer",41,"Business travel","Business",1661,3,3,3,2,3,3,3,3,5,2,4,4,5,3,53,53,52574,FALSE,0.363532365974811,0,0,3.98898404656427
"dissatisfied","disloyal Customer",41,"Business travel","Business",1494,3,3,3,2,2,3,2,2,1,3,4,3,3,2,25,16,52575,FALSE,-9.2286922703153,-9,-2.30258509299405,3.25809653802148
"dissatisfied","disloyal Customer",34,"Business travel","Eco",1839,3,3,3,2,5,3,5,5,3,1,5,1,3,5,0,2,52858,FALSE,1.2425357329971,2,1.09861228866811,0
"dissatisfied","disloyal Customer",34,"Business travel","Eco",2251,3,3,3,2,1,3,1,1,3,4,1,5,2,1,0,0,52916,FALSE,-0.757464267002904,0,0,0
"dissatisfied","disloyal Customer",30,"Business travel","Eco",1309,3,3,3,2,5,3,5,5,4,3,3,1,3,5,8,1,52934,FALSE,-7.58825722806287,-7,-2.07944154167984,2.19722457733622
"dissatisfied","disloyal Customer",25,"Business travel","Eco",2618,3,3,3,3,5,3,5,5,4,3,4,2,4,5,5,12,53173,FALSE,6.34829013233462,7,2.07944154167984,1.79175946922805
"dissatisfied","disloyal Customer",39,"Business travel","Business",1198,3,3,3,3,2,3,2,2,1,5,4,2,3,2,0,0,53363,FALSE,-0.757464267002904,0,0,0
"dissatisfied","disloyal Customer",27,"Business travel","Eco",2248,3,3,3,3,5,3,5,5,3,3,4,2,3,5,39,36,53574,FALSE,-2.93257995217025,-3,-1.38629436111989,3.68887945411394
"dissatisfied","disloyal Customer",36,"Business travel","Business",1283,3,3,3,3,5,3,5,5,3,2,4,5,4,5,0,0,53599,FALSE,-0.757464267002904,0,0,0
"dissatisfied","disloyal Customer",30,"Business travel","Business",2341,3,3,3,3,4,3,4,4,4,3,5,4,4,4,0,0,53780,FALSE,-0.757464267002904,0,0,0
"dissatisfied","disloyal Customer",28,"Business travel","Business",1994,3,3,3,3,1,3,1,1,5,4,5,4,4,1,8,20,53884,FALSE,11.4117427719371,12,2.56494935746154,2.19722457733622
"dissatisfied","disloyal Customer",44,"Business travel","Eco",2003,3,3,3,3,3,3,2,3,2,1,3,1,4,3,0,0,53918,FALSE,-0.757464267002904,0,0,0
"dissatisfied","disloyal Customer",27,"Business travel","Business",2583,3,3,3,3,1,3,1,1,3,3,4,3,4,1,0,0,53962,FALSE,-0.757464267002904,0,0,0
"dissatisfied","disloyal Customer",37,"Business travel","Eco",1786,3,3,3,3,1,3,1,1,4,2,4,4,3,1,44,62,54082,FALSE,18.1731744471673,18,2.94443897916644,3.80666248977032
"dissatisfied","disloyal Customer",27,"Business travel","Eco",1802,3,3,3,3,5,3,5,5,1,1,3,3,3,5,68,78,54129,FALSE,10.6807955639874,10,2.39789527279837,4.23410650459726
"dissatisfied","disloyal Customer",36,"Business travel","Eco",1677,3,3,3,3,2,3,1,2,1,2,3,2,4,2,0,0,54192,FALSE,-0.757464267002904,0,0,0
"dissatisfied","disloyal Customer",27,"Business travel","Eco",2527,3,3,3,4,2,3,2,2,2,3,4,2,4,2,55,43,54428,FALSE,-11.5941658742902,-12,-2.56494935746154,4.02535169073515
"dissatisfied","disloyal Customer",23,"Business travel","Eco",2418,3,3,3,4,4,3,4,4,1,1,3,4,4,4,0,0,54574,FALSE,-0.757464267002904,0,0,0
"dissatisfied","disloyal Customer",21,"Business travel","Eco",1965,3,3,3,4,3,3,3,3,5,2,4,5,4,3,7,0,54886,FALSE,-7.60940810793038,-7,-2.07944154167984,2.07944154167984
"dissatisfied","disloyal Customer",24,"Business travel","Eco",2002,3,3,3,4,3,3,3,3,4,1,4,2,3,3,72,77,55050,FALSE,5.7653990834574,5,1.79175946922805,4.29045944114839
"dissatisfied","disloyal Customer",38,"Business travel","Eco",1443,3,3,3,4,4,3,4,4,1,4,3,1,4,4,0,0,55131,FALSE,-0.757464267002904,0,0,0
"dissatisfied","disloyal Customer",27,"Business travel","Eco",1676,3,3,3,4,3,3,1,3,1,3,4,2,4,3,0,0,55186,FALSE,-0.757464267002904,0,0,0
"dissatisfied","disloyal Customer",20,"Business travel","Eco",3091,3,3,3,5,3,3,3,1,3,3,3,3,4,3,3,72,55220,FALSE,68.3059883725996,69,4.24849524204936,1.38629436111989
"dissatisfied","disloyal Customer",11,"Business travel","Eco",2379,3,3,3,5,3,3,3,3,4,3,5,4,4,3,4,2,55309,FALSE,-2.67286074753289,-2,-1.09861228866811,1.6094379124341
"dissatisfied","disloyal Customer",32,"Business travel","Eco",2422,3,3,3,5,5,3,5,5,4,3,4,4,2,5,0,0,55345,FALSE,-0.757464267002904,0,0,0
"dissatisfied","disloyal Customer",22,"Business travel","Eco",1432,3,4,2,2,1,2,1,1,3,3,4,5,4,1,0,0,55456,FALSE,-0.757464267002904,0,0,0
"dissatisfied","disloyal Customer",38,"Business travel","Eco",2054,3,4,3,1,1,3,1,1,4,3,2,4,2,1,0,12,55503,FALSE,11.2425357329971,12,2.56494935746154,0
"dissatisfied","disloyal Customer",22,"Business travel","Eco",2037,3,4,3,2,3,2,2,4,4,4,5,2,4,2,153,154,55535,FALSE,3.47862035272523,1,0.693147180559945,5.03695260241363
"dissatisfied","disloyal Customer",42,"Business travel","Eco",1632,3,4,3,2,1,3,1,1,5,4,2,5,2,1,0,0,55543,FALSE,-0.757464267002904,0,0,0
"dissatisfied","disloyal Customer",52,"Business travel","Eco",2512,3,4,3,3,3,4,4,3,4,4,4,4,4,4,134,129,55576,FALSE,-2.92324636475736,-5,-1.79175946922805,4.90527477843843
"dissatisfied","disloyal Customer",25,"Business travel","Eco",1755,3,4,3,3,1,3,1,1,2,1,3,4,4,1,10,0,55604,FALSE,-10.5459554683279,-10,-2.39789527279837,2.39789527279837
"dissatisfied","disloyal Customer",20,"Business travel","Eco",1698,3,4,3,4,4,3,3,4,4,5,4,3,5,4,0,0,55755,FALSE,-0.757464267002904,0,0,0
"dissatisfied","disloyal Customer",45,"Business travel","Business",1428,3,4,4,1,3,3,3,3,3,3,5,4,4,3,0,2,55872,FALSE,1.2425357329971,2,1.09861228866811,0
"dissatisfied","disloyal Customer",26,"Business travel","Business",2369,3,4,4,2,2,4,5,2,5,4,5,5,5,2,0,0,55939,FALSE,-0.757464267002904,0,0,0
"dissatisfied","disloyal Customer",31,"Business travel","Eco",3339,3,4,4,3,1,3,1,1,3,5,4,1,4,1,21,0,55953,FALSE,-21.3132957897853,-21,-3.09104245335832,3.09104245335832
"dissatisfied","disloyal Customer",27,"Business travel","Eco",2148,3,4,4,3,2,3,2,2,3,3,4,3,3,2,0,0,55955,FALSE,-0.757464267002904,0,0,0
"dissatisfied","disloyal Customer",12,"Business travel","Eco",2322,3,4,4,3,4,1,5,3,3,4,3,5,2,5,193,189,56030,FALSE,-0.675344452574617,-4,-1.6094379124341,5.26785815906333
"dissatisfied","disloyal Customer",25,"Business travel","Business",1709,3,5,3,2,2,3,2,2,4,5,4,5,4,2,0,0,56205,FALSE,-0.757464267002904,0,0,0
"dissatisfied","disloyal Customer",23,"Business travel","Eco",1633,3,5,3,2,3,3,3,3,4,4,5,5,5,3,4,8,56227,FALSE,3.32713925246711,4,1.6094379124341,1.6094379124341
"dissatisfied","disloyal Customer",25,"Business travel","Business",1892,3,5,3,3,5,3,5,5,3,2,4,4,4,5,0,8,56245,FALSE,7.2425357329971,8,2.19722457733622,0
"dissatisfied","disloyal Customer",25,"Business travel","Business",1957,4,0,3,3,4,3,4,4,3,4,5,3,5,4,1,0,56417,TRUE,-1.7363133871354,-1,-0.693147180559945,0.693147180559945
"dissatisfied","disloyal Customer",38,"Business travel","Eco",2198,4,0,4,1,3,4,3,3,2,4,1,1,1,3,0,0,56543,TRUE,-0.757464267002904,0,0,0
"satisfied","disloyal Customer",20,"Business travel","Business",2681,4,0,4,1,5,4,5,5,3,3,4,5,5,5,5,0,56562,TRUE,-5.65170986766538,-5,-1.79175946922805,1.79175946922805
"dissatisfied","disloyal Customer",21,"Business travel","Eco",1519,4,0,4,1,4,4,4,4,3,5,5,4,4,4,0,0,56571,TRUE,-0.757464267002904,0,0,0
"satisfied","disloyal Customer",25,"Business travel","Business",2386,4,0,4,2,5,4,5,5,5,5,4,3,4,5,0,22,56621,TRUE,21.2425357329971,22,3.13549421592915,0
"satisfied","disloyal Customer",23,"Business travel","Eco",1563,4,0,4,2,5,4,4,5,3,2,4,3,4,5,64,68,56630,TRUE,4.59619204451736,4,1.6094379124341,4.17438726989564
"dissatisfied","disloyal Customer",23,"Business travel","Eco",1401,4,0,4,2,1,4,1,1,5,2,5,4,4,1,0,0,56727,TRUE,-0.757464267002904,0,0,0
"satisfied","disloyal Customer",26,"Business travel","Eco",1771,4,0,4,3,3,4,1,3,4,2,2,3,3,3,0,0,56852,TRUE,-0.757464267002904,0,0,0
"satisfied","disloyal Customer",22,"Business travel","Business",1423,4,0,4,3,1,4,1,1,2,1,5,5,3,1,0,0,56903,TRUE,-0.757464267002904,0,0,0
"dissatisfied","disloyal Customer",22,"Business travel","Eco",1938,4,0,4,3,5,4,5,5,4,5,4,3,4,5,22,27,56969,TRUE,4.70785509008219,5,1.79175946922805,3.13549421592915
"dissatisfied","disloyal Customer",32,"Business travel","Eco",1877,4,0,4,4,1,4,1,1,3,1,2,3,4,1,81,58,57072,TRUE,-22.0442429977351,-23,-3.17805383034795,4.40671924726425
"dissatisfied","disloyal Customer",38,"Business travel","Eco",1797,4,1,4,1,4,4,4,4,1,2,1,2,2,4,0,0,57330,FALSE,-0.757464267002904,0,0,0
"dissatisfied","disloyal Customer",47,"Business travel","Eco",1668,4,1,4,3,1,4,1,1,3,2,3,3,3,1,0,0,57424,FALSE,-0.757464267002904,0,0,0
"dissatisfied","disloyal Customer",22,"Business travel","Eco Plus",1443,4,2,4,1,5,4,5,5,1,5,2,1,2,5,0,0,57507,FALSE,-0.757464267002904,0,0,0
"dissatisfied","disloyal Customer",27,"Business travel","Eco",1727,4,2,4,4,5,4,5,5,4,3,4,4,3,5,2,7,57643,FALSE,4.28483749273211,5,1.79175946922805,1.09861228866811
"dissatisfied","disloyal Customer",22,"Business travel","Eco",1988,4,2,4,4,2,4,2,2,3,5,4,4,4,2,37,34,57686,FALSE,-2.97488171190525,-3,-1.38629436111989,3.63758615972639
"dissatisfied","disloyal Customer",24,"Business travel","Eco",1657,4,2,5,3,4,5,4,4,3,5,3,3,3,4,0,0,57726,FALSE,-0.757464267002904,0,0,0
"satisfied","disloyal Customer",22,"Business travel","Eco",2299,4,3,3,3,2,3,2,2,3,3,5,3,2,2,7,0,57864,FALSE,-7.60940810793038,-7,-2.07944154167984,2.07944154167984
"dissatisfied","disloyal Customer",57,"Business travel","Eco",1172,4,3,4,1,1,4,1,1,2,1,4,5,2,1,0,0,57941,FALSE,-0.757464267002904,0,0,0
"dissatisfied","disloyal Customer",45,"Business travel","Business",1899,4,4,4,1,4,4,4,4,5,5,5,5,4,4,0,0,58222,FALSE,-0.757464267002904,0,0,0
"satisfied","disloyal Customer",38,"Business travel","Business",1587,4,4,4,1,5,4,4,5,5,4,5,4,5,5,0,0,58296,FALSE,-0.757464267002904,0,0,0
"satisfied","disloyal Customer",19,"Business travel","Eco",2396,4,4,4,1,1,4,1,1,3,2,4,3,4,1,4,5,58371,FALSE,0.327139252467113,1,0.693147180559945,1.6094379124341
"dissatisfied","disloyal Customer",34,"Business travel","Business",1957,4,4,4,1,3,4,3,3,5,4,3,1,5,3,0,0,58375,FALSE,-0.757464267002904,0,0,0
"satisfied","disloyal Customer",30,"Business travel","Business",2577,4,4,4,1,1,4,1,1,5,3,4,5,4,1,0,7,58396,FALSE,6.2425357329971,7,2.07944154167984,0
"satisfied","disloyal Customer",26,"Business travel","Business",2222,4,4,4,1,1,4,1,1,5,2,5,3,5,1,0,0,58480,FALSE,-0.757464267002904,0,0,0
"satisfied","disloyal Customer",23,"Business travel","Eco",2177,4,4,4,1,3,4,3,3,3,4,3,4,5,3,0,0,58521,FALSE,-0.757464267002904,0,0,0
"dissatisfied","disloyal Customer",19,"Business travel","Eco",3112,4,4,4,2,5,4,5,5,5,3,3,4,5,5,19,3,58593,FALSE,-16.3555975495203,-16,-2.83321334405622,2.99573227355399
"satisfied","disloyal Customer",49,"Business travel","Business",2852,4,4,4,2,5,4,5,5,5,3,4,3,4,5,9,0,58596,FALSE,-9.56710634819537,-9,-2.30258509299405,2.30258509299405
"dissatisfied","disloyal Customer",21,"Business travel","Eco",1839,4,4,4,2,2,4,2,2,4,4,2,2,3,2,43,34,58856,FALSE,-8.84797643270023,-9,-2.30258509299405,3.78418963391826
"dissatisfied","disloyal Customer",44,"Business travel","Eco",2144,4,4,4,2,4,4,4,4,5,3,5,1,1,4,0,0,58889,FALSE,-0.757464267002904,0,0,0
"satisfied","disloyal Customer",59,"Business travel","Business",1598,4,4,4,3,1,4,1,1,4,5,4,5,4,1,0,0,58974,FALSE,-0.757464267002904,0,0,0
"satisfied","disloyal Customer",58,"Business travel","Business",1995,4,4,4,3,1,4,1,1,3,4,4,4,4,1,0,0,58979,FALSE,-0.757464267002904,0,0,0
"dissatisfied","disloyal Customer",43,"Business travel","Eco",2582,4,4,4,3,2,4,2,2,4,5,2,2,4,2,9,1,59005,FALSE,-8.56710634819537,-8,-2.19722457733622,2.30258509299405
"dissatisfied","disloyal Customer",46,"Business travel","Eco Plus",1991,4,4,4,3,1,4,1,1,4,3,2,5,4,1,2,0,59073,FALSE,-2.71516250726789,-2,-1.09861228866811,1.09861228866811
"dissatisfied","disloyal Customer",49,"Business travel","Eco",2266,4,4,4,3,3,4,1,3,1,4,4,3,3,3,36,13,59546,FALSE,-22.9960325917728,-23,-3.17805383034795,3.61091791264422
"dissatisfied","disloyal Customer",28,"Business travel","Eco",1766,4,4,4,3,1,4,1,1,3,4,2,4,2,1,12,0,59642,FALSE,-12.5036537085929,-12,-2.56494935746154,2.56494935746154
"dissatisfied","disloyal Customer",34,"Business travel","Business",2345,4,4,4,4,5,4,5,5,4,4,4,4,5,5,0,0,60122,FALSE,-0.757464267002904,0,0,0
"satisfied","disloyal Customer",24,"Business travel","Eco",2339,4,4,4,4,5,4,5,5,5,3,4,4,4,5,0,12,60141,FALSE,11.2425357329971,12,2.56494935746154,0
"dissatisfied","disloyal Customer",28,"Business travel","Eco Plus",1748,4,4,4,4,5,4,5,5,2,3,3,3,3,5,0,0,60250,FALSE,-0.757464267002904,0,0,0
"satisfied","disloyal Customer",27,"Business travel","Business",1760,4,4,4,4,1,4,3,1,3,3,5,5,5,1,1,3,60262,FALSE,1.2636866128646,2,1.09861228866811,0.693147180559945
"dissatisfied","disloyal Customer",37,"Business travel","Eco",1746,4,4,4,5,4,4,4,4,4,3,5,5,1,4,0,0,60673,FALSE,-0.757464267002904,0,0,0
"satisfied","disloyal Customer",25,"Business travel","Business",1467,5,0,5,1,4,5,4,4,3,3,4,4,5,4,8,14,61212,TRUE,5.41174277193713,6,1.94591014905531,2.19722457733622
"satisfied","disloyal Customer",24,"Business travel","Business",1730,5,0,5,1,3,5,4,3,5,3,4,4,5,3,0,0,61233,TRUE,-0.757464267002904,0,0,0
"satisfied","disloyal Customer",23,"Business travel","Business",1309,5,0,5,1,1,5,1,1,4,3,4,4,4,1,0,0,61259,TRUE,-0.757464267002904,0,0,0
"satisfied","disloyal Customer",18,"Business travel","Business",1610,5,0,5,2,5,5,5,5,3,3,5,5,5,5,17,0,61427,TRUE,-17.3978993092553,-17,-2.89037175789616,2.89037175789616
"satisfied","disloyal Customer",23,"Business travel","Eco",2310,5,0,5,3,5,5,5,5,3,2,4,3,5,5,1,0,61468,TRUE,-1.7363133871354,-1,-0.693147180559945,0.693147180559945
"satisfied","disloyal Customer",24,"Business travel","Eco Plus",1373,5,0,5,3,2,5,2,2,4,5,1,5,3,2,0,0,61495,TRUE,-0.757464267002904,0,0,0
"satisfied","disloyal Customer",23,"Business travel","Business",1854,5,0,5,3,2,5,4,2,3,2,5,3,5,2,130,121,61514,TRUE,-7.00784988422738,-9,-2.30258509299405,4.87519732320115
"satisfied","disloyal Customer",25,"Business travel","Business",1955,5,0,5,4,2,5,4,2,5,2,3,4,5,2,2,0,61589,TRUE,-2.71516250726789,-2,-1.09861228866811,1.09861228866811
"satisfied","disloyal Customer",25,"Business travel","Business",1781,5,0,5,4,2,0,4,2,3,5,5,4,5,2,0,2,61605,TRUE,1.2425357329971,2,1.09861228866811,0
"satisfied","disloyal Customer",20,"Business travel","Business",2226,5,0,5,4,4,5,4,4,4,3,4,3,5,4,0,0,61693,TRUE,-0.757464267002904,0,0,0
"satisfied","disloyal Customer",20,"Business travel","Eco",930,5,0,5,5,5,5,5,5,3,3,5,3,3,5,0,0,61784,TRUE,-0.757464267002904,0,0,0
"satisfied","disloyal Customer",20,"Business travel","Business",2355,5,3,5,1,1,5,1,1,3,3,4,3,5,1,1,0,61899,FALSE,-1.7363133871354,-1,-0.693147180559945,0.693147180559945
"satisfied","disloyal Customer",50,"Business travel","Business",2242,5,5,5,1,2,5,2,2,5,4,4,4,5,2,14,27,62256,FALSE,12.5386480511422,13,2.63905732961526,2.70805020110221
"satisfied","disloyal Customer",39,"Business travel","Business",2101,5,5,5,1,5,5,5,5,3,5,4,4,4,5,0,44,62313,FALSE,43.2425357329971,44,3.80666248977032,0
"satisfied","disloyal Customer",25,"Business travel","Eco",2482,5,5,5,1,1,5,1,1,5,5,4,3,4,1,0,0,62320,FALSE,-0.757464267002904,0,0,0
"satisfied","disloyal Customer",23,"Business travel","Eco",2446,5,5,5,1,1,5,1,1,5,5,4,4,5,1,0,0,62420,FALSE,-0.757464267002904,0,0,0
"satisfied","disloyal Customer",37,"Business travel","Business",2444,5,5,5,2,2,5,2,2,3,2,4,4,5,2,37,37,62560,FALSE,0.0251182880947461,0,0,3.63758615972639
"satisfied","disloyal Customer",37,"Business travel","Business",2164,5,5,5,2,5,5,5,5,4,2,4,3,4,5,45,40,62563,FALSE,-4.80567467296522,-5,-1.79175946922805,3.8286413964891
"satisfied","disloyal Customer",23,"Business travel","Business",2728,5,5,5,2,5,5,5,5,3,4,4,4,4,5,0,1,62683,FALSE,0.242535732997096,1,0.693147180559945,0
"satisfied","disloyal Customer",22,"Business travel","Eco",2348,5,5,5,3,2,5,2,2,5,5,5,5,5,2,9,0,62912,FALSE,-9.56710634819537,-9,-2.30258509299405,2.30258509299405
"satisfied","disloyal Customer",15,"Business travel","Eco",2268,5,5,5,3,5,5,5,5,4,5,3,2,5,5,0,0,62969,FALSE,-0.757464267002904,0,0,0
"satisfied","disloyal Customer",15,"Business travel","Eco",2731,5,5,5,4,5,5,5,5,1,2,5,2,4,5,0,1,63129,FALSE,0.242535732997096,1,0.693147180559945,0
"satisfied","disloyal Customer",66,"Business travel","Business",2191,5,5,5,5,2,5,2,2,3,2,5,4,5,2,0,0,63247,FALSE,-0.757464267002904,0,0,0
"satisfied","disloyal Customer",42,"Business travel","Eco",2228,5,5,5,5,5,5,5,5,4,1,5,2,1,5,0,0,63343,FALSE,-0.757464267002904,0,0,0
"satisfied","Loyal Customer",31,"Business travel","Eco Plus",1808,0,0,0,1,5,0,5,5,2,2,3,1,5,5,0,0,63472,TRUE,-0.757464267002904,0,0,0
"satisfied","Loyal Customer",53,"Business travel","Business",2977,0,0,0,1,5,5,4,4,4,4,4,3,4,3,0,0,63553,TRUE,-0.757464267002904,0,0,0
"satisfied","Loyal Customer",36,"Business travel","Business",376,0,0,0,2,5,4,5,5,5,5,5,3,5,3,13,0,63662,TRUE,-13.4825028287253,-13,-2.63905732961526,2.63905732961526
"satisfied","Loyal Customer",67,"Business travel","Business",366,0,0,0,2,2,3,4,2,2,2,2,4,2,3,0,0,63686,TRUE,-0.757464267002904,0,0,0
"satisfied","Loyal Customer",55,"Business travel","Business",304,0,0,0,2,2,4,5,3,3,3,3,5,3,3,0,0,63725,TRUE,-0.757464267002904,0,0,0
"satisfied","Loyal Customer",50,"Business travel","Business",1872,0,0,0,2,5,5,4,2,2,2,2,3,2,5,0,0,63837,TRUE,-0.757464267002904,0,0,0
"satisfied","Loyal Customer",34,"Business travel","Business",3357,0,0,0,3,1,3,2,4,4,4,4,2,4,5,0,0,63891,TRUE,-0.757464267002904,0,0,0
"satisfied","Loyal Customer",52,"Business travel","Business",2292,0,0,0,4,1,1,3,5,4,5,5,3,3,3,298,287,64307,TRUE,-5.45450206648672,-11,-2.484906649788,5.70044357339069
"satisfied","Loyal Customer",32,"Business travel","Eco",4128,0,0,0,4,3,0,3,3,5,2,2,3,4,3,25,36,64311,TRUE,10.7713077296847,11,2.484906649788,3.25809653802148
"satisfied","Loyal Customer",57,"Business travel","Business",293,0,0,0,4,4,4,5,2,2,2,2,5,2,3,0,0,64369,TRUE,-0.757464267002904,0,0,0
"satisfied","Loyal Customer",36,"Business travel","Business",290,0,0,0,4,4,5,5,4,4,4,4,5,4,5,0,0,64404,TRUE,-0.757464267002904,0,0,0
"satisfied","Loyal Customer",48,"Business travel","Business",306,0,0,0,5,4,5,4,3,3,3,3,4,3,3,0,0,64555,TRUE,-0.757464267002904,0,0,0
"satisfied","Loyal Customer",36,"Business travel","Business",94,0,4,0,1,2,5,5,3,3,3,3,5,3,5,0,0,64844,TRUE,-0.757464267002904,0,0,0
"satisfied","Loyal Customer",41,"Business travel","Business",101,0,4,0,1,5,4,5,1,1,1,1,5,1,3,50,41,64869,TRUE,-8.6999202736277,-9,-2.30258509299405,3.93182563272433
"satisfied","Loyal Customer",47,"Business travel","Business",3843,0,4,0,2,4,5,4,3,3,3,3,5,3,4,0,0,64934,TRUE,-0.757464267002904,0,0,0
"satisfied","Loyal Customer",47,"Business travel","Business",4039,0,4,0,3,3,4,4,4,4,3,3,5,4,4,0,1,64987,TRUE,0.242535732997096,1,0.693147180559945,0
"satisfied","Loyal Customer",42,"Business travel","Business",88,0,4,0,5,3,4,4,5,5,5,5,5,5,3,18,2,65167,TRUE,-16.3767484293878,-16,-2.83321334405622,2.94443897916644
"satisfied","Loyal Customer",53,"Business travel","Business",242,0,5,0,2,5,4,5,5,5,5,5,3,5,3,0,0,65291,TRUE,-0.757464267002904,0,0,0
"satisfied","Loyal Customer",28,"Business travel","Business",3193,0,5,0,2,2,2,2,2,4,3,2,1,5,2,0,0,65310,TRUE,-0.757464267002904,0,0,0
"satisfied","Loyal Customer",30,"Business travel","Business",3575,0,5,0,3,5,5,5,5,5,3,5,5,5,5,0,0,65378,TRUE,-0.757464267002904,0,0,0
"satisfied","Loyal Customer",55,"Business travel","Business",2803,0,5,0,3,2,4,5,3,3,3,3,4,3,3,0,0,65381,TRUE,-0.757464267002904,0,0,0
"satisfied","Loyal Customer",36,"Business travel","Business",52,0,5,0,3,4,5,3,4,4,4,4,4,4,5,0,0,65389,TRUE,-0.757464267002904,0,0,0
"satisfied","Loyal Customer",53,"Business travel","Business",127,0,5,0,3,2,5,4,4,4,4,4,5,4,4,0,0,65405,TRUE,-0.757464267002904,0,0,0
"satisfied","Loyal Customer",48,"Business travel","Business",2774,0,5,0,4,4,4,4,2,2,2,2,4,2,4,29,35,65467,TRUE,5.85591124915471,6,1.94591014905531,3.40119738166216
"dissatisfied","Loyal Customer",39,"Business travel","Eco Plus",1981,1,0,0,4,4,0,4,4,2,1,3,4,4,4,0,6,65791,TRUE,5.2425357329971,6,1.94591014905531,0
"dissatisfied","Loyal Customer",45,"Business travel","Business",3100,1,0,0,4,2,4,3,5,5,0,5,2,5,3,42,25,65794,TRUE,-16.8691273125677,-17,-2.89037175789616,3.76120011569356
"dissatisfied","Loyal Customer",57,"Business travel","Business",332,1,5,5,5,2,1,1,1,1,1,1,1,1,3,30,29,65888,FALSE,-1.12293787097778,-1,-0.693147180559945,3.43398720448515
"dissatisfied","Loyal Customer",64,"Business travel","Business",281,1,3,3,3,5,1,2,1,1,1,1,2,1,2,0,0,65890,FALSE,-0.757464267002904,0,0,0
"dissatisfied","Loyal Customer",50,"Business travel","Business",76,1,5,5,5,3,1,2,1,1,1,1,3,1,3,61,49,65903,FALSE,-11.4672605950852,-12,-2.56494935746154,4.12713438504509
"dissatisfied","Loyal Customer",65,"Business travel","Eco Plus",1737,1,1,1,1,1,1,1,1,4,3,1,3,2,1,43,39,65919,FALSE,-3.84797643270023,-4,-1.6094379124341,3.78418963391826
"dissatisfied","Loyal Customer",38,"Business travel","Business",678,1,1,1,1,3,2,2,1,1,1,1,1,1,4,0,0,66102,FALSE,-0.757464267002904,0,0,0
"dissatisfied","Loyal Customer",58,"Business travel","Eco Plus",1836,1,2,2,2,1,1,1,1,4,1,3,2,4,1,8,14,66441,FALSE,5.41174277193713,6,1.94591014905531,2.19722457733622
"dissatisfied","Loyal Customer",44,"Business travel","Business",1380,1,3,3,3,2,3,3,1,1,1,1,3,1,4,0,0,66527,FALSE,-0.757464267002904,0,0,0
"dissatisfied","Loyal Customer",53,"Business travel","Eco",805,1,3,3,3,2,3,3,1,1,1,1,1,1,1,10,0,66615,FALSE,-10.5459554683279,-10,-2.39789527279837,2.39789527279837
"dissatisfied","Loyal Customer",50,"Business travel","Business",1092,1,1,1,1,4,4,4,1,1,1,1,3,1,4,0,0,66621,FALSE,-0.757464267002904,0,0,0
"dissatisfied","Loyal Customer",59,"Business travel","Business",3892,1,5,3,5,2,3,3,1,1,1,1,2,1,4,0,0,66696,FALSE,-0.757464267002904,0,0,0
"dissatisfied","Loyal Customer",43,"Business travel","Eco Plus",551,1,4,5,4,1,2,3,1,1,1,1,1,1,3,30,25,67052,FALSE,-5.12293787097778,-5,-1.79175946922805,3.43398720448515
"dissatisfied","Loyal Customer",38,"Business travel","Eco",1498,1,1,4,1,1,1,1,1,2,2,3,3,4,1,119,109,67307,FALSE,-8.24050956276992,-10,-2.39789527279837,4.78749174278205
"dissatisfied","Loyal Customer",76,"Business travel","Business",386,1,1,1,1,2,4,3,1,1,1,1,1,1,1,0,0,67363,FALSE,-0.757464267002904,0,0,0
"dissatisfied","Loyal Customer",36,"Business travel","Eco Plus",1591,1,4,4,4,1,1,1,1,1,3,3,1,4,1,8,16,67380,FALSE,7.41174277193713,8,2.19722457733622,2.19722457733622
"dissatisfied","Loyal Customer",29,"Business travel","Eco",2330,1,3,4,3,1,1,1,1,3,4,4,4,4,1,23,20,67573,FALSE,-3.27099403005031,-3,-1.38629436111989,3.17805383034795
"dissatisfied","Loyal Customer",29,"Business travel","Eco Plus",2252,1,4,4,4,1,1,1,1,3,5,3,1,3,1,21,20,67574,FALSE,-1.31329578978532,-1,-0.693147180559945,3.09104245335832
"dissatisfied","Loyal Customer",48,"Business travel","Business",2755,1,4,4,4,2,4,4,1,1,1,1,4,1,1,28,27,67614,FALSE,-1.16523963071279,-1,-0.693147180559945,3.36729582998647
"dissatisfied","Loyal Customer",56,"Business travel","Business",2603,1,4,4,4,1,1,1,2,2,3,3,1,2,1,56,56,67730,FALSE,0.426985005577328,0,0,4.04305126783455
"dissatisfied","Loyal Customer",58,"Business travel","Eco",3404,1,4,5,4,1,1,1,1,1,5,4,2,4,1,43,24,67866,FALSE,-18.8479764327002,-19,-2.99573227355399,3.78418963391826
"dissatisfied","Loyal Customer",53,"Business travel","Eco",1974,1,3,3,3,1,1,1,1,1,2,3,4,4,1,0,0,67983,FALSE,-0.757464267002904,0,0,0
"dissatisfied","Loyal Customer",51,"Business travel","Eco Plus",706,1,5,5,5,2,4,4,1,1,1,1,3,1,4,7,0,68040,FALSE,-7.60940810793038,-7,-2.07944154167984,2.07944154167984
"dissatisfied","Loyal Customer",20,"Business travel","Business",4794,1,5,5,5,1,1,1,1,1,5,4,2,4,1,111,99,68055,FALSE,-10.4097166017099,-12,-2.56494935746154,4.71849887129509
"dissatisfied","Loyal Customer",59,"Business travel","Business",731,1,5,4,5,2,4,3,1,1,1,1,3,1,1,0,0,68231,FALSE,-0.757464267002904,0,0,0
"dissatisfied","Loyal Customer",58,"Business travel","Business",614,1,1,1,1,3,4,4,1,1,1,1,3,1,3,13,8,68325,FALSE,-5.48250282872535,-5,-1.79175946922805,2.63905732961526
"dissatisfied","Loyal Customer",42,"Business travel","Eco",2268,1,5,5,5,1,1,1,1,4,4,3,3,3,1,0,4,68350,FALSE,3.2425357329971,4,1.6094379124341,0
"dissatisfied","Loyal Customer",31,"Business travel","Business",1814,1,4,4,4,1,1,1,1,4,5,4,1,4,1,44,34,68423,FALSE,-9.82682555283272,-10,-2.39789527279837,3.80666248977032
"dissatisfied","Loyal Customer",48,"Business travel","Business",1756,1,4,4,4,4,3,4,1,1,1,1,3,1,1,15,9,68560,FALSE,-6.44020106899034,-6,-1.94591014905531,2.77258872223978
"dissatisfied","Loyal Customer",37,"Business travel","Eco",1683,1,4,4,4,1,1,1,1,1,4,3,4,4,1,4,12,68575,FALSE,7.32713925246711,8,2.19722457733622,1.6094379124341
"dissatisfied","Loyal Customer",56,"Business travel","Business",3775,1,1,1,1,4,4,4,1,1,1,1,3,1,2,15,19,68595,FALSE,3.55979893100966,4,1.6094379124341,2.77258872223978
"dissatisfied","Loyal Customer",35,"Business travel","Eco",1941,1,3,3,3,1,1,1,1,3,5,3,3,3,1,0,0,68636,FALSE,-0.757464267002904,0,0,0
"dissatisfied","Loyal Customer",25,"Business travel","Eco",1476,1,4,4,4,1,1,2,1,2,3,4,3,3,1,0,0,68958,FALSE,-0.757464267002904,0,0,0
"dissatisfied","Loyal Customer",32,"Business travel","Business",1735,2,1,1,1,1,1,2,1,4,3,4,4,3,1,3,0,68980,FALSE,-3.69401162740039,-3,-1.38629436111989,1.38629436111989
"dissatisfied","Loyal Customer",36,"Business travel","Business",1347,2,4,4,4,2,2,2,2,2,1,2,4,2,1,40,27,69003,FALSE,-12.9114290723027,-13,-2.63905732961526,3.71357206670431
"dissatisfied","Loyal Customer",45,"Business travel","Eco",3066,1,5,5,5,2,1,2,2,3,3,4,2,4,2,102,90,69186,FALSE,-10.6000745205175,-12,-2.56494935746154,4.63472898822964
"dissatisfied","Loyal Customer",33,"Business travel","Eco Plus",1829,2,4,4,4,2,1,2,2,4,3,3,2,4,2,0,58,69216,FALSE,57.2425357329971,58,4.07753744390572,0
"dissatisfied","Loyal Customer",44,"Business travel","Business",3076,2,4,4,4,4,3,3,2,2,1,2,3,2,4,0,1,69223,FALSE,0.242535732997096,1,0.693147180559945,0
"dissatisfied","Loyal Customer",33,"Business travel","Business",3669,2,5,5,5,2,4,4,2,2,1,2,3,2,1,0,21,69224,FALSE,20.2425357329971,21,3.09104245335832,0
"dissatisfied","Loyal Customer",24,"Business travel","Business",3941,3,3,5,3,0,1,3,0,2,4,3,4,4,0,40,30,69243,FALSE,-9.91142907230274,-10,-2.39789527279837,3.71357206670431
"dissatisfied","Loyal Customer",52,"Business travel","Eco",1678,2,2,2,2,1,2,1,1,1,3,2,4,3,1,9,0,69495,FALSE,-9.56710634819537,-9,-2.30258509299405,2.30258509299405
"dissatisfied","Loyal Customer",27,"Business travel","Eco",1484,1,3,3,3,1,2,1,1,1,4,3,3,2,1,0,3,69538,FALSE,2.2425357329971,3,1.38629436111989,0
"dissatisfied","Loyal Customer",50,"Business travel","Eco",3492,2,1,1,1,1,2,1,1,4,3,2,4,3,1,0,14,69618,FALSE,13.2425357329971,14,2.70805020110221,0
"satisfied","Loyal Customer",43,"Business travel","Business",1851,1,1,1,1,3,5,4,1,1,2,1,5,1,5,5,0,69643,FALSE,-5.65170986766538,-5,-1.79175946922805,1.79175946922805
"dissatisfied","Loyal Customer",56,"Business travel","Business",1951,1,1,2,1,2,4,4,1,1,2,1,2,1,3,1,0,69731,FALSE,-1.7363133871354,-1,-0.693147180559945,0.693147180559945
"dissatisfied","Loyal Customer",33,"Business travel","Eco Plus",2590,1,5,5,5,1,2,1,1,4,5,3,4,4,1,12,8,69902,FALSE,-4.50365370859285,-4,-1.6094379124341,2.56494935746154
"dissatisfied","Loyal Customer",24,"Business travel","Eco Plus",4003,2,3,3,3,2,1,2,2,5,4,4,2,2,2,0,0,70081,FALSE,-0.757464267002904,0,0,0
"satisfied","Loyal Customer",27,"Business travel","Business",2449,5,1,5,5,2,2,2,2,5,4,5,5,5,2,0,0,70251,FALSE,-0.757464267002904,0,0,0
"satisfied","Loyal Customer",45,"Business travel","Business",2465,1,1,1,1,5,1,3,2,2,2,2,5,2,3,3,0,70276,FALSE,-3.69401162740039,-3,-1.38629436111989,1.38629436111989
"satisfied","Loyal Customer",54,"Business travel","Eco Plus",1775,2,3,3,3,2,2,2,2,3,2,5,1,2,2,0,0,70282,FALSE,-0.757464267002904,0,0,0
"satisfied","Loyal Customer",33,"Business travel","Business",3340,3,3,3,3,2,2,2,2,5,3,5,4,4,2,0,2,70296,FALSE,1.2425357329971,2,1.09861228866811,0
"dissatisfied","Loyal Customer",43,"Business travel","Eco",739,2,4,4,4,4,1,1,2,2,2,2,4,2,4,0,0,70501,FALSE,-0.757464267002904,0,0,0
"dissatisfied","Loyal Customer",34,"Business travel","Eco Plus",1242,2,2,4,4,2,2,2,2,3,4,2,2,2,2,2,0,70681,FALSE,-2.71516250726789,-2,-1.09861228866811,1.09861228866811
"dissatisfied","Loyal Customer",41,"Business travel","Business",3286,2,2,2,2,1,1,2,2,2,2,2,1,2,3,0,4,70692,FALSE,3.2425357329971,4,1.6094379124341,0
"dissatisfied","Loyal Customer",75,"Business travel","Eco",419,2,3,2,2,1,3,2,2,2,2,2,3,2,4,24,16,70706,FALSE,-8.2498431501828,-8,-2.19722457733622,3.2188758248682
"satisfied","Loyal Customer",33,"Business travel","Business",3179,3,3,3,3,2,2,2,2,1,3,3,2,5,2,9,5,70869,FALSE,-4.56710634819537,-4,-1.6094379124341,2.30258509299405
"satisfied","Loyal Customer",47,"Business travel","Business",1123,1,1,1,1,3,4,5,2,2,2,2,3,2,4,95,60,71000,FALSE,-33.74813067959,-35,-3.58351893845611,4.56434819146784
"dissatisfied","Loyal Customer",24,"Business travel","Business",4199,2,4,4,4,2,2,2,2,1,3,2,2,2,2,29,10,71239,FALSE,-19.1440887508453,-19,-2.99573227355399,3.40119738166216
"satisfied","Loyal Customer",43,"Business travel","Business",612,4,4,4,4,4,5,4,2,2,2,2,5,2,5,1,0,71388,FALSE,-1.7363133871354,-1,-0.693147180559945,0.693147180559945
"satisfied","Loyal Customer",58,"Business travel","Business",574,3,3,3,3,3,4,4,2,2,2,2,5,2,5,0,0,71421,FALSE,-0.757464267002904,0,0,0
"dissatisfied","Loyal Customer",39,"Business travel","Eco",1687,2,4,3,4,2,2,2,2,1,2,2,1,3,2,0,0,71538,FALSE,-0.757464267002904,0,0,0
"dissatisfied","Loyal Customer",69,"Business travel","Business",2280,2,5,4,5,2,2,3,2,2,2,2,2,2,3,0,0,71620,FALSE,-0.757464267002904,0,0,0
"dissatisfied","Loyal Customer",66,"Business travel","Eco",230,2,4,5,4,1,3,3,2,2,2,2,1,2,2,2,0,71879,FALSE,-2.71516250726789,-2,-1.09861228866811,1.09861228866811
"satisfied","Loyal Customer",46,"Business travel","Business",1876,2,2,2,2,5,5,5,2,2,2,2,3,2,5,2,9,72081,FALSE,6.28483749273211,7,2.07944154167984,1.09861228866811
"dissatisfied","Loyal Customer",24,"Business travel","Business",3178,2,1,1,1,2,2,2,2,1,3,3,1,3,2,25,23,72086,FALSE,-2.2286922703153,-2,-1.09861228866811,3.25809653802148
"dissatisfied","Loyal Customer",69,"Business travel","Business",1590,2,3,3,3,3,2,2,2,2,2,2,2,2,4,0,0,72169,FALSE,-0.757464267002904,0,0,0
"dissatisfied","Loyal Customer",35,"Business travel","Business",2392,2,4,4,4,3,3,4,2,2,2,2,1,2,3,0,0,72342,FALSE,-0.757464267002904,0,0,0
"dissatisfied","Loyal Customer",51,"Business travel","Business",2680,2,2,2,2,3,3,4,2,2,2,2,3,2,2,0,0,72583,FALSE,-0.757464267002904,0,0,0
"dissatisfied","Loyal Customer",52,"Business travel","Eco",943,2,1,1,1,3,3,3,2,2,2,2,1,2,4,0,0,72632,FALSE,-0.757464267002904,0,0,0
"dissatisfied","Loyal Customer",51,"Business travel","Business",2789,2,1,3,1,2,2,3,2,2,2,2,3,2,3,42,38,72661,FALSE,-3.86912731256774,-4,-1.6094379124341,3.76120011569356
"dissatisfied","Loyal Customer",47,"Business travel","Business",1012,2,2,2,2,4,4,3,2,2,2,2,1,2,2,5,13,72699,FALSE,7.34829013233462,8,2.19722457733622,1.79175946922805
"dissatisfied","Loyal Customer",39,"Business travel","Business",2014,2,1,5,5,3,3,4,2,2,2,2,3,2,2,42,31,72846,FALSE,-10.8691273125677,-11,-2.484906649788,3.76120011569356
"dissatisfied","Loyal Customer",17,"Business travel","Business",4994,2,5,5,5,2,2,2,2,4,1,3,3,4,2,12,0,73005,FALSE,-12.5036537085929,-12,-2.56494935746154,2.56494935746154
"satisfied","Loyal Customer",55,"Business travel","Business",778,1,1,2,1,4,4,4,2,2,2,2,5,2,4,9,13,73170,FALSE,3.43289365180463,4,1.6094379124341,2.30258509299405
"dissatisfied","Loyal Customer",18,"Business travel","Business",3469,2,4,4,4,2,2,2,2,2,3,3,3,4,2,24,6,73171,FALSE,-18.2498431501828,-18,-2.94443897916644,3.2188758248682
"dissatisfied","Loyal Customer",46,"Business travel","Eco",584,2,3,3,3,2,3,4,2,2,2,2,2,2,3,1,0,73252,FALSE,-1.7363133871354,-1,-0.693147180559945,0.693147180559945
"dissatisfied","Loyal Customer",46,"Business travel","Eco",503,2,4,1,4,2,3,4,2,2,2,2,4,2,4,73,60,73255,FALSE,-12.2134500366751,-13,-2.63905732961526,4.30406509320417
"satisfied","Loyal Customer",50,"Business travel","Business",2166,1,1,5,1,5,4,5,2,2,2,2,5,2,3,0,6,73378,FALSE,5.2425357329971,6,1.94591014905531,0
"dissatisfied","Loyal Customer",51,"Business travel","Business",3634,2,5,5,5,2,2,2,2,2,2,2,2,2,2,8,9,73420,FALSE,0.411742771937129,1,0.693147180559945,2.19722457733622
"dissatisfied","Loyal Customer",41,"Business travel","Eco",2500,2,5,5,5,2,2,2,2,3,1,2,3,4,2,1,0,73800,FALSE,-1.7363133871354,-1,-0.693147180559945,0.693147180559945
"dissatisfied","Loyal Customer",41,"Business travel","Eco",2555,2,5,2,2,2,2,2,2,1,3,3,4,3,2,3,2,73804,FALSE,-1.69401162740039,-1,-0.693147180559945,1.38629436111989
"dissatisfied","Loyal Customer",40,"Business travel","Eco",3044,2,4,4,4,2,2,2,2,4,2,2,1,3,2,29,27,73890,FALSE,-2.14408875084529,-2,-1.09861228866811,3.40119738166216
"satisfied","Loyal Customer",49,"Business travel","Business",503,4,4,4,4,5,5,4,2,2,2,2,4,2,4,0,0,73943,FALSE,-0.757464267002904,0,0,0
"dissatisfied","Loyal Customer",37,"Business travel","Business",2083,2,1,1,1,1,4,3,2,2,2,2,4,2,4,37,27,74045,FALSE,-9.97488171190525,-10,-2.39789527279837,3.63758615972639
"dissatisfied","Loyal Customer",38,"Business travel","Eco",1242,2,5,4,5,2,2,2,2,4,1,3,4,3,2,41,39,74119,FALSE,-1.89027819243524,-2,-1.09861228866811,3.73766961828337
"dissatisfied","Loyal Customer",60,"Business travel","Business",381,2,3,3,3,1,4,3,2,2,2,2,2,2,3,6,0,74282,FALSE,-6.63055898779788,-6,-1.94591014905531,1.94591014905531
"dissatisfied","Loyal Customer",58,"Business travel","Business",355,2,2,2,2,1,4,3,2,2,2,2,2,2,1,0,0,74358,FALSE,-0.757464267002904,0,0,0
"dissatisfied","Loyal Customer",33,"Business travel","Eco",2151,2,2,2,2,2,2,2,2,2,4,4,2,4,2,168,156,74436,FALSE,-9.20411644926223,-12,-2.56494935746154,5.12989871492307
"dissatisfied","Loyal Customer",43,"Business travel","Business",2111,2,2,2,2,3,4,3,2,2,2,2,1,2,3,16,10,74761,FALSE,-6.41905018912284,-6,-1.94591014905531,2.83321334405622
"dissatisfied","Loyal Customer",34,"Business travel","Business",217,2,2,2,2,4,3,4,2,2,2,2,2,2,2,0,0,74788,FALSE,-0.757464267002904,0,0,0
"dissatisfied","Loyal Customer",18,"Business travel","Eco",1720,2,5,5,5,2,2,2,2,4,5,3,4,4,2,66,65,74814,FALSE,-0.361506195747633,-1,-0.693147180559945,4.20469261939097
"dissatisfied","Loyal Customer",54,"Business travel","Business",90,2,3,3,3,2,4,3,2,2,2,2,3,2,4,0,0,74828,FALSE,-0.757464267002904,0,0,0
"dissatisfied","Loyal Customer",68,"Business travel","Eco",2597,2,4,4,4,2,2,2,2,3,4,4,2,4,2,0,0,74894,FALSE,-0.757464267002904,0,0,0
"dissatisfied","Loyal Customer",59,"Business travel","Eco",2303,2,4,4,4,2,2,2,2,4,3,3,1,3,2,0,0,75090,FALSE,-0.757464267002904,0,0,0
"dissatisfied","Loyal Customer",49,"Business travel","Business",1712,2,4,4,4,1,4,4,2,2,2,2,1,2,2,0,6,75113,FALSE,5.2425357329971,6,1.94591014905531,0
"dissatisfied","Loyal Customer",42,"Business travel","Business",1514,2,3,3,3,2,4,4,2,2,2,2,3,2,2,0,0,75171,FALSE,-0.757464267002904,0,0,0
"satisfied","Loyal Customer",57,"Business travel","Business",1482,4,4,4,4,4,5,4,2,2,2,2,3,2,3,63,119,75179,FALSE,56.5750411646499,56,4.04305126783455,4.15888308335967
"satisfied","Loyal Customer",50,"Business travel","Business",1498,3,3,3,3,4,5,4,2,2,2,2,5,2,5,10,2,75190,FALSE,-8.54595546832786,-8,-2.19722457733622,2.39789527279837
"dissatisfied","Loyal Customer",27,"Business travel","Business",2654,2,5,5,5,2,2,2,2,2,2,4,2,3,2,8,0,75236,FALSE,-8.58825722806287,-8,-2.19722457733622,2.19722457733622
"dissatisfied","Loyal Customer",56,"Business travel","Eco",873,2,4,4,4,5,3,4,2,2,2,2,4,2,2,0,0,75268,FALSE,-0.757464267002904,0,0,0
"dissatisfied","Loyal Customer",54,"Business travel","Eco",2585,2,3,3,3,2,2,2,2,3,1,4,4,4,2,0,0,75334,FALSE,-0.757464267002904,0,0,0
"satisfied","Loyal Customer",45,"Business travel","Business",2793,2,2,2,2,4,4,4,2,2,2,2,4,2,5,30,26,75670,FALSE,-4.12293787097778,-4,-1.6094379124341,3.43398720448515
"dissatisfied","Loyal Customer",33,"Business travel","Business",4545,2,2,2,2,2,2,2,2,4,4,4,3,4,2,17,16,75715,FALSE,-1.39789930925533,-1,-0.693147180559945,2.89037175789616
"dissatisfied","Loyal Customer",46,"Business travel","Eco Plus",553,2,2,2,2,2,4,4,2,2,2,2,1,2,1,3,0,75938,FALSE,-3.69401162740039,-3,-1.38629436111989,1.38629436111989
"satisfied","Loyal Customer",45,"Business travel","Business",1556,5,5,2,5,3,4,4,2,2,2,2,4,2,4,0,11,76301,FALSE,10.2425357329971,11,2.484906649788,0
"dissatisfied","Loyal Customer",25,"Business travel","Business",1858,2,5,5,5,2,2,2,2,2,2,3,2,4,2,0,0,76330,FALSE,-0.757464267002904,0,0,0
"dissatisfied","Loyal Customer",41,"Business travel","Eco",2735,2,2,2,2,2,2,2,2,1,2,4,4,4,2,44,45,76347,FALSE,1.17317444716728,1,0.693147180559945,3.80666248977032
"satisfied","Loyal Customer",55,"Business travel","Business",1649,4,4,4,4,3,4,4,2,2,2,2,5,2,3,0,0,76408,FALSE,-0.757464267002904,0,0,0
"dissatisfied","Loyal Customer",41,"Business travel","Eco",2006,2,2,2,2,2,2,2,2,1,1,3,1,3,2,74,55,76431,FALSE,-18.1922991568076,-19,-2.99573227355399,4.31748811353631
"satisfied","Loyal Customer",55,"Business travel","Business",2402,2,2,2,2,5,4,5,2,2,2,2,5,2,4,0,0,76558,FALSE,-0.757464267002904,0,0,0
"dissatisfied","Loyal Customer",52,"Business travel","Business",3069,2,4,4,4,1,4,4,2,2,2,2,3,2,2,1,13,76574,FALSE,11.2636866128646,12,2.56494935746154,0.693147180559945
"dissatisfied","Loyal Customer",46,"Business travel","Business",379,2,4,5,4,4,4,3,2,2,2,2,2,2,3,0,0,76826,FALSE,-0.757464267002904,0,0,0
"dissatisfied","Loyal Customer",33,"Business travel","Eco",1774,2,4,4,4,2,2,2,2,3,3,3,1,4,2,8,6,76880,FALSE,-2.58825722806287,-2,-1.09861228866811,2.19722457733622
"dissatisfied","Loyal Customer",35,"Business travel","Business",3565,2,5,5,5,5,3,4,2,2,2,2,3,2,3,37,38,76891,FALSE,1.02511828809475,1,0.693147180559945,3.63758615972639
"dissatisfied","Loyal Customer",55,"Business travel","Business",3619,2,4,4,4,5,4,3,2,2,2,2,4,2,2,25,18,76969,FALSE,-7.2286922703153,-7,-2.07944154167984,3.25809653802148
"dissatisfied","Loyal Customer",28,"Business travel","Business",1620,2,3,3,3,2,2,2,2,4,4,4,1,3,2,0,0,77025,FALSE,-0.757464267002904,0,0,0
"dissatisfied","Loyal Customer",35,"Business travel","Business",229,2,5,5,5,4,4,4,2,2,2,2,1,2,4,0,0,77155,FALSE,-0.757464267002904,0,0,0
"dissatisfied","Loyal Customer",20,"Business travel","Eco",2741,2,1,1,1,2,2,2,2,1,5,3,2,4,2,0,0,77175,FALSE,-0.757464267002904,0,0,0
"dissatisfied","Loyal Customer",50,"Business travel","Business",215,3,5,5,5,1,3,3,2,2,2,3,2,2,3,0,17,77558,FALSE,16.2425357329971,17,2.89037175789616,0
"dissatisfied","Loyal Customer",33,"Business travel","Business",1843,3,5,5,5,2,4,4,3,3,2,3,3,3,2,0,0,77846,FALSE,-0.757464267002904,0,0,0
"dissatisfied","Loyal Customer",56,"Business travel","Business",387,3,3,3,3,2,2,3,3,3,2,3,3,3,1,0,0,77908,FALSE,-0.757464267002904,0,0,0
"dissatisfied","Loyal Customer",24,"Business travel","Business",1146,3,2,2,2,3,2,3,3,2,4,4,3,3,3,34,26,77915,FALSE,-8.03833435150777,-8,-2.19722457733622,3.55534806148941
"dissatisfied","Loyal Customer",60,"Business travel","Business",880,3,5,5,5,4,3,4,3,3,2,3,2,3,4,0,0,78032,FALSE,-0.757464267002904,0,0,0
"satisfied","Loyal Customer",26,"Business travel","Business",1703,3,3,4,3,3,2,3,3,1,1,2,1,4,3,42,43,78169,FALSE,1.13087268743226,1,0.693147180559945,3.76120011569356
"dissatisfied","Loyal Customer",26,"Business travel","Eco Plus",3348,2,5,5,5,2,2,4,2,3,4,2,3,3,2,0,0,78242,FALSE,-0.757464267002904,0,0,0
"dissatisfied","Loyal Customer",21,"Business travel","Eco Plus",1967,2,2,2,2,2,2,4,2,3,4,3,1,4,2,0,0,78282,FALSE,-0.757464267002904,0,0,0
"dissatisfied","Loyal Customer",52,"Business travel","Business",54,4,3,3,3,4,3,4,2,2,2,4,2,2,4,0,96,78292,FALSE,95.2425357329971,96,4.57471097850338,0
"dissatisfied","Loyal Customer",68,"Business travel","Business",3881,1,5,5,5,4,4,4,3,3,3,1,3,3,2,0,0,78445,FALSE,-0.757464267002904,0,0,0
"dissatisfied","Loyal Customer",15,"Business travel","Business",2672,2,1,1,1,2,3,2,2,1,4,4,1,4,2,53,45,78794,FALSE,-7.63646763402519,-8,-2.19722457733622,3.98898404656427
"dissatisfied","Loyal Customer",29,"Business travel","Business",2845,2,4,4,4,2,3,2,2,1,1,3,2,3,2,56,72,78941,FALSE,16.4269850055773,16,2.83321334405622,4.04305126783455
"dissatisfied","Loyal Customer",45,"Business travel","Eco",1771,3,2,2,2,2,3,2,2,2,1,3,2,4,2,0,13,78966,FALSE,12.2425357329971,13,2.63905732961526,0
"dissatisfied","Loyal Customer",22,"Business travel","Business",1285,2,3,3,3,2,3,2,2,3,3,3,4,4,2,0,0,79032,FALSE,-0.757464267002904,0,0,0
"dissatisfied","Loyal Customer",44,"Business travel","Business",139,2,2,2,2,3,3,3,3,3,3,2,4,3,2,0,0,79165,FALSE,-0.757464267002904,0,0,0
"satisfied","Loyal Customer",44,"Business travel","Business",2143,4,4,4,4,5,5,4,3,3,3,3,5,3,4,5,0,79359,FALSE,-5.65170986766538,-5,-1.79175946922805,1.79175946922805
"satisfied","Loyal Customer",56,"Business travel","Business",1588,3,3,3,3,5,4,5,3,3,3,3,4,3,3,7,0,79436,FALSE,-7.60940810793038,-7,-2.07944154167984,2.07944154167984
"satisfied","Loyal Customer",60,"Business travel","Business",3453,5,5,5,5,5,4,5,3,3,3,3,3,3,3,3,0,79551,FALSE,-3.69401162740039,-3,-1.38629436111989,1.38629436111989
"satisfied","Loyal Customer",52,"Business travel","Business",2331,3,3,3,3,2,4,4,3,3,3,3,5,3,3,0,0,79698,FALSE,-0.757464267002904,0,0,0
"satisfied","Loyal Customer",52,"Business travel","Business",446,3,3,3,3,5,4,5,3,3,3,3,4,3,3,0,0,79790,FALSE,-0.757464267002904,0,0,0
"dissatisfied","Loyal Customer",65,"Business travel","Business",444,3,4,4,4,5,2,2,3,3,3,3,3,3,2,16,23,79803,FALSE,6.58094981087716,7,2.07944154167984,2.83321334405622
"satisfied","Loyal Customer",60,"Business travel","Business",3413,5,5,5,5,4,4,5,3,3,3,3,4,3,3,0,0,79814,FALSE,-0.757464267002904,0,0,0
"dissatisfied","Loyal Customer",58,"Business travel","Eco",1688,3,1,1,1,3,3,3,3,3,1,2,1,2,3,0,0,79991,FALSE,-0.757464267002904,0,0,0
"dissatisfied","Loyal Customer",46,"Business travel","Business",2911,3,2,2,2,1,2,2,3,3,3,3,3,3,2,0,0,80193,FALSE,-0.757464267002904,0,0,0
"dissatisfied","Loyal Customer",22,"Business travel","Business",1951,3,1,1,1,3,3,3,3,2,3,2,1,2,3,12,52,80200,FALSE,39.4963462914071,40,3.71357206670431,2.56494935746154
"dissatisfied","Loyal Customer",51,"Business travel","Business",3816,3,5,5,5,5,1,1,3,3,3,3,1,3,3,0,0,80802,FALSE,-0.757464267002904,0,0,0
"dissatisfied","Loyal Customer",41,"Business travel","Business",2039,3,3,5,5,3,2,3,3,3,3,3,2,3,4,0,17,80804,FALSE,16.2425357329971,17,2.89037175789616,0
"dissatisfied","Loyal Customer",40,"Business travel","Business",2944,3,5,5,5,3,3,3,3,3,2,3,3,4,3,0,8,80831,FALSE,7.2425357329971,8,2.19722457733622,0
"dissatisfied","Loyal Customer",68,"Business travel","Eco",1989,3,4,4,4,3,3,3,3,4,3,3,4,2,3,22,23,80913,FALSE,0.707855090082186,1,0.693147180559945,3.13549421592915
"dissatisfied","Loyal Customer",62,"Business travel","Eco",1190,3,4,4,4,3,3,3,3,1,3,3,1,3,3,0,0,81002,FALSE,-0.757464267002904,0,0,0
"satisfied","Loyal Customer",53,"Business travel","Business",1445,4,4,4,4,5,5,4,3,3,3,3,5,3,5,0,0,81313,FALSE,-0.757464267002904,0,0,0
"satisfied","Loyal Customer",47,"Business travel","Business",1476,5,5,5,5,3,4,4,3,3,3,3,3,3,5,0,2,81314,FALSE,1.2425357329971,2,1.09861228866811,0
"dissatisfied","Loyal Customer",33,"Business travel","Business",2091,3,5,5,5,3,3,3,3,2,4,4,1,3,3,58,41,81384,FALSE,-16.5307132346877,-17,-2.89037175789616,4.07753744390572
"satisfied","Loyal Customer",33,"Business travel","Business",3962,4,4,4,4,1,2,3,3,3,3,3,2,3,2,0,16,81393,FALSE,15.2425357329971,16,2.83321334405622,0
"dissatisfied","Loyal Customer",56,"Business travel","Eco",2232,3,4,4,4,3,3,3,3,2,5,4,2,4,3,0,0,81396,FALSE,-0.757464267002904,0,0,0
"satisfied","Loyal Customer",29,"Business travel","Business",3599,1,1,1,1,3,3,3,3,3,5,5,3,4,3,0,0,81650,FALSE,-0.757464267002904,0,0,0
"satisfied","Loyal Customer",45,"Business travel","Business",2820,2,2,2,2,3,5,5,3,3,3,3,3,3,3,0,0,81988,FALSE,-0.757464267002904,0,0,0
"satisfied","Loyal Customer",26,"Business travel","Business",2571,5,5,5,5,3,3,3,3,4,3,2,3,5,3,2,3,82107,FALSE,0.284837492732106,1,0.693147180559945,1.09861228866811
"dissatisfied","Loyal Customer",31,"Business travel","Business",3965,3,5,5,5,3,3,3,3,1,1,3,3,3,3,0,5,82113,FALSE,4.2425357329971,5,1.79175946922805,0
"dissatisfied","Loyal Customer",47,"Business travel","Eco Plus",730,3,1,1,1,2,3,3,3,3,3,3,4,3,2,0,17,82147,FALSE,16.2425357329971,17,2.89037175789616,0
"dissatisfied","Loyal Customer",15,"Business travel","Business",1616,3,4,5,4,3,3,3,3,1,2,4,2,4,3,92,118,82400,FALSE,27.1884166808075,26,3.29583686600433,4.53259949315326
"dissatisfied","Loyal Customer",58,"Business travel","Business",2845,3,4,5,4,1,2,3,3,3,3,3,4,3,4,14,6,82417,FALSE,-8.46135194885785,-8,-2.19722457733622,2.70805020110221
"dissatisfied","Loyal Customer",44,"Business travel","Eco",2106,3,2,2,2,3,3,3,3,1,3,3,4,4,3,1,0,82453,FALSE,-1.7363133871354,-1,-0.693147180559945,0.693147180559945
"dissatisfied","Loyal Customer",52,"Business travel","Business",608,3,2,2,2,2,4,4,3,3,3,3,2,3,4,0,0,82574,FALSE,-0.757464267002904,0,0,0
"dissatisfied","Loyal Customer",41,"Business travel","Eco Plus",1914,3,3,3,3,3,3,3,3,3,4,3,3,3,3,0,1,82772,FALSE,0.242535732997096,1,0.693147180559945,0
"dissatisfied","Loyal Customer",34,"Business travel","Business",2968,3,1,1,1,4,4,4,3,3,3,3,2,3,2,0,0,82876,FALSE,-0.757464267002904,0,0,0
"satisfied","Loyal Customer",53,"Business travel","Business",2622,1,1,1,1,2,4,4,3,3,3,3,5,3,3,0,0,83021,FALSE,-0.757464267002904,0,0,0
"dissatisfied","Loyal Customer",52,"Business travel","Business",384,3,5,4,4,4,4,3,3,3,3,3,3,3,4,15,12,83183,FALSE,-3.44020106899034,-3,-1.38629436111989,2.77258872223978
"dissatisfied","Loyal Customer",35,"Business travel","Eco",1933,3,5,5,5,3,3,3,3,2,4,3,4,4,3,16,13,83281,FALSE,-3.41905018912284,-3,-1.38629436111989,2.83321334405622
"dissatisfied","Loyal Customer",31,"Business travel","Eco",2429,3,5,3,3,3,3,3,3,3,5,3,3,4,3,0,0,83455,FALSE,-0.757464267002904,0,0,0
"dissatisfied","Loyal Customer",35,"Business travel","Business",2929,3,2,4,2,2,4,4,3,3,3,3,1,3,2,0,0,83627,FALSE,-0.757464267002904,0,0,0
"dissatisfied","Loyal Customer",69,"Business travel","Business",3298,3,5,5,5,4,4,3,3,3,3,3,2,3,1,3,3,83661,FALSE,-0.694011627400391,0,0,1.38629436111989
"satisfied","Loyal Customer",40,"Business travel","Business",2342,2,2,4,2,2,3,5,3,3,3,3,4,3,4,0,0,83872,FALSE,-0.757464267002904,0,0,0
"dissatisfied","Loyal Customer",33,"Business travel","Business",1873,3,3,3,3,5,4,4,3,3,3,3,2,3,1,0,20,83951,FALSE,19.2425357329971,20,3.04452243772342,0
"satisfied","Loyal Customer",47,"Business travel","Business",1647,1,1,1,1,2,5,5,3,3,3,3,2,3,3,30,20,84025,FALSE,-10.1229378709778,-10,-2.39789527279837,3.43398720448515
"dissatisfied","Loyal Customer",57,"Business travel","Eco Plus",610,3,3,3,3,2,3,4,3,3,3,3,3,3,4,0,0,84051,FALSE,-0.757464267002904,0,0,0
"dissatisfied","Loyal Customer",30,"Business travel","Business",3346,3,2,2,2,3,3,3,3,3,4,3,3,3,3,26,28,84111,FALSE,1.7924586095522,2,1.09861228866811,3.29583686600433
"dissatisfied","Loyal Customer",52,"Business travel","Eco",2221,3,1,2,2,3,3,3,3,3,5,4,4,3,3,14,11,84336,FALSE,-3.46135194885785,-3,-1.38629436111989,2.70805020110221
"dissatisfied","Loyal Customer",20,"Business travel","Business",2623,3,5,5,5,3,3,3,3,3,3,4,2,3,3,65,56,84373,FALSE,-8.38265707561514,-9,-2.30258509299405,4.18965474202643
"dissatisfied","Loyal Customer",59,"Business travel","Business",1609,3,4,4,4,3,3,3,3,3,3,3,3,3,1,0,72,84519,FALSE,71.2425357329971,72,4.29045944114839,0
"dissatisfied","Loyal Customer",48,"Business travel","Eco",721,3,1,1,1,1,4,4,3,3,3,3,1,3,2,37,12,84621,FALSE,-24.9748817119053,-25,-3.25809653802148,3.63758615972639
"dissatisfied","Loyal Customer",48,"Business travel","Business",828,3,3,1,3,5,4,4,3,3,3,3,3,3,3,0,41,84653,FALSE,40.2425357329971,41,3.73766961828337,0
"satisfied","Loyal Customer",48,"Business travel","Eco",722,3,2,2,2,4,2,4,3,3,3,3,2,3,3,0,0,84685,FALSE,-0.757464267002904,0,0,0
"satisfied","Loyal Customer",43,"Business travel","Business",544,3,3,3,3,5,4,5,3,3,3,3,4,3,3,11,0,85208,FALSE,-11.5248045884604,-11,-2.484906649788,2.484906649788
"satisfied","Loyal Customer",60,"Business travel","Business",3528,2,2,2,2,5,5,5,3,3,3,3,4,3,3,55,72,85241,FALSE,17.4058341257098,17,2.89037175789616,4.02535169073515
"dissatisfied","Loyal Customer",36,"Business travel","Business",3160,3,4,4,4,2,3,4,3,3,3,3,4,3,1,0,0,85252,FALSE,-0.757464267002904,0,0,0
"dissatisfied","Loyal Customer",26,"Business travel","Business",3775,3,1,5,1,3,3,3,3,2,3,4,4,3,3,0,15,85254,FALSE,14.2425357329971,15,2.77258872223978,0
"dissatisfied","Loyal Customer",38,"Business travel","Business",3821,3,3,5,3,5,4,4,3,3,3,3,2,3,1,25,19,85255,FALSE,-6.2286922703153,-6,-1.94591014905531,3.25809653802148
"dissatisfied","Loyal Customer",28,"Business travel","Business",1578,3,5,5,5,3,3,3,3,1,3,4,2,3,3,0,1,85694,FALSE,0.242535732997096,1,0.693147180559945,0
"dissatisfied","Loyal Customer",47,"Business travel","Business",387,3,3,3,3,5,3,3,3,3,3,3,4,3,3,32,21,85729,FALSE,-11.0806361112428,-11,-2.484906649788,3.49650756146648
"dissatisfied","Loyal Customer",31,"Business travel","Eco",3546,3,1,1,1,3,3,3,3,4,3,4,4,4,3,0,0,85793,FALSE,-0.757464267002904,0,0,0
"satisfied","Loyal Customer",38,"Business travel","Business",454,2,5,2,2,2,2,1,3,3,3,3,5,3,2,0,0,86234,FALSE,-0.757464267002904,0,0,0
"satisfied","Loyal Customer",52,"Business travel","Business",4012,5,5,2,5,4,5,4,3,3,3,3,5,3,4,35,30,86243,FALSE,-5.01718347164026,-5,-1.79175946922805,3.58351893845611
"dissatisfied","Loyal Customer",17,"Business travel","Business",3566,4,1,1,1,3,3,4,3,4,3,4,4,3,3,0,0,86354,FALSE,-0.757464267002904,0,0,0
"dissatisfied","Loyal Customer",57,"Business travel","Eco",72,3,5,5,5,3,2,3,4,4,3,4,1,4,1,0,4,86446,FALSE,3.2425357329971,4,1.6094379124341,0
"satisfied","Loyal Customer",56,"Business travel","Business",961,1,1,1,1,2,5,5,4,4,3,4,4,4,3,0,0,86461,FALSE,-0.757464267002904,0,0,0
"dissatisfied","Loyal Customer",43,"Business travel","Eco Plus",954,3,4,4,4,3,2,2,4,4,3,4,4,4,2,12,1,86484,FALSE,-11.5036537085929,-11,-2.484906649788,2.56494935746154
"satisfied","Loyal Customer",47,"Business travel","Business",448,5,5,5,5,4,5,5,4,4,3,4,3,4,4,31,12,86674,FALSE,-19.1017869911103,-19,-2.99573227355399,3.46573590279973
"dissatisfied","Loyal Customer",32,"Business travel","Eco",2126,4,3,4,3,4,3,4,4,2,3,4,2,3,4,0,0,86717,FALSE,-0.757464267002904,0,0,0
"dissatisfied","Loyal Customer",40,"Business travel","Business",305,4,3,3,3,1,3,3,4,4,3,4,3,4,2,31,22,86738,FALSE,-9.10178699111028,-9,-2.30258509299405,3.46573590279973
"dissatisfied","Loyal Customer",30,"Business travel","Business",1957,4,1,3,3,4,3,4,4,2,4,3,1,4,4,102,95,86872,FALSE,-5.60007452051749,-7,-2.07944154167984,4.63472898822964
"dissatisfied","Loyal Customer",23,"Business travel","Business",3688,1,4,2,2,4,4,1,4,2,5,3,1,3,4,112,107,87020,FALSE,-3.38856572184245,-5,-1.79175946922805,4.72738781871234
"satisfied","Loyal Customer",59,"Business travel","Business",3377,3,3,2,3,4,5,5,3,3,4,3,5,3,4,83,76,87224,FALSE,-6.00194123800007,-7,-2.07944154167984,4.43081679884331
"satisfied","Loyal Customer",42,"Business travel","Eco",1523,4,4,4,4,3,4,3,3,5,3,2,4,4,3,4,3,87287,FALSE,-1.67286074753289,-1,-0.693147180559945,1.6094379124341
"satisfied","Loyal Customer",42,"Business travel","Business",1728,3,3,3,3,4,4,4,3,3,4,3,5,3,3,0,0,87411,FALSE,-0.757464267002904,0,0,0
"satisfied","Loyal Customer",57,"Business travel","Business",1057,2,2,2,2,3,5,5,3,3,4,3,4,3,3,1,10,87473,FALSE,8.2636866128646,9,2.30258509299405,0.693147180559945
"satisfied","Loyal Customer",44,"Business travel","Business",1565,1,1,1,1,2,4,5,3,3,4,3,4,3,4,12,9,87531,FALSE,-3.50365370859285,-3,-1.38629436111989,2.56494935746154
"satisfied","Loyal Customer",52,"Business travel","Business",674,5,5,5,5,2,4,5,3,3,4,3,3,3,5,0,0,87559,FALSE,-0.757464267002904,0,0,0
"dissatisfied","Loyal Customer",56,"Business travel","Eco Plus",2712,4,4,4,4,4,3,3,3,3,3,3,3,4,3,161,147,87768,FALSE,-11.3521726083347,-14,-2.70805020110221,5.08759633523238
"satisfied","Loyal Customer",41,"Business travel","Eco",1214,4,3,3,3,3,4,3,3,3,4,1,2,3,3,0,3,87999,FALSE,2.2425357329971,3,1.38629436111989,0
"satisfied","Loyal Customer",61,"Business travel","Business",3024,3,3,5,3,2,5,5,3,3,4,3,3,3,5,0,0,88473,FALSE,-0.757464267002904,0,0,0
"satisfied","Loyal Customer",62,"Business travel","Business",121,1,1,1,1,4,5,5,4,4,4,3,1,4,2,0,0,88822,FALSE,-0.757464267002904,0,0,0
"satisfied","Loyal Customer",23,"Business travel","Eco",2216,4,5,3,5,4,4,3,4,2,3,1,4,4,4,0,0,88932,FALSE,-0.757464267002904,0,0,0
"satisfied","Loyal Customer",47,"Business travel","Business",2602,1,1,1,1,3,3,4,4,4,4,4,3,4,5,0,0,89075,FALSE,-0.757464267002904,0,0,0
"satisfied","Loyal Customer",56,"Business travel","Business",2448,3,3,3,3,4,4,4,4,4,5,5,4,4,4,3,4,89169,FALSE,0.305988372599609,1,0.693147180559945,1.38629436111989
"satisfied","Loyal Customer",39,"Business travel","Business",2224,3,3,3,3,2,4,4,4,4,4,4,5,4,4,1,15,89244,FALSE,13.2636866128646,14,2.70805020110221,0.693147180559945
"satisfied","Loyal Customer",49,"Business travel","Business",1974,1,1,1,1,3,4,4,4,4,4,4,3,4,3,6,0,89296,FALSE,-6.63055898779788,-6,-1.94591014905531,1.94591014905531
"satisfied","Loyal Customer",57,"Business travel","Business",1789,4,4,4,4,5,3,4,4,4,4,4,4,4,5,6,0,89377,FALSE,-6.63055898779788,-6,-1.94591014905531,1.94591014905531
"satisfied","Loyal Customer",58,"Business travel","Eco",1926,4,2,2,2,4,4,4,4,5,3,1,1,4,4,0,0,89486,FALSE,-0.757464267002904,0,0,0
"satisfied","Loyal Customer",29,"Business travel","Business",2945,1,1,1,1,4,4,4,4,3,1,1,4,1,4,0,5,89526,FALSE,4.2425357329971,5,1.79175946922805,0
"satisfied","Loyal Customer",47,"Business travel","Business",1486,4,4,4,4,2,5,4,4,4,4,4,3,4,4,0,0,89542,FALSE,-0.757464267002904,0,0,0
"satisfied","Loyal Customer",56,"Business travel","Eco Plus",1706,4,4,4,4,4,4,4,4,5,2,5,4,4,4,0,3,89613,FALSE,2.2425357329971,3,1.38629436111989,0
"satisfied","Loyal Customer",55,"Business travel","Business",3061,2,2,2,2,4,4,5,4,4,4,4,3,4,4,8,0,89675,FALSE,-8.58825722806287,-8,-2.19722457733622,2.19722457733622
"satisfied","Loyal Customer",23,"Business travel","Business",2145,3,3,3,3,4,4,4,4,5,2,4,3,4,4,0,3,89704,FALSE,2.2425357329971,3,1.38629436111989,0
"satisfied","Loyal Customer",29,"Business travel","Business",2370,3,3,2,3,4,4,4,4,4,3,3,3,1,4,0,0,89732,FALSE,-0.757464267002904,0,0,0
"satisfied","Loyal Customer",53,"Business travel","Business",1224,5,5,5,5,4,4,4,4,4,4,4,5,4,4,22,21,89780,FALSE,-1.29214490991781,-1,-0.693147180559945,3.13549421592915
"satisfied","Loyal Customer",35,"Business travel","Business",3273,4,4,4,4,3,4,4,4,4,4,4,4,4,3,0,0,89855,FALSE,-0.757464267002904,0,0,0
"satisfied","Loyal Customer",31,"Business travel","Business",2711,3,3,5,3,4,4,4,4,2,3,5,3,5,4,0,0,89961,FALSE,-0.757464267002904,0,0,0
"satisfied","Loyal Customer",42,"Business travel","Business",3685,4,4,4,4,4,5,4,4,4,4,4,5,4,4,0,0,89974,FALSE,-0.757464267002904,0,0,0
"satisfied","Loyal Customer",38,"Business travel","Business",1004,5,5,5,5,2,2,5,4,4,4,4,4,4,5,0,0,90170,FALSE,-0.757464267002904,0,0,0
"satisfied","Loyal Customer",23,"Business travel","Business",1770,1,1,1,1,4,4,4,4,3,2,3,2,4,4,0,0,90174,FALSE,-0.757464267002904,0,0,0
"satisfied","Loyal Customer",44,"Business travel","Business",3039,2,2,2,2,2,3,4,4,4,4,4,1,4,5,0,0,90462,FALSE,-0.757464267002904,0,0,0
"satisfied","Loyal Customer",35,"Business travel","Business",2388,2,2,2,2,4,3,1,4,4,4,4,4,4,4,79,69,90511,FALSE,-9.08654475747008,-10,-2.39789527279837,4.38202663467388
"satisfied","Loyal Customer",47,"Business travel","Business",3197,2,2,2,2,5,5,4,4,4,4,4,3,4,3,2,0,90786,FALSE,-2.71516250726789,-2,-1.09861228866811,1.09861228866811
"satisfied","Loyal Customer",46,"Business travel","Business",669,2,2,2,2,5,4,4,4,4,4,4,5,4,5,0,0,90835,FALSE,-0.757464267002904,0,0,0
"satisfied","Loyal Customer",44,"Business travel","Business",2461,1,1,1,1,3,5,4,4,4,4,4,5,4,4,0,0,91119,FALSE,-0.757464267002904,0,0,0
"satisfied","Loyal Customer",42,"Business travel","Eco",271,4,3,3,3,2,1,4,4,4,4,4,3,4,3,5,4,91138,FALSE,-1.65170986766538,-1,-0.693147180559945,1.79175946922805
"satisfied","Loyal Customer",57,"Business travel","Business",2934,2,2,2,2,5,4,4,4,4,4,4,4,4,4,0,0,91234,FALSE,-0.757464267002904,0,0,0
"satisfied","Loyal Customer",36,"Business travel","Business",533,5,5,5,5,3,1,4,4,4,4,4,2,4,5,46,40,91295,FALSE,-5.78452379309772,-6,-1.94591014905531,3.85014760171006
"satisfied","Loyal Customer",50,"Business travel","Business",2804,1,1,1,1,3,4,5,4,4,4,4,4,4,3,0,0,91330,FALSE,-0.757464267002904,0,0,0
"satisfied","Loyal Customer",57,"Business travel","Business",484,4,4,4,4,3,5,5,4,4,4,4,4,4,3,0,0,91499,FALSE,-0.757464267002904,0,0,0
"satisfied","Loyal Customer",37,"Business travel","Eco",1739,4,5,5,5,4,4,4,4,4,5,5,5,4,4,0,0,91746,FALSE,-0.757464267002904,0,0,0
"satisfied","Loyal Customer",17,"Business travel","Business",1380,4,4,4,4,4,4,4,4,1,1,1,3,1,4,6,0,91767,FALSE,-6.63055898779788,-6,-1.94591014905531,1.94591014905531
"satisfied","Loyal Customer",36,"Business travel","Eco",1885,4,2,2,2,4,4,4,4,5,4,4,4,5,4,0,0,91808,FALSE,-0.757464267002904,0,0,0
"satisfied","Loyal Customer",35,"Business travel","Eco",2669,4,3,3,3,4,4,4,4,2,1,2,5,4,4,0,10,91878,FALSE,9.2425357329971,10,2.39789527279837,0
"satisfied","Loyal Customer",28,"Business travel","Business",1775,1,1,1,1,4,4,4,4,1,3,2,2,4,4,0,0,91940,FALSE,-0.757464267002904,0,0,0
"satisfied","Loyal Customer",52,"Business travel","Business",3510,3,3,2,3,3,5,4,4,4,4,4,3,4,5,0,0,92191,FALSE,-0.757464267002904,0,0,0
"satisfied","Loyal Customer",39,"Business travel","Business",2078,2,2,2,2,3,4,2,4,4,4,4,1,4,3,0,19,92221,FALSE,18.2425357329971,19,2.99573227355399,0
"satisfied","Loyal Customer",54,"Business travel","Business",280,2,2,2,2,2,5,4,4,4,4,4,2,4,3,0,0,92232,FALSE,-0.757464267002904,0,0,0
"satisfied","Loyal Customer",57,"Business travel","Business",3470,4,4,4,4,4,4,5,4,4,4,4,3,4,3,4,0,92251,FALSE,-4.67286074753289,-4,-1.6094379124341,1.6094379124341
"satisfied","Loyal Customer",31,"Business travel","Business",3047,2,2,2,2,4,4,4,4,5,4,5,4,4,4,0,0,92699,FALSE,-0.757464267002904,0,0,0
"satisfied","Loyal Customer",59,"Business travel","Eco",1076,4,2,2,2,1,4,3,4,4,4,4,1,4,2,0,0,92837,FALSE,-0.757464267002904,0,0,0
"satisfied","Loyal Customer",41,"Business travel","Business",1848,1,1,1,1,2,4,5,4,4,4,4,4,4,5,0,0,92872,FALSE,-0.757464267002904,0,0,0
"satisfied","Loyal Customer",42,"Business travel","Business",1807,5,5,5,5,5,4,5,4,4,4,4,4,4,4,0,0,92876,FALSE,-0.757464267002904,0,0,0
"satisfied","Loyal Customer",31,"Business travel","Business",2330,2,2,2,2,4,4,4,4,5,5,4,3,5,4,0,0,93040,FALSE,-0.757464267002904,0,0,0
"satisfied","Loyal Customer",37,"Business travel","Business",1520,3,3,5,3,4,5,4,4,4,4,4,4,4,5,47,43,93041,FALSE,-3.76337291323021,-4,-1.6094379124341,3.87120101090789
"satisfied","Loyal Customer",52,"Business travel","Business",1485,5,5,5,5,5,5,4,4,4,4,4,5,4,5,0,0,93090,FALSE,-0.757464267002904,0,0,0
"satisfied","Loyal Customer",42,"Business travel","Business",1405,5,1,5,5,5,4,5,4,4,4,4,4,4,5,0,0,93160,FALSE,-0.757464267002904,0,0,0
"satisfied","Loyal Customer",31,"Business travel","Business",4392,3,3,3,3,4,4,4,4,5,2,4,3,5,4,0,1,93489,FALSE,0.242535732997096,1,0.693147180559945,0
"satisfied","Loyal Customer",59,"Business travel","Business",1058,3,3,3,3,4,4,5,4,4,4,4,5,4,5,0,0,93537,FALSE,-0.757464267002904,0,0,0
"dissatisfied","Loyal Customer",46,"Business travel","Business",2174,4,5,5,5,3,3,2,4,4,4,4,4,4,2,35,28,93555,FALSE,-7.01718347164026,-7,-2.07944154167984,3.58351893845611
"dissatisfied","Loyal Customer",51,"Business travel","Eco",351,4,5,5,5,3,1,2,4,4,4,4,2,4,2,0,0,93667,FALSE,-0.757464267002904,0,0,0
"satisfied","Loyal Customer",50,"Business travel","Eco",561,4,4,4,4,3,3,5,4,4,4,4,1,4,2,0,0,93810,FALSE,-0.757464267002904,0,0,0
"satisfied","Loyal Customer",49,"Business travel","Business",3193,3,3,2,3,3,4,5,4,4,4,4,5,4,5,0,0,94086,FALSE,-0.757464267002904,0,0,0
"dissatisfied","Loyal Customer",45,"Business travel","Eco",2768,4,1,1,1,4,4,4,4,2,5,2,4,3,4,0,7,94433,FALSE,6.2425357329971,7,2.07944154167984,0
"satisfied","Loyal Customer",39,"Business travel","Business",673,4,4,4,4,2,5,4,4,4,4,4,3,4,3,0,0,94614,FALSE,-0.757464267002904,0,0,0
"satisfied","Loyal Customer",59,"Business travel","Business",3850,4,4,4,4,5,4,4,4,4,4,4,3,4,5,84,72,94774,FALSE,-10.9807903581326,-12,-2.56494935746154,4.44265125649032
"satisfied","Loyal Customer",41,"Business travel","Eco",1573,4,3,3,3,4,4,4,4,5,5,5,2,5,4,0,0,94970,FALSE,-0.757464267002904,0,0,0
"satisfied","Loyal Customer",49,"Business travel","Business",3327,4,5,4,4,2,5,4,4,4,4,4,4,4,3,30,28,94995,FALSE,-2.12293787097778,-2,-1.09861228866811,3.43398720448515
"satisfied","Loyal Customer",45,"Business travel","Business",500,4,4,4,4,5,5,5,4,4,4,4,5,4,4,60,53,95168,FALSE,-6.48841147495266,-7,-2.07944154167984,4.11087386417331
"dissatisfied","Loyal Customer",44,"Business travel","Business",2080,4,5,4,5,1,2,3,4,4,4,4,4,4,4,14,2,95182,FALSE,-12.4613519488578,-12,-2.56494935746154,2.70805020110221
"satisfied","Loyal Customer",48,"Business travel","Business",3904,4,4,4,4,5,4,4,4,4,4,4,3,4,3,9,8,95222,FALSE,-1.56710634819537,-1,-0.693147180559945,2.30258509299405
"satisfied","Loyal Customer",25,"Business travel","Business",4791,1,1,1,1,4,4,4,4,4,5,5,5,5,4,0,1,95655,FALSE,0.242535732997096,1,0.693147180559945,0
"satisfied","Loyal Customer",58,"Business travel","Business",396,1,5,1,1,2,4,4,4,4,4,4,4,4,5,7,0,95718,FALSE,-7.60940810793038,-7,-2.07944154167984,2.07944154167984
"satisfied","Loyal Customer",32,"Business travel","Eco",3727,4,1,1,1,4,4,4,4,1,5,4,2,3,4,0,0,95866,FALSE,-0.757464267002904,0,0,0
"satisfied","Loyal Customer",59,"Business travel","Business",3644,5,3,5,5,5,5,4,4,4,4,4,3,4,5,0,0,95892,FALSE,-0.757464267002904,0,0,0
"satisfied","Loyal Customer",50,"Business travel","Business",2564,2,2,2,2,4,3,2,4,4,4,4,2,4,3,0,0,96176,FALSE,-0.757464267002904,0,0,0
"satisfied","Loyal Customer",49,"Business travel","Business",2079,5,5,5,5,5,5,4,4,4,4,4,3,4,5,0,0,96268,FALSE,-0.757464267002904,0,0,0
"satisfied","Loyal Customer",25,"Business travel","Business",4099,3,3,3,3,4,4,4,4,4,3,5,3,2,4,0,0,96381,FALSE,-0.757464267002904,0,0,0
"dissatisfied","Loyal Customer",68,"Business travel","Eco Plus",2479,4,3,3,3,4,4,4,4,3,3,4,3,4,4,67,61,96449,FALSE,-5.34035531588013,-6,-1.94591014905531,4.21950770517611
"dissatisfied","Loyal Customer",66,"Business travel","Eco",2168,4,4,4,4,4,2,3,4,4,4,4,1,4,3,1,0,96489,FALSE,-1.7363133871354,-1,-0.693147180559945,0.693147180559945
"satisfied","Loyal Customer",56,"Business travel","Business",2246,3,3,2,3,5,5,4,4,4,4,4,3,4,5,3,0,96679,FALSE,-3.69401162740039,-3,-1.38629436111989,1.38629436111989
"satisfied","Loyal Customer",39,"Business travel","Business",2174,5,5,5,5,2,3,5,4,4,4,4,3,4,5,18,20,96687,FALSE,1.62325157061217,2,1.09861228866811,2.94443897916644
"satisfied","Loyal Customer",49,"Business travel","Business",1994,4,4,4,4,4,4,5,4,4,4,4,3,4,3,0,0,96755,FALSE,-0.757464267002904,0,0,0
"satisfied","Loyal Customer",60,"Business travel","Business",1975,3,3,3,3,5,4,5,4,4,4,4,3,4,4,107,118,96796,FALSE,12.50567987882,11,2.484906649788,4.68213122712422
"dissatisfied","Loyal Customer",60,"Business travel","Eco",605,4,2,2,2,5,3,2,4,4,4,4,1,4,2,0,0,96819,FALSE,-0.757464267002904,0,0,0
"satisfied","Loyal Customer",44,"Business travel","Business",1905,2,2,2,2,3,4,4,4,4,4,4,5,4,3,1,6,96833,FALSE,4.2636866128646,5,1.79175946922805,0.693147180559945
"satisfied","Loyal Customer",35,"Business travel","Business",1625,2,2,2,2,3,4,4,4,4,4,4,4,4,4,2,0,97064,FALSE,-2.71516250726789,-2,-1.09861228866811,1.09861228866811
"satisfied","Loyal Customer",57,"Business travel","Eco",1104,4,4,4,4,3,5,3,4,4,4,4,5,4,3,0,0,97313,FALSE,-0.757464267002904,0,0,0
"dissatisfied","Loyal Customer",77,"Business travel","Business",1414,4,5,5,5,4,3,2,4,4,4,4,2,4,4,32,24,97381,FALSE,-8.08063611124278,-8,-2.19722457733622,3.49650756146648
"dissatisfied","Loyal Customer",55,"Business travel","Eco",2373,4,1,1,1,4,4,4,4,1,5,3,4,3,4,10,0,97494,FALSE,-10.5459554683279,-10,-2.39789527279837,2.39789527279837
"dissatisfied","Loyal Customer",46,"Business travel","Business",1207,4,4,4,4,5,3,3,4,4,4,4,4,4,3,3,0,97581,FALSE,-3.69401162740039,-3,-1.38629436111989,1.38629436111989
"satisfied","Loyal Customer",55,"Business travel","Eco",1537,4,5,5,5,4,4,4,4,3,4,5,1,4,4,0,0,97654,FALSE,-0.757464267002904,0,0,0
"satisfied","Loyal Customer",31,"Business travel","Business",2250,3,3,3,3,4,4,4,4,5,4,5,4,5,4,1,12,97778,FALSE,10.2636866128646,11,2.484906649788,0.693147180559945
"satisfied","Loyal Customer",48,"Business travel","Business",2328,5,5,5,5,4,5,4,4,4,4,4,4,4,5,1,0,97828,FALSE,-1.7363133871354,-1,-0.693147180559945,0.693147180559945
"satisfied","Loyal Customer",55,"Business travel","Business",3789,5,5,5,5,4,5,5,4,4,4,4,5,4,4,4,2,97959,FALSE,-2.67286074753289,-2,-1.09861228866811,1.6094379124341
"satisfied","Loyal Customer",25,"Business travel","Business",3637,4,4,4,4,4,4,4,4,3,3,4,4,5,4,28,30,97985,FALSE,1.83476036928721,2,1.09861228866811,3.36729582998647
"satisfied","Loyal Customer",53,"Business travel","Business",2170,1,1,1,1,2,4,5,4,4,4,4,4,4,3,0,0,97994,FALSE,-0.757464267002904,0,0,0
"satisfied","Loyal Customer",28,"Business travel","Business",2751,5,5,5,5,4,4,4,4,4,3,1,2,5,4,0,0,98223,FALSE,-0.757464267002904,0,0,0
"satisfied","Loyal Customer",45,"Business travel","Business",3111,2,2,2,2,2,5,5,4,4,4,4,3,4,5,0,0,98461,FALSE,-0.757464267002904,0,0,0
"satisfied","Loyal Customer",41,"Business travel","Business",924,2,2,2,2,3,5,4,4,4,4,4,4,4,4,14,0,98609,FALSE,-14.4613519488578,-14,-2.70805020110221,2.70805020110221
"satisfied","Loyal Customer",47,"Business travel","Eco",2229,4,2,2,2,4,4,4,4,3,1,3,5,5,4,0,0,98962,FALSE,-0.757464267002904,0,0,0
"dissatisfied","Loyal Customer",27,"Business travel","Business",2053,4,4,4,4,4,4,4,4,3,3,4,2,4,4,0,0,99249,FALSE,-0.757464267002904,0,0,0
"satisfied","Loyal Customer",17,"Business travel","Business",2010,3,4,3,3,4,4,4,4,3,3,3,4,1,4,0,0,99267,FALSE,-0.757464267002904,0,0,0
"satisfied","Loyal Customer",38,"Business travel","Business",3830,3,3,3,3,5,1,4,4,4,4,4,5,4,3,92,83,99313,FALSE,-7.81158331919253,-9,-2.30258509299405,4.53259949315326
"satisfied","Loyal Customer",45,"Business travel","Eco",1434,4,1,1,1,4,4,4,4,5,1,4,2,5,4,0,0,99405,FALSE,-0.757464267002904,0,0,0
"satisfied","Loyal Customer",27,"Business travel","Business",1692,1,1,1,1,4,4,4,4,3,2,2,3,4,4,5,0,99454,FALSE,-5.65170986766538,-5,-1.79175946922805,1.79175946922805
"satisfied","Loyal Customer",42,"Business travel","Business",689,5,5,5,5,3,4,4,4,4,4,4,5,4,4,5,0,99473,FALSE,-5.65170986766538,-5,-1.79175946922805,1.79175946922805
"satisfied","Loyal Customer",45,"Business travel","Eco",2272,4,1,1,1,4,4,4,4,4,2,4,3,2,4,33,34,99583,FALSE,0.940514768624728,1,0.693147180559945,3.52636052461616
"satisfied","Loyal Customer",40,"Business travel","Business",2469,2,2,2,2,5,4,5,4,4,4,4,3,4,4,0,0,99643,FALSE,-0.757464267002904,0,0,0
"satisfied","Loyal Customer",42,"Business travel","Business",669,1,1,1,1,1,2,2,4,4,4,4,3,4,1,57,70,99661,FALSE,13.4481358854448,13,2.63905732961526,4.06044301054642
"satisfied","Loyal Customer",17,"Business travel","Business",1997,3,3,2,3,4,4,4,4,3,4,4,3,5,4,5,8,99713,FALSE,2.34829013233462,3,1.38629436111989,1.79175946922805
"satisfied","Loyal Customer",39,"Business travel","Business",2096,2,2,2,2,5,4,4,4,4,4,4,5,4,4,0,0,100174,FALSE,-0.757464267002904,0,0,0
"satisfied","Loyal Customer",26,"Business travel","Business",4301,1,1,1,1,4,4,4,4,4,4,1,4,4,4,0,0,100268,FALSE,-0.757464267002904,0,0,0
"satisfied","Loyal Customer",56,"Business travel","Business",497,3,3,3,3,1,4,4,4,4,4,4,5,4,4,0,0,100426,FALSE,-0.757464267002904,0,0,0
"satisfied","Loyal Customer",51,"Business travel","Business",3135,4,4,4,4,4,5,4,4,4,4,4,5,4,3,11,8,100431,FALSE,-3.52480458846036,-3,-1.38629436111989,2.484906649788
"dissatisfied","Loyal Customer",39,"Business travel","Eco",1622,4,4,4,4,4,4,4,4,1,5,3,4,4,4,0,0,100541,FALSE,-0.757464267002904,0,0,0
"satisfied","Loyal Customer",61,"Business travel","Business",2368,5,5,5,5,4,5,5,4,4,4,4,5,4,5,0,0,100657,FALSE,-0.757464267002904,0,0,0
"dissatisfied","Loyal Customer",38,"Business travel","Eco",2596,4,3,3,3,4,4,4,4,2,5,3,2,3,4,13,8,100706,FALSE,-5.48250282872535,-5,-1.79175946922805,2.63905732961526
"satisfied","Loyal Customer",36,"Business travel","Eco",2627,4,4,4,4,4,4,4,4,2,3,2,3,2,4,0,0,100911,FALSE,-0.757464267002904,0,0,0
"dissatisfied","Loyal Customer",36,"Business travel","Eco",1970,4,3,3,3,4,4,4,2,4,3,4,4,3,4,169,155,100931,FALSE,-11.1829655693947,-14,-2.70805020110221,5.13579843705026
"satisfied","Loyal Customer",36,"Business travel","Eco",1227,4,4,4,4,4,4,4,4,3,2,1,1,2,4,0,0,100942,FALSE,-0.757464267002904,0,0,0
"satisfied","Loyal Customer",39,"Business travel","Business",2386,5,5,3,5,3,3,3,4,4,4,4,1,4,5,0,0,100971,FALSE,-0.757464267002904,0,0,0
"satisfied","Loyal Customer",52,"Business travel","Business",2101,4,4,4,4,2,1,5,4,4,4,4,4,4,2,28,20,101065,FALSE,-8.16523963071279,-8,-2.19722457733622,3.36729582998647
"dissatisfied","Loyal Customer",38,"Business travel","Business",1610,4,1,1,1,2,4,4,4,4,4,4,3,4,4,17,12,101212,FALSE,-5.39789930925533,-5,-1.79175946922805,2.89037175789616
"satisfied","Loyal Customer",32,"Business travel","Eco",2073,4,4,4,4,4,4,4,4,3,4,3,4,4,4,0,0,101365,FALSE,-0.757464267002904,0,0,0
"satisfied","Loyal Customer",50,"Business travel","Business",3865,2,2,2,2,5,5,4,4,4,4,4,3,4,4,0,0,101424,FALSE,-0.757464267002904,0,0,0
"satisfied","Loyal Customer",52,"Business travel","Business",1820,3,3,3,3,2,2,5,4,4,4,4,3,4,4,0,0,101549,FALSE,-0.757464267002904,0,0,0
"satisfied","Loyal Customer",52,"Business travel","Business",3574,4,4,4,4,4,4,5,4,4,4,4,5,4,4,25,18,101597,FALSE,-7.2286922703153,-7,-2.07944154167984,3.25809653802148
"satisfied","Loyal Customer",44,"Business travel","Business",294,3,3,3,3,5,5,5,4,4,4,4,4,4,5,23,20,101670,FALSE,-3.27099403005031,-3,-1.38629436111989,3.17805383034795
"satisfied","Loyal Customer",55,"Business travel","Business",256,4,4,4,4,3,4,4,4,4,4,4,3,4,4,7,1,101889,FALSE,-6.60940810793038,-6,-1.94591014905531,2.07944154167984
"satisfied","Loyal Customer",41,"Business travel","Business",242,2,2,2,2,2,5,5,4,4,4,4,3,4,5,0,2,101940,FALSE,1.2425357329971,2,1.09861228866811,0
"satisfied","Loyal Customer",50,"Business travel","Business",2904,3,3,5,3,3,5,5,4,4,4,4,4,4,4,88,79,101992,FALSE,-7.89618683866254,-9,-2.30258509299405,4.48863636973214
"dissatisfied","Loyal Customer",72,"Business travel","Eco",391,4,3,3,3,1,3,3,4,4,4,4,4,4,4,0,0,102147,FALSE,-0.757464267002904,0,0,0
"satisfied","Loyal Customer",36,"Business travel","Business",2349,3,3,3,3,2,5,4,4,4,4,4,5,4,4,0,0,102295,FALSE,-0.757464267002904,0,0,0
"satisfied","Loyal Customer",44,"Business travel","Business",1818,5,5,5,5,3,5,4,4,4,4,4,3,4,5,0,0,102468,FALSE,-0.757464267002904,0,0,0
"satisfied","Loyal Customer",41,"Business travel","Business",1589,4,4,4,4,5,5,5,4,4,4,4,3,4,5,3,1,102606,FALSE,-2.69401162740039,-2,-1.09861228866811,1.38629436111989
"satisfied","Loyal Customer",60,"Business travel","Business",1601,2,2,2,2,4,5,5,4,4,4,4,4,4,4,1,0,102851,FALSE,-1.7363133871354,-1,-0.693147180559945,0.693147180559945
"satisfied","Loyal Customer",29,"Business travel","Business",4547,3,4,3,3,4,4,4,4,5,2,2,1,3,4,0,0,103078,FALSE,-0.757464267002904,0,0,0
"satisfied","Loyal Customer",26,"Business travel","Business",2535,3,3,2,3,4,4,4,4,3,3,5,4,5,4,8,12,103209,FALSE,3.41174277193713,4,1.6094379124341,2.19722457733622
"satisfied","Loyal Customer",44,"Business travel","Business",2012,5,5,5,5,3,4,4,4,4,4,4,5,4,4,2,3,103232,FALSE,0.284837492732106,1,0.693147180559945,1.09861228866811
"satisfied","Loyal Customer",21,"Business travel","Business",3716,5,5,5,5,4,4,4,4,3,2,4,3,4,4,0,0,103296,FALSE,-0.757464267002904,0,0,0
"satisfied","Loyal Customer",59,"Business travel","Business",2697,2,2,2,2,3,5,5,4,4,4,4,3,4,5,0,0,103435,FALSE,-0.757464267002904,0,0,0
"satisfied","Loyal Customer",35,"Business travel","Business",3568,4,4,4,4,4,4,4,4,4,4,4,3,4,5,0,0,103567,FALSE,-0.757464267002904,0,0,0
"satisfied","Loyal Customer",42,"Business travel","Business",1981,2,2,2,2,4,4,4,4,4,4,4,3,4,4,0,0,103597,FALSE,-0.757464267002904,0,0,0
"satisfied","Loyal Customer",57,"Business travel","Business",884,1,1,1,1,4,5,4,4,4,4,4,5,4,3,0,0,103695,FALSE,-0.757464267002904,0,0,0
"dissatisfied","Loyal Customer",64,"Business travel","Business",745,4,4,4,4,2,4,3,4,4,4,4,1,4,4,3,6,104044,FALSE,2.30598837259961,3,1.38629436111989,1.38629436111989
"satisfied","Loyal Customer",46,"Business travel","Eco",289,4,4,4,4,5,1,2,4,4,4,4,1,4,1,39,37,104083,FALSE,-1.93257995217025,-2,-1.09861228866811,3.68887945411394
"satisfied","Loyal Customer",57,"Business travel","Business",2761,1,1,1,1,4,4,5,4,4,4,4,4,4,3,8,9,104141,FALSE,0.411742771937129,1,0.693147180559945,2.19722457733622
"satisfied","Loyal Customer",30,"Business travel","Business",5970,3,3,3,3,4,4,4,4,4,4,1,2,1,4,0,0,104164,FALSE,-0.757464267002904,0,0,0
"satisfied","Loyal Customer",51,"Business travel","Business",723,1,1,1,1,4,5,4,4,4,4,4,4,4,5,0,0,104187,FALSE,-0.757464267002904,0,0,0
"satisfied","Loyal Customer",45,"Business travel","Eco",484,4,3,3,3,3,1,4,4,4,4,4,3,4,2,0,3,104238,FALSE,2.2425357329971,3,1.38629436111989,0
"satisfied","Loyal Customer",43,"Business travel","Business",3714,2,2,2,2,5,4,4,4,4,4,4,3,4,3,12,28,104256,FALSE,15.4963462914071,16,2.83321334405622,2.56494935746154
"satisfied","Loyal Customer",35,"Business travel","Business",2718,2,2,2,2,5,2,3,4,4,4,4,2,4,5,7,2,104646,FALSE,-5.60940810793038,-5,-1.79175946922805,2.07944154167984
"satisfied","Loyal Customer",56,"Business travel","Business",606,2,2,2,2,4,5,4,4,4,4,4,5,4,4,0,0,104715,FALSE,-0.757464267002904,0,0,0
"satisfied","Loyal Customer",50,"Business travel","Business",3012,3,3,3,3,5,4,4,4,4,4,4,5,4,4,76,79,104762,FALSE,3.85000260292741,3,1.38629436111989,4.34380542185368
"satisfied","Loyal Customer",49,"Business travel","Business",2487,5,5,5,5,3,5,1,4,4,4,4,1,4,2,0,0,104919,FALSE,-0.757464267002904,0,0,0
"dissatisfied","Loyal Customer",40,"Business travel","Eco",1655,4,5,5,5,4,4,4,4,3,4,4,1,4,4,4,5,105236,FALSE,0.327139252467113,1,0.693147180559945,1.6094379124341
"satisfied","Loyal Customer",39,"Business travel","Business",3622,4,4,4,4,5,5,5,4,4,4,4,4,4,3,24,17,105284,FALSE,-7.24984315018281,-7,-2.07944154167984,3.2188758248682
"dissatisfied","Loyal Customer",36,"Business travel","Eco",1806,4,5,5,5,4,4,4,4,2,3,3,1,3,4,0,0,105670,FALSE,-0.757464267002904,0,0,0
"satisfied","Loyal Customer",47,"Business travel","Business",402,2,2,5,2,2,5,4,4,4,4,4,5,4,4,38,33,105707,FALSE,-4.95373083203775,-5,-1.79175946922805,3.66356164612965
"satisfied","Loyal Customer",33,"Business travel","Business",4655,2,2,5,2,4,4,4,4,4,4,5,4,1,4,88,83,105714,FALSE,-3.89618683866254,-5,-1.79175946922805,4.48863636973214
"dissatisfied","Loyal Customer",24,"Business travel","Business",1942,4,1,1,1,4,4,4,4,3,5,3,1,3,4,0,0,105904,FALSE,-0.757464267002904,0,0,0
"satisfied","Loyal Customer",41,"Business travel","Business",1815,3,3,3,3,3,4,4,4,4,4,4,5,4,5,7,1,106016,FALSE,-6.60940810793038,-6,-1.94591014905531,2.07944154167984
"dissatisfied","Loyal Customer",43,"Business travel","Business",3954,4,2,2,2,2,3,4,4,4,4,4,3,4,3,0,0,106424,FALSE,-0.757464267002904,0,0,0
"satisfied","Loyal Customer",58,"Business travel","Business",1893,4,4,4,4,3,5,4,4,4,4,4,4,4,4,0,0,106433,FALSE,-0.757464267002904,0,0,0
"dissatisfied","Loyal Customer",74,"Business travel","Business",82,4,4,4,4,5,4,4,4,4,4,4,2,4,2,31,34,106640,FALSE,2.89821300888972,3,1.38629436111989,3.46573590279973
"satisfied","Loyal Customer",46,"Business travel","Business",1751,2,2,2,2,4,5,5,4,4,4,4,3,4,5,0,0,106817,FALSE,-0.757464267002904,0,0,0
"satisfied","Loyal Customer",56,"Business travel","Business",1163,3,3,3,3,4,5,5,4,4,4,4,5,4,4,0,0,107031,FALSE,-0.757464267002904,0,0,0
"satisfied","Loyal Customer",55,"Business travel","Business",1089,1,1,1,1,2,4,5,4,4,4,4,4,4,5,9,1,107095,FALSE,-8.56710634819537,-8,-2.19722457733622,2.30258509299405
"satisfied","Loyal Customer",40,"Business travel","Business",1624,1,1,1,1,3,4,4,4,4,4,4,3,4,3,0,0,107487,FALSE,-0.757464267002904,0,0,0
"satisfied","Loyal Customer",45,"Business travel","Eco",3417,4,5,5,5,4,4,4,4,2,4,4,2,4,4,0,0,107561,FALSE,-0.757464267002904,0,0,0
"satisfied","Loyal Customer",56,"Business travel","Business",3248,3,3,3,3,2,4,5,4,4,4,4,4,4,5,0,0,107629,FALSE,-0.757464267002904,0,0,0
"satisfied","Loyal Customer",51,"Business travel","Business",552,4,4,4,4,5,5,4,4,4,4,4,3,4,4,0,0,107706,FALSE,-0.757464267002904,0,0,0
"satisfied","Loyal Customer",56,"Business travel","Business",2147,2,2,2,2,2,5,4,4,4,4,4,4,4,3,0,0,107780,FALSE,-0.757464267002904,0,0,0
"satisfied","Loyal Customer",44,"Business travel","Business",1651,3,3,3,3,4,4,5,4,4,4,4,5,4,5,68,80,107794,FALSE,12.6807955639874,12,2.56494935746154,4.23410650459726
"satisfied","Loyal Customer",54,"Business travel","Business",3543,3,3,3,3,2,4,5,4,4,4,4,4,4,5,0,0,107925,FALSE,-0.757464267002904,0,0,0
"satisfied","Loyal Customer",45,"Business travel","Business",2201,5,5,5,5,3,1,5,4,4,4,4,4,4,3,0,3,108005,FALSE,2.2425357329971,3,1.38629436111989,0
"satisfied","Loyal Customer",36,"Business travel","Eco",1119,4,1,1,1,4,4,4,4,2,4,3,3,2,4,0,0,108124,FALSE,-0.757464267002904,0,0,0
"satisfied","Loyal Customer",37,"Business travel","Business",393,4,4,4,4,3,3,5,4,4,4,4,5,4,1,0,0,108135,FALSE,-0.757464267002904,0,0,0
"satisfied","Loyal Customer",41,"Business travel","Business",401,4,4,4,4,5,4,4,4,4,4,4,3,4,4,6,0,108162,FALSE,-6.63055898779788,-6,-1.94591014905531,1.94591014905531
"satisfied","Loyal Customer",40,"Business travel","Business",1830,3,4,3,3,3,5,5,4,4,4,4,5,4,3,5,0,108399,FALSE,-5.65170986766538,-5,-1.79175946922805,1.79175946922805
"satisfied","Loyal Customer",60,"Business travel","Business",3760,4,4,4,4,2,4,5,4,4,4,4,5,4,5,36,24,108432,FALSE,-11.9960325917728,-12,-2.56494935746154,3.61091791264422
"satisfied","Loyal Customer",25,"Business travel","Eco",1958,3,3,3,3,3,4,5,3,1,1,1,1,2,3,0,11,108602,FALSE,10.2425357329971,11,2.484906649788,0
"satisfied","Loyal Customer",53,"Business travel","Business",1600,5,5,5,5,5,5,5,4,4,4,5,5,4,1,0,0,108674,FALSE,-0.757464267002904,0,0,0
"satisfied","Loyal Customer",25,"Business travel","Eco Plus",2081,4,2,2,2,4,4,5,4,2,4,3,5,3,4,0,0,108763,FALSE,-0.757464267002904,0,0,0
"satisfied","Loyal Customer",27,"Business travel","Business",1319,4,4,4,4,4,4,5,4,4,4,4,3,4,4,0,0,109025,FALSE,-0.757464267002904,0,0,0
"satisfied","Loyal Customer",52,"Business travel","Business",243,4,4,4,4,5,4,4,4,4,4,5,5,4,4,19,3,109043,FALSE,-16.3555975495203,-16,-2.83321334405622,2.99573227355399
"satisfied","Loyal Customer",59,"Business travel","Business",248,2,2,2,2,3,5,4,4,4,4,5,4,4,4,0,0,109052,FALSE,-0.757464267002904,0,0,0
"satisfied","Loyal Customer",40,"Business travel","Business",4401,2,2,2,2,4,5,5,5,3,4,4,5,3,5,109,164,109500,FALSE,56.5479816385551,55,4.02535169073515,4.70048036579242
"satisfied","Loyal Customer",60,"Business travel","Business",2642,1,1,1,1,5,5,5,5,5,4,5,5,5,3,9,0,109534,FALSE,-9.56710634819537,-9,-2.30258509299405,2.30258509299405
"satisfied","Loyal Customer",34,"Business travel","Business",3031,3,3,5,3,5,5,4,5,5,4,5,2,5,5,9,4,109683,FALSE,-5.56710634819537,-5,-1.79175946922805,2.30258509299405
"satisfied","Loyal Customer",37,"Business travel","Business",1176,1,1,1,1,2,4,4,5,5,4,5,5,5,5,6,16,109976,FALSE,9.36944101220212,10,2.39789527279837,1.94591014905531
"satisfied","Loyal Customer",24,"Business travel","Eco Plus",2075,5,3,3,3,5,4,5,5,2,4,1,1,4,5,11,1,110310,FALSE,-10.5248045884604,-10,-2.39789527279837,2.484906649788
"satisfied","Loyal Customer",51,"Business travel","Business",772,2,2,2,2,4,5,5,5,5,4,5,5,5,3,0,0,110434,FALSE,-0.757464267002904,0,0,0
"satisfied","Loyal Customer",23,"Business travel","Business",1799,3,3,3,3,5,4,5,5,4,4,4,4,3,5,6,2,110717,FALSE,-4.63055898779788,-4,-1.6094379124341,1.94591014905531
"satisfied","Loyal Customer",36,"Business travel","Business",1914,1,1,1,1,2,3,5,5,5,5,3,1,5,5,0,0,110905,FALSE,-0.757464267002904,0,0,0
"satisfied","Loyal Customer",42,"Business travel","Business",1660,5,2,5,5,3,2,5,5,5,5,3,5,5,3,38,56,110985,FALSE,18.0462691679623,18,2.94443897916644,3.66356164612965
"satisfied","Loyal Customer",50,"Business travel","Business",115,3,3,3,3,4,2,2,5,5,5,3,4,5,4,0,4,111037,FALSE,3.2425357329971,4,1.6094379124341,0
"satisfied","Loyal Customer",49,"Business travel","Business",224,1,1,1,1,3,1,5,5,5,5,3,5,5,4,11,0,111072,FALSE,-11.5248045884604,-11,-2.484906649788,2.484906649788
"satisfied","Loyal Customer",57,"Business travel","Business",2051,5,5,3,5,4,5,2,5,5,5,3,5,5,3,0,0,111114,FALSE,-0.757464267002904,0,0,0
"satisfied","Loyal Customer",55,"Business travel","Eco",67,5,3,5,3,1,1,3,4,4,5,4,1,4,5,45,41,111199,FALSE,-3.80567467296522,-4,-1.6094379124341,3.8286413964891
"satisfied","Loyal Customer",50,"Business travel","Eco Plus",1408,5,1,3,1,4,5,4,4,2,5,3,2,3,4,0,0,111258,FALSE,-0.757464267002904,0,0,0
"satisfied","Loyal Customer",60,"Business travel","Eco",492,5,3,3,3,2,5,3,4,4,5,4,4,4,3,2,3,111456,FALSE,0.284837492732106,1,0.693147180559945,1.09861228866811
"satisfied","Loyal Customer",52,"Business travel","Eco Plus",809,5,1,1,1,1,2,4,4,4,5,4,2,4,3,24,17,111526,FALSE,-7.24984315018281,-7,-2.07944154167984,3.2188758248682
"satisfied","Loyal Customer",57,"Business travel","Business",584,2,2,2,2,3,5,2,4,4,5,4,5,4,3,0,0,111642,FALSE,-0.757464267002904,0,0,0
"satisfied","Loyal Customer",59,"Business travel","Business",2187,3,3,3,3,3,3,5,4,4,5,4,5,4,5,0,0,111774,FALSE,-0.757464267002904,0,0,0
"satisfied","Loyal Customer",49,"Business travel","Business",2567,3,3,3,3,4,5,5,4,4,5,4,3,4,5,0,1,111898,FALSE,0.242535732997096,1,0.693147180559945,0
"satisfied","Loyal Customer",42,"Business travel","Business",1010,2,2,2,2,3,5,5,4,4,5,4,3,4,3,4,0,111913,FALSE,-4.67286074753289,-4,-1.6094379124341,1.6094379124341
"satisfied","Loyal Customer",30,"Business travel","Business",1714,5,5,5,5,4,5,4,4,2,4,1,4,1,4,32,30,112044,FALSE,-2.08063611124277,-2,-1.09861228866811,3.49650756146648
"satisfied","Loyal Customer",56,"Business travel","Business",445,5,5,5,5,2,4,4,4,4,5,4,4,4,3,0,0,112461,FALSE,-0.757464267002904,0,0,0
"satisfied","Loyal Customer",42,"Business travel","Business",2739,4,4,4,4,5,4,4,2,4,3,5,4,1,4,0,0,112530,FALSE,-0.757464267002904,0,0,0
"satisfied","Loyal Customer",46,"Business travel","Business",446,3,3,3,3,4,5,4,4,4,5,4,5,4,4,7,0,112663,FALSE,-7.60940810793038,-7,-2.07944154167984,2.07944154167984
"satisfied","Loyal Customer",43,"Business travel","Business",1990,2,2,2,2,2,5,5,4,4,5,4,3,4,4,2,0,112695,FALSE,-2.71516250726789,-2,-1.09861228866811,1.09861228866811
"satisfied","Loyal Customer",42,"Business travel","Business",1985,4,4,4,4,4,4,5,5,5,5,4,3,5,5,0,5,112892,FALSE,4.2425357329971,5,1.79175946922805,0
"satisfied","Loyal Customer",44,"Business travel","Business",206,4,4,4,4,3,4,4,5,5,5,4,3,5,4,33,40,112941,FALSE,6.94051476862473,7,2.07944154167984,3.52636052461616
"satisfied","Loyal Customer",40,"Business travel","Business",77,3,3,3,3,5,4,4,5,5,5,4,5,5,5,31,36,113070,FALSE,4.89821300888972,5,1.79175946922805,3.46573590279973
"satisfied","Loyal Customer",62,"Business travel","Business",2303,2,2,4,2,3,1,2,5,5,5,4,2,5,2,0,0,113141,FALSE,-0.757464267002904,0,0,0
"satisfied","Loyal Customer",60,"Business travel","Business",3233,4,4,4,4,5,4,4,5,5,5,4,4,5,4,1,12,113158,FALSE,10.2636866128646,11,2.484906649788,0.693147180559945
"satisfied","Loyal Customer",54,"Business travel","Business",59,3,3,3,3,2,4,4,5,5,5,4,4,5,4,0,2,113229,FALSE,1.2425357329971,2,1.09861228866811,0
"satisfied","Loyal Customer",30,"Business travel","Business",1869,5,5,4,5,5,5,4,5,4,1,3,3,3,5,0,0,113307,FALSE,-0.757464267002904,0,0,0
"satisfied","Loyal Customer",24,"Business travel","Eco",1798,5,4,2,2,5,5,4,5,4,5,5,2,2,5,0,0,113330,FALSE,-0.757464267002904,0,0,0
"satisfied","Loyal Customer",53,"Business travel","Business",2669,2,2,2,2,5,4,5,5,5,5,4,4,5,3,1,2,113337,FALSE,0.2636866128646,1,0.693147180559945,0.693147180559945
"satisfied","Loyal Customer",53,"Business travel","Business",2594,4,4,4,4,5,5,5,3,4,5,4,5,3,5,12,34,113476,FALSE,21.4963462914071,22,3.13549421592915,2.56494935746154
"satisfied","Loyal Customer",57,"Business travel","Eco Plus",1743,5,3,2,3,5,5,5,5,1,1,4,5,5,5,0,15,113849,FALSE,14.2425357329971,15,2.77258872223978,0
"satisfied","Loyal Customer",51,"Business travel","Business",2399,5,5,2,5,2,4,5,5,5,5,5,3,5,5,16,17,114312,FALSE,0.580949810877162,1,0.693147180559945,2.83321334405622
"satisfied","Loyal Customer",23,"Business travel","Business",4848,3,3,2,3,5,5,5,5,4,4,5,5,4,5,0,0,114320,FALSE,-0.757464267002904,0,0,0
"satisfied","Loyal Customer",29,"Business travel","Business",5245,5,5,5,5,5,5,5,5,1,2,4,3,2,5,23,25,114641,FALSE,1.72900596994969,2,1.09861228866811,3.17805383034795
"satisfied","Loyal Customer",35,"Business travel","Business",3856,4,4,2,4,3,5,3,5,5,5,5,2,5,1,13,5,114697,FALSE,-8.48250282872535,-8,-2.19722457733622,2.63905732961526
"satisfied","Loyal Customer",48,"Business travel","Business",3199,1,1,1,1,5,5,1,5,5,5,5,2,5,4,13,5,114729,FALSE,-8.48250282872535,-8,-2.19722457733622,2.63905732961526
"satisfied","Loyal Customer",47,"Business travel","Eco",440,5,2,5,5,1,1,5,5,5,5,5,1,5,5,0,0,114775,FALSE,-0.757464267002904,0,0,0
"satisfied","Loyal Customer",53,"Business travel","Business",794,4,4,4,4,5,5,5,5,5,5,5,5,5,3,0,0,114843,FALSE,-0.757464267002904,0,0,0
"satisfied","Loyal Customer",16,"Business travel","Business",1789,4,4,4,4,5,5,5,5,1,2,1,1,3,5,0,0,115064,FALSE,-0.757464267002904,0,0,0
"satisfied","Loyal Customer",55,"Business travel","Business",3661,2,2,2,2,4,5,4,5,5,5,5,3,5,5,0,0,115076,FALSE,-0.757464267002904,0,0,0
"satisfied","Loyal Customer",40,"Business travel","Business",2835,4,4,4,4,2,4,5,5,5,5,5,3,5,4,6,6,115106,FALSE,-0.630558987797879,0,0,1.94591014905531
"satisfied","Loyal Customer",23,"Business travel","Business",5262,4,4,4,4,5,5,5,5,1,4,3,4,5,5,7,0,115124,FALSE,-7.60940810793038,-7,-2.07944154167984,2.07944154167984
"satisfied","Loyal Customer",37,"Business travel","Business",644,2,2,1,2,2,5,5,5,5,5,5,3,5,3,0,0,115177,FALSE,-0.757464267002904,0,0,0
"satisfied","Loyal Customer",23,"Business travel","Business",3281,2,2,2,2,5,5,5,5,5,4,4,3,4,5,0,0,115201,FALSE,-0.757464267002904,0,0,0
"satisfied","Loyal Customer",58,"Business travel","Business",576,2,2,2,2,4,5,4,5,5,5,5,3,5,5,0,0,115329,FALSE,-0.757464267002904,0,0,0
"satisfied","Loyal Customer",34,"Business travel","Business",554,4,4,2,4,3,4,4,5,5,5,5,4,5,4,0,0,115430,FALSE,-0.757464267002904,0,0,0
"satisfied","Loyal Customer",51,"Business travel","Business",3706,2,2,2,2,2,4,4,5,5,5,5,4,5,4,1,0,115450,FALSE,-1.7363133871354,-1,-0.693147180559945,0.693147180559945
"satisfied","Loyal Customer",32,"Business travel","Business",1922,1,1,1,1,5,5,5,5,3,2,5,5,2,5,55,41,115467,FALSE,-13.5941658742902,-14,-2.70805020110221,4.02535169073515
"satisfied","Loyal Customer",23,"Business travel","Business",1833,4,4,4,4,5,5,5,5,3,5,4,5,4,5,0,0,115504,FALSE,-0.757464267002904,0,0,0
"satisfied","Loyal Customer",30,"Business travel","Business",3463,2,2,2,2,5,5,5,5,5,1,1,4,2,5,0,0,115571,FALSE,-0.757464267002904,0,0,0
"satisfied","Loyal Customer",49,"Business travel","Business",1969,4,4,4,4,4,5,5,5,5,5,5,4,5,5,0,0,115629,FALSE,-0.757464267002904,0,0,0
"satisfied","Loyal Customer",51,"Business travel","Business",434,4,4,4,4,4,4,5,5,5,5,5,3,5,4,0,10,115673,FALSE,9.2425357329971,10,2.39789527279837,0
"satisfied","Loyal Customer",33,"Business travel","Business",1474,4,4,4,4,5,5,5,5,1,1,2,2,5,5,1,5,115763,FALSE,3.2636866128646,4,1.6094379124341,0.693147180559945
"satisfied","Loyal Customer",37,"Business travel","Eco",2047,5,4,4,4,5,5,5,5,5,5,4,2,5,5,0,8,115807,FALSE,7.2425357329971,8,2.19722457733622,0
"satisfied","Loyal Customer",45,"Business travel","Business",4004,1,1,2,1,3,3,2,5,5,5,5,5,5,2,0,0,115814,FALSE,-0.757464267002904,0,0,0
"satisfied","Loyal Customer",36,"Business travel","Eco Plus",1645,5,2,2,2,5,5,5,5,1,4,3,2,4,5,3,5,115878,FALSE,1.30598837259961,2,1.09861228866811,1.38629436111989
"satisfied","Loyal Customer",56,"Business travel","Business",408,5,5,3,5,4,5,5,5,5,5,5,5,5,5,25,26,115944,FALSE,0.771307729684699,1,0.693147180559945,3.25809653802148
"satisfied","Loyal Customer",44,"Business travel","Business",2461,3,3,3,3,4,5,5,5,5,5,5,3,5,4,10,0,115991,FALSE,-10.5459554683279,-10,-2.39789527279837,2.39789527279837
"satisfied","Loyal Customer",46,"Business travel","Business",353,4,4,4,4,4,4,5,5,5,5,5,3,5,3,0,0,116014,FALSE,-0.757464267002904,0,0,0
"satisfied","Loyal Customer",34,"Business travel","Eco Plus",2312,5,2,2,2,5,5,5,5,2,5,3,3,5,5,89,73,116028,FALSE,-14.875035958795,-16,-2.83321334405622,4.49980967033027
"satisfied","Loyal Customer",42,"Business travel","Business",330,3,3,3,3,2,4,5,5,5,5,5,3,5,4,1,0,116143,FALSE,-1.7363133871354,-1,-0.693147180559945,0.693147180559945
"satisfied","Loyal Customer",31,"Business travel","Eco Plus",2498,5,4,4,4,5,5,5,5,5,4,4,5,2,5,0,0,116229,FALSE,-0.757464267002904,0,0,0
"satisfied","Loyal Customer",31,"Business travel","Eco",2051,5,1,1,1,5,5,5,5,1,5,1,3,2,5,0,0,116236,FALSE,-0.757464267002904,0,0,0
"satisfied","Loyal Customer",30,"Business travel","Eco Plus",1931,3,1,1,1,5,5,5,5,4,2,5,1,5,5,85,74,116288,FALSE,-9.95963947826506,-11,-2.484906649788,4.45434729625351
"satisfied","Loyal Customer",43,"Business travel","Business",259,3,3,3,3,5,4,4,5,5,5,5,3,5,5,0,0,116424,FALSE,-0.757464267002904,0,0,0
"satisfied","Loyal Customer",54,"Business travel","Business",3357,5,5,5,5,4,5,5,5,5,5,5,4,5,5,0,0,116643,FALSE,-0.757464267002904,0,0,0
"satisfied","Loyal Customer",50,"Business travel","Business",3725,3,3,3,3,5,5,5,3,2,5,5,5,3,5,3,0,116668,FALSE,-3.69401162740039,-3,-1.38629436111989,1.38629436111989
"satisfied","Loyal Customer",69,"Business travel","Eco",1774,5,5,5,5,5,5,5,5,3,2,5,2,4,5,0,0,116704,FALSE,-0.757464267002904,0,0,0
"satisfied","Loyal Customer",65,"Business travel","Eco Plus",1099,5,1,1,1,5,5,5,4,4,2,1,5,2,5,0,0,116749,FALSE,-0.757464267002904,0,0,0
"satisfied","Loyal Customer",31,"Business travel","Business",3346,2,2,2,2,5,5,5,5,4,2,4,4,5,5,0,0,116803,FALSE,-0.757464267002904,0,0,0
"satisfied","Loyal Customer",21,"Business travel","Business",3003,5,2,5,5,5,5,5,5,5,3,3,3,5,5,79,67,116890,FALSE,-11.0865447574701,-12,-2.56494935746154,4.38202663467388
"satisfied","Loyal Customer",56,"Business travel","Eco Plus",1132,5,5,5,5,5,5,5,5,4,2,4,3,5,5,0,5,117128,FALSE,4.2425357329971,5,1.79175946922805,0
"satisfied","Loyal Customer",29,"Business travel","Business",3150,1,1,1,1,5,5,5,5,4,3,4,4,5,5,0,0,117316,FALSE,-0.757464267002904,0,0,0
"satisfied","Loyal Customer",43,"Business travel","Business",3674,2,2,2,2,3,5,5,5,5,5,5,3,5,3,0,0,117608,FALSE,-0.757464267002904,0,0,0
"satisfied","Loyal Customer",42,"Business travel","Business",1561,1,1,1,1,3,4,5,5,5,5,5,5,5,4,0,0,117609,FALSE,-0.757464267002904,0,0,0
"satisfied","Loyal Customer",52,"Business travel","Business",944,1,1,1,1,5,4,5,5,5,5,5,3,5,5,12,10,117742,FALSE,-2.50365370859285,-2,-1.09861228866811,2.56494935746154
"satisfied","Loyal Customer",49,"Business travel","Eco",274,5,1,1,1,1,4,4,5,5,5,5,2,5,4,0,0,117774,FALSE,-0.757464267002904,0,0,0
"satisfied","Loyal Customer",35,"Business travel","Business",3173,1,1,1,1,5,5,4,5,5,5,5,3,5,4,0,0,117888,FALSE,-0.757464267002904,0,0,0
"satisfied","Loyal Customer",57,"Business travel","Business",2766,2,2,2,2,3,5,5,5,5,5,5,4,5,4,2,0,117968,FALSE,-2.71516250726789,-2,-1.09861228866811,1.09861228866811
"satisfied","Loyal Customer",40,"Business travel","Business",3320,5,5,5,5,5,5,4,5,5,5,5,4,5,3,0,0,118093,FALSE,-0.757464267002904,0,0,0
"satisfied","Loyal Customer",31,"Business travel","Business",3909,2,2,2,2,5,5,5,5,2,5,4,4,1,5,0,0,118289,FALSE,-0.757464267002904,0,0,0
"satisfied","Loyal Customer",34,"Business travel","Business",621,2,2,2,2,2,4,5,5,5,5,5,4,5,3,0,0,118326,FALSE,-0.757464267002904,0,0,0
"satisfied","Loyal Customer",42,"Business travel","Business",1933,3,3,3,3,5,4,5,5,5,5,5,4,5,3,0,0,118406,FALSE,-0.757464267002904,0,0,0
"satisfied","Loyal Customer",42,"Business travel","Eco Plus",633,5,3,3,3,3,4,2,5,5,5,5,4,5,1,0,0,118498,FALSE,-0.757464267002904,0,0,0
"satisfied","Loyal Customer",22,"Business travel","Business",5245,5,5,5,5,5,5,5,5,5,4,4,4,4,5,5,0,118513,FALSE,-5.65170986766538,-5,-1.79175946922805,1.79175946922805
"satisfied","Loyal Customer",46,"Business travel","Business",3855,2,2,2,2,2,4,4,5,5,5,5,4,5,5,0,0,118525,FALSE,-0.757464267002904,0,0,0
"satisfied","Loyal Customer",44,"Business travel","Business",2023,1,1,1,1,5,5,5,5,5,5,5,4,5,5,0,0,118664,FALSE,-0.757464267002904,0,0,0
"satisfied","Loyal Customer",44,"Business travel","Business",525,4,4,4,4,4,5,5,5,5,5,5,5,5,4,22,41,118665,FALSE,18.7078550900822,19,2.99573227355399,3.13549421592915
"satisfied","Loyal Customer",39,"Business travel","Business",544,5,5,5,5,5,5,4,5,5,5,5,3,5,3,11,1,118666,FALSE,-10.5248045884604,-10,-2.39789527279837,2.484906649788
"satisfied","Loyal Customer",52,"Business travel","Business",545,1,1,1,1,2,4,4,5,5,5,5,5,5,5,0,1,118684,FALSE,0.242535732997096,1,0.693147180559945,0
"satisfied","Loyal Customer",45,"Business travel","Business",497,4,4,4,4,4,5,2,5,5,5,5,3,5,2,0,0,118737,FALSE,-0.757464267002904,0,0,0
"satisfied","Loyal Customer",31,"Business travel","Business",1882,2,2,2,2,5,5,5,5,4,2,5,3,5,5,0,14,118746,FALSE,13.2425357329971,14,2.70805020110221,0
"satisfied","Loyal Customer",54,"Business travel","Business",2786,4,4,5,4,4,5,5,5,5,5,5,5,5,3,0,4,118786,FALSE,3.2425357329971,4,1.6094379124341,0
"satisfied","Loyal Customer",61,"Business travel","Business",461,4,4,4,4,2,4,4,5,5,5,5,5,5,4,0,3,118804,FALSE,2.2425357329971,3,1.38629436111989,0
"satisfied","Loyal Customer",41,"Business travel","Business",3274,5,5,3,5,5,4,4,5,5,5,5,2,5,5,0,0,118865,FALSE,-0.757464267002904,0,0,0
"satisfied","Loyal Customer",49,"Business travel","Business",3233,1,1,1,1,2,5,5,5,5,5,5,5,5,3,0,0,119007,FALSE,-0.757464267002904,0,0,0
"satisfied","Loyal Customer",37,"Business travel","Eco",1190,5,2,2,2,5,5,5,5,1,2,2,5,3,5,3,2,119037,FALSE,-1.69401162740039,-1,-0.693147180559945,1.38629436111989
"satisfied","Loyal Customer",52,"Business travel","Business",2583,5,2,5,5,2,4,5,5,5,5,5,3,5,4,4,0,119132,FALSE,-4.67286074753289,-4,-1.6094379124341,1.6094379124341
"satisfied","Loyal Customer",37,"Business travel","Business",1989,5,5,5,5,3,4,4,5,5,5,5,5,5,5,0,0,119249,FALSE,-0.757464267002904,0,0,0
"satisfied","Loyal Customer",52,"Business travel","Business",4519,1,1,1,1,5,5,5,4,5,5,4,5,3,5,150,155,119301,FALSE,7.41516771312271,5,1.79175946922805,5.01727983681492
"satisfied","Loyal Customer",36,"Business travel","Business",3931,3,5,3,3,1,2,2,5,5,5,5,4,5,4,0,0,119364,FALSE,-0.757464267002904,0,0,0
"satisfied","Loyal Customer",61,"Business travel","Business",1705,4,4,4,4,5,4,5,5,5,5,5,3,5,3,0,0,119374,FALSE,-0.757464267002904,0,0,0
"satisfied","Loyal Customer",55,"Business travel","Business",337,1,1,1,1,5,4,5,5,5,5,5,3,5,4,16,6,119428,FALSE,-10.4190501891228,-10,-2.39789527279837,2.83321334405622
"satisfied","Loyal Customer",28,"Business travel","Eco",1979,5,2,2,2,5,5,5,5,5,2,4,2,1,5,49,59,119606,FALSE,10.2789288465048,10,2.39789527279837,3.91202300542815
"satisfied","Loyal Customer",27,"Business travel","Eco",2975,5,5,5,5,5,5,5,5,4,4,3,5,5,5,55,48,119654,FALSE,-6.59416587429018,-7,-2.07944154167984,4.02535169073515
"satisfied","Loyal Customer",20,"Business travel","Eco Plus",1414,5,3,3,3,5,5,5,5,1,1,1,3,1,5,0,0,119826,FALSE,-0.757464267002904,0,0,0
"satisfied","Loyal Customer",41,"Business travel","Business",2590,5,5,5,5,5,5,5,5,2,4,5,5,3,5,14,38,119957,FALSE,23.5386480511422,24,3.2188758248682,2.70805020110221
"satisfied","Loyal Customer",55,"Business travel","Business",2329,2,2,2,2,5,5,4,5,5,5,5,5,5,3,0,0,120084,FALSE,-0.757464267002904,0,0,0
"satisfied","Loyal Customer",43,"Business travel","Business",2237,3,3,2,3,2,3,5,5,5,5,5,5,5,3,0,3,120109,FALSE,2.2425357329971,3,1.38629436111989,0
"satisfied","Loyal Customer",47,"Business travel","Business",1940,3,3,3,3,5,5,4,5,5,5,5,3,5,5,3,5,120191,FALSE,1.30598837259961,2,1.09861228866811,1.38629436111989
"satisfied","Loyal Customer",49,"Business travel","Business",1423,4,4,4,4,5,4,4,5,5,5,5,4,5,4,2,0,120546,FALSE,-2.71516250726789,-2,-1.09861228866811,1.09861228866811
"satisfied","Loyal Customer",55,"Business travel","Business",1320,2,2,2,2,4,4,5,5,5,5,5,5,5,4,0,0,120630,FALSE,-0.757464267002904,0,0,0
"satisfied","Loyal Customer",60,"Business travel","Business",3962,1,1,1,1,2,4,4,5,5,5,5,5,5,5,1,0,120638,FALSE,-1.7363133871354,-1,-0.693147180559945,0.693147180559945
"satisfied","Loyal Customer",55,"Business travel","Business",2419,4,3,4,4,2,5,5,5,5,5,5,4,5,4,0,0,120738,FALSE,-0.757464267002904,0,0,0
"satisfied","Loyal Customer",55,"Business travel","Business",2398,1,1,1,1,3,4,5,5,5,5,5,4,5,3,0,0,120761,FALSE,-0.757464267002904,0,0,0
"satisfied","Loyal Customer",42,"Business travel","Business",1613,4,4,4,4,3,5,5,5,5,5,5,4,5,4,4,0,120782,FALSE,-4.67286074753289,-4,-1.6094379124341,1.6094379124341
"satisfied","Loyal Customer",30,"Business travel","Business",5064,3,3,3,3,5,5,5,5,3,4,4,5,5,5,0,0,120810,FALSE,-0.757464267002904,0,0,0
"satisfied","Loyal Customer",16,"Business travel","Business",3302,4,4,4,4,5,5,5,5,4,4,4,5,4,5,4,9,120844,FALSE,4.32713925246711,5,1.79175946922805,1.6094379124341
"satisfied","Loyal Customer",47,"Business travel","Business",3661,4,4,3,4,4,5,5,5,5,5,5,5,5,4,0,0,121144,FALSE,-0.757464267002904,0,0,0
"satisfied","Loyal Customer",29,"Business travel","Business",2364,4,4,2,4,5,5,5,5,3,2,5,4,4,5,0,0,121209,FALSE,-0.757464267002904,0,0,0
"satisfied","Loyal Customer",54,"Business travel","Business",967,5,5,5,5,5,5,5,5,5,5,5,5,5,3,0,0,121295,FALSE,-0.757464267002904,0,0,0
"satisfied","Loyal Customer",23,"Business travel","Business",3977,5,5,5,5,5,5,5,5,1,2,4,3,1,5,0,14,121502,FALSE,13.2425357329971,14,2.70805020110221,0
"satisfied","Loyal Customer",56,"Business travel","Business",3352,5,5,5,5,3,4,4,5,5,5,5,4,5,4,45,54,121683,FALSE,9.19432532703478,9,2.30258509299405,3.8286413964891
"satisfied","Loyal Customer",43,"Business travel","Business",842,4,4,4,4,5,4,4,5,5,5,5,3,5,5,0,0,121709,FALSE,-0.757464267002904,0,0,0
"satisfied","Loyal Customer",22,"Business travel","Business",2318,5,5,5,5,5,5,5,5,1,5,1,2,5,5,0,0,121713,FALSE,-0.757464267002904,0,0,0
"satisfied","Loyal Customer",44,"Business travel","Business",3722,3,3,2,3,3,5,4,5,5,5,5,4,5,5,0,0,121973,FALSE,-0.757464267002904,0,0,0
"satisfied","Loyal Customer",57,"Business travel","Business",643,4,4,4,4,2,5,5,5,5,5,5,5,5,4,59,43,122209,FALSE,-15.5095623548202,-16,-2.83321334405622,4.0943445622221
"satisfied","Loyal Customer",54,"Business travel","Business",2950,1,1,2,1,5,4,4,5,5,5,5,3,5,5,2,7,122263,FALSE,4.28483749273211,5,1.79175946922805,1.09861228866811
"satisfied","Loyal Customer",47,"Business travel","Business",3752,4,4,4,4,2,2,1,5,5,5,5,2,5,2,0,0,122430,FALSE,-0.757464267002904,0,0,0
"satisfied","Loyal Customer",42,"Business travel","Eco",2234,5,1,1,1,5,5,5,5,5,5,4,1,4,5,0,0,122527,FALSE,-0.757464267002904,0,0,0
"satisfied","Loyal Customer",45,"Business travel","Business",3877,3,3,3,3,2,4,4,5,5,5,5,5,5,5,0,0,122605,FALSE,-0.757464267002904,0,0,0
"satisfied","Loyal Customer",42,"Business travel","Eco",1170,5,2,1,2,1,4,2,5,5,5,5,4,5,5,58,46,122644,FALSE,-11.5307132346877,-12,-2.56494935746154,4.07753744390572
"satisfied","Loyal Customer",41,"Business travel","Eco",1781,5,3,3,3,5,5,5,5,5,3,5,5,2,5,0,0,122653,FALSE,-0.757464267002904,0,0,0
"satisfied","Loyal Customer",61,"Business travel","Business",2260,3,3,2,3,5,4,5,5,5,5,5,5,5,3,0,0,122707,FALSE,-0.757464267002904,0,0,0
"satisfied","Loyal Customer",43,"Business travel","Business",357,2,2,2,2,4,4,4,5,5,5,5,4,5,5,0,0,123438,FALSE,-0.757464267002904,0,0,0
"satisfied","Loyal Customer",58,"Business travel","Business",3924,3,3,3,3,5,5,5,4,2,4,5,5,5,5,149,142,123443,FALSE,-4.6059831667448,-7,-2.07944154167984,5.01063529409626
"satisfied","Loyal Customer",48,"Business travel","Business",3705,5,5,5,5,2,5,4,5,5,5,5,5,5,3,0,0,123695,FALSE,-0.757464267002904,0,0,0
"satisfied","Loyal Customer",19,"Business travel","Business",5142,5,5,5,5,5,5,5,5,1,5,5,1,4,5,0,0,123719,FALSE,-0.757464267002904,0,0,0
"satisfied","Loyal Customer",28,"Business travel","Eco",2394,5,2,4,2,5,5,5,5,2,5,3,1,1,5,5,2,123919,FALSE,-3.65170986766538,-3,-1.38629436111989,1.79175946922805
"satisfied","Loyal Customer",56,"Business travel","Business",3811,5,5,5,5,3,4,4,5,5,5,5,4,5,5,10,5,123927,FALSE,-5.54595546832786,-5,-1.79175946922805,2.39789527279837
"satisfied","Loyal Customer",57,"Business travel","Business",3472,5,5,4,5,5,4,4,5,5,5,5,4,5,3,0,0,124145,FALSE,-0.757464267002904,0,0,0
"satisfied","Loyal Customer",63,"Business travel","Eco",1587,5,5,5,5,5,5,5,5,2,4,5,4,2,5,97,88,124339,FALSE,-7.70582891985501,-9,-2.30258509299405,4.58496747867057
"satisfied","Loyal Customer",49,"Business travel","Business",1773,2,2,2,2,4,5,4,5,5,5,5,4,5,3,0,0,124535,FALSE,-0.757464267002904,0,0,0
"satisfied","Loyal Customer",57,"Business travel","Eco",1343,5,1,1,1,5,5,5,5,1,3,5,4,2,5,31,13,124640,FALSE,-18.1017869911103,-18,-2.94443897916644,3.46573590279973
"satisfied","Loyal Customer",40,"Business travel","Business",2446,4,3,4,4,2,4,5,5,5,5,5,3,5,3,0,0,124784,FALSE,-0.757464267002904,0,0,0
"satisfied","Loyal Customer",55,"Business travel","Eco Plus",949,5,3,5,5,2,5,5,5,5,5,5,1,5,2,105,104,124816,FALSE,0.463378119085029,-1,-0.693147180559945,4.66343909411207
"satisfied","Loyal Customer",29,"Business travel","Business",5607,2,2,2,2,5,5,5,4,4,5,4,5,5,5,235,228,124843,FALSE,-2.78700749813944,-7,-2.07944154167984,5.46383180502561
"satisfied","Loyal Customer",40,"Business travel","Business",2057,1,1,4,1,4,5,5,5,5,5,5,5,5,5,6,3,124847,FALSE,-3.63055898779788,-3,-1.38629436111989,1.94591014905531
"satisfied","Loyal Customer",42,"Business travel","Business",2364,5,5,5,5,3,5,4,5,5,5,5,5,5,3,0,0,124932,FALSE,-0.757464267002904,0,0,0
"satisfied","Loyal Customer",48,"Business travel","Business",2725,1,1,1,1,3,5,4,5,5,5,5,4,5,3,0,0,125036,FALSE,-0.757464267002904,0,0,0
"satisfied","Loyal Customer",50,"Business travel","Business",3146,1,1,4,1,3,5,4,5,5,5,5,3,5,5,7,1,125338,FALSE,-6.60940810793038,-6,-1.94591014905531,2.07944154167984
"satisfied","Loyal Customer",19,"Business travel","Business",3202,1,1,1,1,5,5,5,5,4,5,5,4,1,5,0,0,125409,FALSE,-0.757464267002904,0,0,0
"satisfied","Loyal Customer",48,"Business travel","Eco",600,5,5,5,5,4,1,3,5,5,5,5,1,5,1,0,0,125456,FALSE,-0.757464267002904,0,0,0
"satisfied","Loyal Customer",47,"Business travel","Business",3883,5,5,5,5,5,5,5,2,3,3,4,5,2,5,352,350,125471,FALSE,4.6876454463585,-2,-1.09861228866811,5.8664680569333
"satisfied","Loyal Customer",30,"Business travel","Business",5054,3,3,2,3,5,5,5,5,5,4,3,2,4,5,0,0,125487,FALSE,-0.757464267002904,0,0,0
"satisfied","Loyal Customer",29,"Business travel","Business",3764,3,3,5,3,5,5,5,5,5,2,5,4,5,5,33,31,125657,FALSE,-2.05948523137527,-2,-1.09861228866811,3.52636052461616
"satisfied","Loyal Customer",39,"Business travel","Business",711,1,1,1,1,3,5,4,5,5,5,5,5,5,5,0,0,125701,FALSE,-0.757464267002904,0,0,0
"satisfied","Loyal Customer",21,"Business travel","Business",4040,2,2,2,2,5,5,5,5,5,1,4,4,1,5,0,0,126047,FALSE,-0.757464267002904,0,0,0
"satisfied","Loyal Customer",50,"Business travel","Business",561,3,3,3,3,5,5,5,5,5,5,5,5,5,5,0,0,126148,FALSE,-0.757464267002904,0,0,0
"satisfied","Loyal Customer",43,"Business travel","Business",2593,4,4,4,4,5,5,4,5,5,5,5,5,5,3,0,0,126178,FALSE,-0.757464267002904,0,0,0
"satisfied","Loyal Customer",41,"Business travel","Eco",2868,5,4,4,4,5,5,5,5,5,1,5,2,4,5,5,0,126187,FALSE,-5.65170986766538,-5,-1.79175946922805,1.79175946922805
"satisfied","Loyal Customer",23,"Business travel","Business",5102,3,3,3,3,5,5,5,5,3,4,5,5,5,5,0,0,126211,FALSE,-0.757464267002904,0,0,0
"satisfied","Loyal Customer",52,"Business travel","Business",1920,2,2,3,2,3,5,4,5,5,5,5,4,5,4,0,0,126221,FALSE,-0.757464267002904,0,0,0
"satisfied","Loyal Customer",56,"Business travel","Business",2157,3,3,5,3,2,4,5,5,5,5,5,3,5,4,21,55,126278,FALSE,33.6867042102147,34,3.55534806148941,3.09104245335832
"satisfied","Loyal Customer",46,"Business travel","Business",3949,2,2,2,2,4,4,4,5,5,5,5,3,5,4,50,41,126383,FALSE,-8.6999202736277,-9,-2.30258509299405,3.93182563272433
"satisfied","Loyal Customer",53,"Business travel","Business",2434,2,2,5,2,2,5,5,5,5,5,5,5,5,3,0,0,126423,FALSE,-0.757464267002904,0,0,0
"satisfied","Loyal Customer",46,"Business travel","Business",450,1,1,1,1,3,5,4,5,5,5,5,3,5,5,0,0,126565,FALSE,-0.757464267002904,0,0,0
"satisfied","Loyal Customer",29,"Business travel","Business",4713,2,2,2,2,5,5,5,5,3,3,4,4,5,5,0,0,126596,FALSE,-0.757464267002904,0,0,0
"satisfied","Loyal Customer",66,"Business travel","Business",2915,2,2,2,2,5,5,4,5,5,5,5,4,5,3,0,0,126883,FALSE,-0.757464267002904,0,0,0
"satisfied","Loyal Customer",42,"Business travel","Business",371,1,1,1,1,2,4,5,5,5,5,5,5,5,5,0,0,126895,FALSE,-0.757464267002904,0,0,0
"satisfied","Loyal Customer",33,"Business travel","Eco",1711,5,1,1,1,5,5,5,5,1,4,5,5,2,5,0,0,126958,FALSE,-0.757464267002904,0,0,0
"satisfied","Loyal Customer",33,"Business travel","Eco",1640,5,3,3,3,5,5,5,5,1,2,5,3,4,5,0,0,126962,FALSE,-0.757464267002904,0,0,0
"satisfied","Loyal Customer",44,"Business travel","Business",317,5,5,5,5,3,5,5,5,5,5,5,5,5,3,49,55,127068,FALSE,6.2789288465048,6,1.94591014905531,3.91202300542815
"satisfied","Loyal Customer",41,"Business travel","Business",287,4,4,4,4,4,5,5,5,5,5,5,4,5,3,0,0,127195,FALSE,-0.757464267002904,0,0,0
"satisfied","Loyal Customer",48,"Business travel","Business",234,2,1,2,2,2,4,4,5,5,5,5,5,5,3,0,0,127308,FALSE,-0.757464267002904,0,0,0
"satisfied","Loyal Customer",25,"Business travel","Eco Plus",2028,5,3,3,3,5,5,5,5,3,4,5,3,5,5,2,0,127375,FALSE,-2.71516250726789,-2,-1.09861228866811,1.09861228866811
"satisfied","Loyal Customer",56,"Business travel","Business",241,5,5,5,5,2,5,5,5,5,5,5,3,5,5,0,0,127408,FALSE,-0.757464267002904,0,0,0
"satisfied","Loyal Customer",74,"Business travel","Eco",575,5,5,5,5,1,1,4,5,5,5,5,3,5,1,0,0,127558,FALSE,-0.757464267002904,0,0,0
"satisfied","Loyal Customer",28,"Business travel","Business",3382,4,4,4,4,5,5,5,5,2,5,5,4,3,5,0,0,127613,FALSE,-0.757464267002904,0,0,0
"satisfied","Loyal Customer",46,"Business travel","Business",2153,2,2,2,2,5,5,5,4,3,5,5,5,3,5,2,0,127637,FALSE,-2.71516250726789,-2,-1.09861228866811,1.09861228866811
"satisfied","Loyal Customer",46,"Business travel","Business",1964,1,1,1,1,2,5,4,5,5,5,5,3,5,5,0,0,127660,FALSE,-0.757464267002904,0,0,0
"satisfied","Loyal Customer",52,"Business travel","Business",1736,3,3,1,3,5,4,5,5,5,5,5,3,5,3,0,0,127832,FALSE,-0.757464267002904,0,0,0
"satisfied","Loyal Customer",49,"Business travel","Eco",423,5,3,3,3,2,5,5,5,5,5,5,5,5,4,0,0,128102,FALSE,-0.757464267002904,0,0,0
"satisfied","Loyal Customer",52,"Business travel","Business",1917,3,3,3,3,4,4,4,5,5,5,5,4,5,5,0,0,128128,FALSE,-0.757464267002904,0,0,0
"satisfied","Loyal Customer",50,"Business travel","Business",2548,4,4,4,4,2,1,4,5,5,5,5,2,5,1,7,6,128129,FALSE,-1.60940810793038,-1,-0.693147180559945,2.07944154167984
"satisfied","Loyal Customer",50,"Business travel","Business",2009,5,5,5,5,3,4,4,5,5,5,5,4,5,3,0,0,128147,FALSE,-0.757464267002904,0,0,0
"satisfied","Loyal Customer",55,"Business travel","Business",1837,3,3,3,3,3,5,5,5,5,5,5,3,5,5,0,0,128183,FALSE,-0.757464267002904,0,0,0
"satisfied","Loyal Customer",45,"Business travel","Eco",1451,5,2,2,2,3,1,2,5,5,5,5,3,5,4,12,4,128319,FALSE,-8.50365370859285,-8,-2.19722457733622,2.56494935746154
"satisfied","Loyal Customer",33,"Business travel","Business",4484,2,1,2,2,5,5,5,5,4,4,5,2,5,5,45,25,128370,FALSE,-19.8056746729652,-20,-3.04452243772342,3.8286413964891
"satisfied","Loyal Customer",45,"Business travel","Business",2892,5,5,5,5,3,4,4,5,5,5,5,3,5,4,0,0,128438,FALSE,-0.757464267002904,0,0,0
"satisfied","Loyal Customer",42,"Business travel","Business",2447,3,4,3,3,5,5,5,5,5,5,5,3,5,3,8,0,128572,FALSE,-8.58825722806287,-8,-2.19722457733622,2.19722457733622
"satisfied","Loyal Customer",58,"Business travel","Business",2315,5,3,5,5,4,4,2,5,5,5,5,3,5,4,49,54,128746,FALSE,5.2789288465048,5,1.79175946922805,3.91202300542815
"satisfied","Loyal Customer",40,"Business travel","Business",457,5,5,5,5,3,4,5,5,5,5,5,3,5,4,0,0,128776,FALSE,-0.757464267002904,0,0,0
"satisfied","Loyal Customer",37,"Business travel","Eco",1610,5,1,1,1,5,5,5,5,3,3,1,1,2,5,0,0,128833,FALSE,-0.757464267002904,0,0,0
"satisfied","Loyal Customer",53,"Business travel","Business",1518,2,2,2,2,4,5,5,5,5,5,5,5,5,5,0,0,128874,FALSE,-0.757464267002904,0,0,0
"satisfied","Loyal Customer",35,"Business travel","Business",3599,2,2,2,2,2,4,4,5,5,5,5,4,5,5,70,57,128898,FALSE,-12.2769026762776,-13,-2.63905732961526,4.26267987704132
"satisfied","Loyal Customer",51,"Business travel","Business",3492,3,3,3,3,2,4,4,5,5,5,5,4,5,4,0,0,129034,FALSE,-0.757464267002904,0,0,0
"satisfied","Loyal Customer",31,"Business travel","Eco",3200,5,2,2,2,5,5,5,5,2,4,3,1,3,5,0,0,129078,FALSE,-0.757464267002904,0,0,0
"satisfied","Loyal Customer",46,"Business travel","Business",108,1,1,1,1,5,5,5,5,1,3,1,5,2,2,0,0,129281,FALSE,-0.757464267002904,0,0,0
"dissatisfied","disloyal Customer",62,"Personal Travel","Eco",1907,2,3,2,4,3,2,1,3,2,3,4,1,4,3,0,0,129303,FALSE,-0.757464267002904,0,0,0
"dissatisfied","disloyal Customer",12,"Personal Travel","Eco Plus",1481,2,3,2,4,4,2,4,4,4,1,1,1,5,4,24,9,129305,FALSE,-15.2498431501828,-15,-2.77258872223978,3.2188758248682
"dissatisfied","disloyal Customer",65,"Personal Travel","Eco",1925,3,4,3,4,4,3,4,4,5,2,4,3,5,4,46,33,129345,FALSE,-12.7845237930977,-13,-2.63905732961526,3.85014760171006
"satisfied","disloyal Customer",56,"Personal Travel","Eco",1097,0,2,0,4,3,0,3,3,1,5,3,3,4,3,0,0,129369,TRUE,-0.757464267002904,0,0,0
"dissatisfied","disloyal Customer",14,"Personal Travel","Business",1966,3,5,3,4,1,3,1,1,5,5,4,4,4,1,0,0,129462,FALSE,-0.757464267002904,0,0,0
